id,ien,prenom,nom,sexe,datnais,lieunais,classe_id
ff1fe98ba26844ffaab171483b9e5e86,T_8CH6E,JEAN LAMINE,BANGOURA,H,02/10/08,TAMBACOUNDA,89bcf47f-c492-4d35-976d-7a5035097b7a
1f1288a2a9f04e7680a12e28619456f4,6GQBAAXX,MOUSSOUBA,BADJI,F,01/01/07,BIGNONA,ba5f3949-1ae7-438a-accd-ba6081488e49
1a18b3f1cb76452fb36c389b3aab586e,8WJ4U9UM,MOHAMED MOUSTAPHA,DIALLO,H,10/09/11,KAOLACK,39d4c182-823c-4af2-af40-6b4606efeece
50e916f295ea4e66814794df763cb30d,T_U76UG,ADAMA,SECK,F,04/10/10,TENGHORI,18f98f31-a476-4844-8c98-fd5458b9713f
d6fba1a7a2ec4c28bc5ab733033735a6,T_RRR8N,MAMAN GNIMA,KANDE,F,04/09/12,BESSIRE,e70b56e4-3115-4898-8e8d-236c0c5e5f86
2b8ae53ce0844388a531ff5265ab4623,3WXXG88X,ABDOU,GOUDIABY,H,15/01/09,BIGNONA,89bcf47f-c492-4d35-976d-7a5035097b7a
2420ab5b3ff6450eb98306e65602243f,T_HW6A3,CHRISTOPH,BADJI,H,15/06/12,PIRAN,174c812e-2a3f-46ef-94d2-3c56c0cfa1e8
60c9af82707f4041839763d6d690fa99,T_CN2T2,ABDOULAYE SADIO,SANE,H,10/06/07,BIGNONA,3778ae72-a8dc-4f7e-912e-50c1b49d0c97
43c1bfad00734d29a5cb7fa071f298a8,T_2UCKC,MOHAMED,TOURE,H,02/02/09,BIGNONA,2ca38955-1375-4f48-9d0f-5776d5f35aaa
87333ddbbe104fb9a4135741f3be4cb2,6VP3PFRW,MOUSSA BALLA,SONKO,H,10/02/08,BIGNONA,3778ae72-a8dc-4f7e-912e-50c1b49d0c97
958e63d929374bf6b32c2208f327eab9,T_EENJD,IBRAHIMA,SANE,H,01/01/06,BIGNONA,174c812e-2a3f-46ef-94d2-3c56c0cfa1e8
0ce38a851fd24445bc6b15db7dee76d4,7MUGFHF8,FATOU BINTOU,DIEDHIOU,F,21/08/10,BADIANA,18f98f31-a476-4844-8c98-fd5458b9713f
6f9bcc7ca3bf467eb02d335f0619bd1c,T_DFBFD,INSA,MANGA,H,24/01/07,BIGNONA,18f98f31-a476-4844-8c98-fd5458b9713f
abf04b08b62044b0b219f0675cc833fc,T_VHFB7,FALILOU,BA,H,23/09/12,BIGNONA,18f98f31-a476-4844-8c98-fd5458b9713f
4f2e15e23cfc4e3f9ab4aef0c30db367,T_JT4MN,BINTA,BADJI,F,10/09/10,SINEDONE,2ca38955-1375-4f48-9d0f-5776d5f35aaa
8d67a50b516d4debbaae73d5ed69628c,T_8JVMA,OUSMANE,DIATTA,H,27/08/08,BIGNONA,89bcf47f-c492-4d35-976d-7a5035097b7a
4a7d7da7709c4d9c827c2e37bbd09c0a,T_6CGE2,AMADY,BADJI,H,08/08/06,TABI,18f98f31-a476-4844-8c98-fd5458b9713f
968d317c8dab45f7b62a42ebcf29d1d6,T_DWC4W,THERESE THIOUDA,SAGNA,F,12/01/08,BIGNONA,39d4c182-823c-4af2-af40-6b4606efeece
59bc6b1d9a8b4877b729724882d37091,T_MM6ERM,SALIMATA,GUISSE,F,03/01/12,BIGNONA,ba5f3949-1ae7-438a-accd-ba6081488e49
7a08c4b7a6374be99a11d90ed407906c,7NHBDFJU,ADJIA MABINTOU,SYLLA,F,22/09/11,BIGNONA,174c812e-2a3f-46ef-94d2-3c56c0cfa1e8
d664d6303dfe4d44a0c6057b742f0918,T_9FM9N,SEKOU JUNIOR,SONKO,H,01/03/11,BIGNONA,3778ae72-a8dc-4f7e-912e-50c1b49d0c97
3c68d7f8953847d89481083b948d183b,T_EU4HU,BOUNAMA SYLLA,SAGNA,H,29/08/07,BIGNONA,89bcf47f-c492-4d35-976d-7a5035097b7a
ed61535df02f48edbcda8fb1af8b6755,T_M4PTK,PASCAL SYLVA BALANKOUI,SAGNA,H,16/04/06,BIGNONA,2ca38955-1375-4f48-9d0f-5776d5f35aaa
b6a11adefb79432594af80f39d5c0faa,T_AH6WC,KHADIDIATOU,BADJI,F,04/03/09,BIGNONA,e70b56e4-3115-4898-8e8d-236c0c5e5f86
92415cff45b34bc2a91f6beec47b1f9f,T_TVAVD,FATOU,CISSE,F,18/03/06,BIGNONA,c12b5b2d-8b8b-4274-9fbd-8d38d7bca536
88b577c3d13243fdb1e17c16c63d8d9f,3CHY8XFB,MAIMOUNA COULIBALY,TRAORE,F,10/02/09,BIGNONA,3778ae72-a8dc-4f7e-912e-50c1b49d0c97
2c58db7e33b646a5b4066591b2d9642c,3CPNXDGY,MOUSTAPHA,BADJI,H,05/06/09,BIGNONA,18f98f31-a476-4844-8c98-fd5458b9713f
e50ec2edc2ad4775aadbed2f6ef4cdca,T_N8PNWM,MARIAMA,SANE,F,31/12/05,BADIOURE,c12b5b2d-8b8b-4274-9fbd-8d38d7bca536
8b8ff8ba0ba44e9d96babf3525dc2133,T_EM6HM,MANSATA,DIEME,F,06/02/07,BIGNONA,c12b5b2d-8b8b-4274-9fbd-8d38d7bca536
816a5c410ce044159c3ebbf1969a6d2c,T_WPNKT,ISAK RIGOBERD,MANGA,H,28/01/07,BIGNONA,ba5f3949-1ae7-438a-accd-ba6081488e49
71a4dc7ba5624c5fb155981c62ab3832,T_EDE64,MAMADOU,DJIGHALY,H,10/01/07,BOUMOUDA,ba5f3949-1ae7-438a-accd-ba6081488e49
51cf8ec7961741f289a68c97b0d8fac8,6AX6AAH7,YANCOUBA BALDE,SONKO,H,30/01/10,BIGNONA,39d4c182-823c-4af2-af40-6b4606efeece
207736d4933a4c95b58a07cbac303744,T_NUDWJ,NOUHA,SANE,H,06/04/06,BIGNONA,ba5f3949-1ae7-438a-accd-ba6081488e49
68c5d60af7474e56bea52f600e817974,9CA3WJN3,YANCOUBA,DIALLO,H,01/01/12,MLOMP,2ca38955-1375-4f48-9d0f-5776d5f35aaa
bc1c539eb8984af68fd8fd1d34fbf046,6YNDYVN7,MOUHAMED LAMINE,TRAORE,H,18/01/11,BIGNONA,ba5f3949-1ae7-438a-accd-ba6081488e49
83c952032db941d791a5bc8d8e8b1f69,T_K9M37,FATOUMATA BINTA,DIALLO,F,25/10/11,MARSASSOUM,ba5f3949-1ae7-438a-accd-ba6081488e49
c6162f360784433aa7e49a24fd0e7020,T_T4F2J,MOUSSA,SANE,H,01/01/05,BIGNONA,18f98f31-a476-4844-8c98-fd5458b9713f
fe5d85aed2fb40399eb24a9048d3db5d,T_D7N88,YOUNOUSS,SONKO,H,27/12/03,BARANLIR,18f98f31-a476-4844-8c98-fd5458b9713f
8211b10906a447cebfc9b4e4128c59f9,9FDMQBAM,AMI,GOUDIABY,F,15/05/09,PIRAN,39d4c182-823c-4af2-af40-6b4606efeece
9fca7ef13fd14316a4fde31782138e38,T_BR4G7,ADAMA,CISSE,F,10/01/06,BIGNONA,2ca38955-1375-4f48-9d0f-5776d5f35aaa
853c88c4c8b745abbfe9cc59f37f40b8,T_PDBKV,IZATOU,DIALLO,F,19/10/04,Bignona,c12b5b2d-8b8b-4274-9fbd-8d38d7bca536
9559fe1298eb4a13b141322073ce2b99,8FW8EBUN,HABIB,DIOP,H,29/03/10,BI,18f98f31-a476-4844-8c98-fd5458b9713f
3b9deb8d1ed3456ca922339fd887e95a,3AAB3EJN,YOUSSOUPHA,SANE,H,05/05/10,BIGNONA,39d4c182-823c-4af2-af40-6b4606efeece
e9c24d4157224072a1f6791b560a01c6,T_D34P2,SEYNABOU,SANE,F,24/04/03,BIGNONA,174c812e-2a3f-46ef-94d2-3c56c0cfa1e8
db8caec913ab435a9f8051f7c8cdb114,T_KHCPD,PIERRE MARIE,BADIANE,H,31/07/06,BIGNONA,c12b5b2d-8b8b-4274-9fbd-8d38d7bca536
1e857e631da149c6bad5bdc739eec623,T_7P299,EL HADJI BABACAR,DIEDHIOU,H,02/03/04,Bignona,89bcf47f-c492-4d35-976d-7a5035097b7a
4e95116970044e9cba70396e1e6273d4,T_7DE9V,JEAN PHILIPE,BADJI,H,15/01/06,PIRAN,c12b5b2d-8b8b-4274-9fbd-8d38d7bca536
66739569dfc145bdbf73e078133eab7a,T_9R4UG,CECILE CHARLONE,SAGNA,F,16/06/08,BIGNONA,174c812e-2a3f-46ef-94d2-3c56c0cfa1e8
15b2a18cdbd140458d4a7970f6197282,T_JAW4E,BERTH CAROLE,BADJI,F,27/07/06,BIGNONA,39d4c182-823c-4af2-af40-6b4606efeece
08283e8563eb4016b4d05729b4423cad,T_H867A,MOUSTAPHA,BADJI,H,05/06/09,BIGNONA,3778ae72-a8dc-4f7e-912e-50c1b49d0c97
8fcf995cd5194226a37db7db7ae3b82d,T_9G29J,DAME,LOME,H,04/09/11,KILINKO,ba5f3949-1ae7-438a-accd-ba6081488e49
5d0753f56dcc453e9d98b7c64e59dfbe,T_7227R,ABDOU,DRAME,H,20/04/04,Bignona,174c812e-2a3f-46ef-94d2-3c56c0cfa1e8
b6ea493332014d65ae4a88ca1f61e16c,T_E93PM,OUMY,CAMARA,F,25/12/06,OUDOUGCAR,e70b56e4-3115-4898-8e8d-236c0c5e5f86
7157275371064a3693e34046b35ea0b9,T_MKDK7,DIANKE,DIARRA,F,27/06/07,BIGNONA,e70b56e4-3115-4898-8e8d-236c0c5e5f86
e836bb51b7c64b3599fd578ceb2363dc,T_KW2P2,IBRAHIMA,DIEDHIOU,H,27/08/09,TENGHORI,2ca38955-1375-4f48-9d0f-5776d5f35aaa
b054b8ba9fad41c5aaa54bb866eb127d,T_R9B6J,MOUSTAPHA,SAMBOU,H,07/06/11,BIGNONA,2ca38955-1375-4f48-9d0f-5776d5f35aaa
bad125b7c6dc4d72bf4860ac188f4977,448WCMDF,AIDA,SANE,F,05/09/06,BIGNONA,39d4c182-823c-4af2-af40-6b4606efeece
d5adee9bea6a4242b44e5da525528207,8FTCG89B,BOURAMA,SANE,H,10/01/11,DIAFILON,c12b5b2d-8b8b-4274-9fbd-8d38d7bca536
e0630da23d6e4182b1e641800e8035aa,3GQTF78M,ISSA,BASSE,H,12/10/10,BIGNONA,2ca38955-1375-4f48-9d0f-5776d5f35aaa
1f7e47bca4e34af584f9860c42f87a34,T_V8E9D,DIENEBA,SONKO,F,18/01/04,SIMBANDI BOURASSOU,39d4c182-823c-4af2-af40-6b4606efeece
cd53346c9e334697b9b4ffea39fab336,T_D4EGU,OMAR,COLY,H,05/03/11,BANDJIKAKY,c12b5b2d-8b8b-4274-9fbd-8d38d7bca536
3afd0327a7a34893ac3f13dca938223b,T_FPBFU,ISSA,BASSE,H,12/10/10,BIGNONA,e70b56e4-3115-4898-8e8d-236c0c5e5f86
4e4512c79b5b4826b0f0c5837a957425,T_9WEC3,THIERNO MAMOUDOU,DIALLO,H,28/02/06,BIGNONA,ba5f3949-1ae7-438a-accd-ba6081488e49
88c994ec63c2499daaea44d6508365a6,T_AH6WC,KHADIDIATOU,BADJI,F,04/03/09,BIGNONA,c12b5b2d-8b8b-4274-9fbd-8d38d7bca536
2abefbdbf8b946428fa3da4d6d48cea9,T_KNCN8M,ISIDOR EDMOND,SANE,H,29/01/10,BIGNONA,174c812e-2a3f-46ef-94d2-3c56c0cfa1e8
68771d847f804267a5dd26f8568da0a8,T_RWUAP,AWA,SAGNA,F,06/06/09,BIGNONA,3778ae72-a8dc-4f7e-912e-50c1b49d0c97
a002ad2669e9445792bfee3ffdbdaba1,4VC44J3U,SEYDINE ALIOU BADARA SADIA,SANE,H,21/04/11,DAKAR,89bcf47f-c492-4d35-976d-7a5035097b7a
5577af797a8945d6b50ea031fede49cb,T_RGKKT,PENDA,BALDE,F,28/03/06,KOLDA,18f98f31-a476-4844-8c98-fd5458b9713f
6c160b61a3ab476c9f3f2cc8547f2fc5,T_KW92A,SAMSIDINE,SEYDI,H,06/03/07,BIGNONA,89bcf47f-c492-4d35-976d-7a5035097b7a
5b5bb72f7ce84014a814a7a56d506423,3X93JA3Y,ASSINE GNANO MAXIME ALKALI,ASSINE,H,09/03/11,ZIGUINCHOR,c12b5b2d-8b8b-4274-9fbd-8d38d7bca536
5f87098bd00841769ade9fde8bb56408,T_3BCKE,EDGARE OLIVIER HURBAIN,COLY,H,14/01/12,BIGNONA,e3d13f36-bd71-4331-a639-466801f7abb5
8e807cd2e3814e77b65f6b6fef1fc4b4,T_TD99M,MOUHAMED IBRAHIMA,NGOM,H,14/04/07,NIORO DU RIP,e70b56e4-3115-4898-8e8d-236c0c5e5f86
404788805a2141968afc35563564c0e1,T_BR6VT,CHEIKH,MANE,H,05/01/06,BIGNONA,2ca38955-1375-4f48-9d0f-5776d5f35aaa
755ab3066f514e13bfda47b0d227353d,6WWEDH9M,KHADIDIATOU,SYLLA,F,10/12/08,BIGNONA,e70b56e4-3115-4898-8e8d-236c0c5e5f86
a1655f6dc98f48048201c6f0dc2a8b80,3NJTQ3XJ,MOUHAMADOU,SOW,H,04/08/11,KEUR MASSAR,c12b5b2d-8b8b-4274-9fbd-8d38d7bca536
715eb4bef87c4275885956f015058193,7FVHYVJK,ALIOU,DIATTA,H,01/11/09,BOULINDIEN,89bcf47f-c492-4d35-976d-7a5035097b7a
fb21361686d44bcc81460ea980da4c69,T_DND2VM,IBRAHIMA,DIALLO,H,18/10/11,BIGNONA,ba5f3949-1ae7-438a-accd-ba6081488e49
efc9b34d07b94574b1240a2c3a52c3fd,T_EFHFJ,MAMADOU LAMINE,KEITA,H,19/01/09,BIGNONA,174c812e-2a3f-46ef-94d2-3c56c0cfa1e8
258fe0cd3d984acbbe9db70c552f06a2,T_3BCKE,EDGARE OLIVIER HURBAIN,COLY,H,14/01/12,BIGNONA,89bcf47f-c492-4d35-976d-7a5035097b7a
da4fe683b7d0475082d0d70fa18ded64,T_JEH28,OUSSEYNOU,BA,H,29/10/04,BIGNONA,c12b5b2d-8b8b-4274-9fbd-8d38d7bca536
2cca8a5d4aa74ee1af17e82c4ccbd264,T_UTRG7,DIARIETOU,KANTE,F,15/02/07,BIGNONA,39d4c182-823c-4af2-af40-6b4606efeece
2f83c4c8e51e45efa6b29448ced10d7c,T_C7HK6,IBRAHIMA,DOUCOURE,H,17/04/06,BIGNONA,c12b5b2d-8b8b-4274-9fbd-8d38d7bca536
ea801a99d08144aba327acf36c4527bd,T_87VCUM,IBRAHIMA,CISSOKHO,H,05/07/12,BIGNONA,174c812e-2a3f-46ef-94d2-3c56c0cfa1e8
602a732b472048699cf1e7954102617e,T_EB884,IDRISSA,NDIAYE,H,07/02/03,Bignona,89bcf47f-c492-4d35-976d-7a5035097b7a
508c62a12c9f4f2db901d4d7c8eb1a24,6JWG6FPH,PAPE LHADJI BACARY,DIEME,H,09/09/11,BIGNONA,89bcf47f-c492-4d35-976d-7a5035097b7a
a74c9166be5f454eabecf6ed88233d74,T_C9GWK,MAMADOU LAMINE,KONTE,H,15/06/07,BIGNONA,3778ae72-a8dc-4f7e-912e-50c1b49d0c97
b265be1fea9045e2a63e7a21c1dd2c13,T_7PG6BM,ELHADJI BABOU,NDIAYE,H,06/08/13,BIGNONA,e70b56e4-3115-4898-8e8d-236c0c5e5f86
65b34cc5b4e34fcbad140c0520706106,T_KKDT8,MAMADOU,MANGA,H,10/08/09,TENGHORI,174c812e-2a3f-46ef-94d2-3c56c0cfa1e8
31863bcb81954ceb9cfd366bc81daadd,T_M64VM,DIEYNABA,BADIANE,H,22/11/04,BIGNONA,e70b56e4-3115-4898-8e8d-236c0c5e5f86
66dd964feee046a39898e32fe8d6e6d0,T_KWF8U,MOUHAMADOU ALIOU,DIALLO,H,21/09/08,BIGNONA,ba5f3949-1ae7-438a-accd-ba6081488e49
0727f1243fde4709800448d5411f5099,T_C6EU6,VIEUX MALANG,SANE,H,09/08/08,NIAGUE,c12b5b2d-8b8b-4274-9fbd-8d38d7bca536
6d758b3223b342c6b5d96b2144944b17,6UTGMWVD,FATOU BINETOU,BADIANE,F,27/07/08,DIOURBEL,3778ae72-a8dc-4f7e-912e-50c1b49d0c97
667e6d46478442b5b0ca6ae0106e167b,T_6BFBJ,ALASSANE,DIALLO,H,07/02/07,BIGNONA,174c812e-2a3f-46ef-94d2-3c56c0cfa1e8
1287552165ab4a3ca84fe4fe9a7cf0e3,T_BJPD4,SERIGNE FALLOU KASSE,SANE,H,10/02/08,BIGNONA,c12b5b2d-8b8b-4274-9fbd-8d38d7bca536
38f8097a768b40c4b9444f06c74cd86a,6HJYMJN7,BABA,DIOUF,H,11/02/08,BIGNONA,2ca38955-1375-4f48-9d0f-5776d5f35aaa
6584617a75cc4e5a91052f96817aea80,T_29AGP,AWA,DABO,F,01/12/04,DIAGNONDING,2ca38955-1375-4f48-9d0f-5776d5f35aaa
b5111d8aa9074587a56977e60d2d3b47,T_MMUKJ,OUMOU KALSOUM,SAGNA,F,04/03/07,BIGNONA,174c812e-2a3f-46ef-94d2-3c56c0cfa1e8
9bb2f8d43576418c95a44a8371dda480,6YDYPPPV,MAMADOU MALA,BA,H,06/01/11,BIGNONA,ba5f3949-1ae7-438a-accd-ba6081488e49
ee9d0a637d1e4e948497a5de2454dd47,T_9F6BB,SOULEYMANE,SANE,H,20/10/11,TENDIMANE,174c812e-2a3f-46ef-94d2-3c56c0cfa1e8
cccb3dfea3014bdbbf415a4d6e21df52,7YVG99KW,NDEYE AMI,DRAME,F,24/12/11,BOUNE,18f98f31-a476-4844-8c98-fd5458b9713f
aef62f6cc8684ebb8fa379015aaf7a43,T_RFD92M,MAMOUDOU,DIALLO,H,17/08/10,BIGNONA,18f98f31-a476-4844-8c98-fd5458b9713f
75206aeae600488d8751478dc0b80828,T_CBBCB,ABBA,DIATTA,H,05/11/04,Bignona,18f98f31-a476-4844-8c98-fd5458b9713f
0327fbfd04894c2696222ebc68c23319,T_HAVH2,ARABIATOU,TAMBA,F,14/01/07,KEUR MASSAR,89bcf47f-c492-4d35-976d-7a5035097b7a
dd5690e213d64244a554abf3b2673f88,T_P7HH4,MOUHAMADOU SADIO,CAMARA,H,21/01/04,Bignona,174c812e-2a3f-46ef-94d2-3c56c0cfa1e8
cf91e4531de84cb783d61314b7684808,6YNDYVN7,MOUHAMED LAMINE,TRAORE,H,18/01/11,BIGNONA,3778ae72-a8dc-4f7e-912e-50c1b49d0c97
11f0caaf68044c3fade4935298b5b1a7,9VRYP6TM,MAMADOU LAMINE,SAGNA,H,22/08/09,BIGNONA,2ca38955-1375-4f48-9d0f-5776d5f35aaa
1d5d27b1bcb94b6f994a954b8c02727e,6J9CXCPY,SAMBA,BADJI,H,04/04/11,TENGHORI,2ca38955-1375-4f48-9d0f-5776d5f35aaa
c3d6a817619344f0abdcd3b3e11313ab,3CHY8XFB,MAIMOUNA COULIBALY,TRAORE,F,10/02/09,BIGNONA,e70b56e4-3115-4898-8e8d-236c0c5e5f86
0d1e7d4f8aa74dfaa30740fe22e61b6c,T_RN479,FATOU BALBINA,TOUNKARA,F,12/12/08,BIGNONA,c12b5b2d-8b8b-4274-9fbd-8d38d7bca536
75b05e7a1e5a4bb697d4a5e22e1939d9,T_D3F44M,SYLVAIN JEAN JACQUES,BADIANE,H,15/04/13,BIGNONA,2ca38955-1375-4f48-9d0f-5776d5f35aaa
ad5f646411d0471b91562605f3cd2f24,T_NW2NRM,MOUNTAGA,DIALLO,H,19/06/10,BIGNONA,e3d13f36-bd71-4331-a639-466801f7abb5
ebec5b1bee1a405497140d881c3870a4,9HGNEM74,ABDOULAYE,SANE,H,06/07/12,TENGHORI,2ca38955-1375-4f48-9d0f-5776d5f35aaa
65742e2fb4a440019b4614312ba517e6,T_FJC42,SOULEYMANE,KEITA,H,01/02/07,BIGNONA,c12b5b2d-8b8b-4274-9fbd-8d38d7bca536
0188fe4dfb0641ab909e43815e1d01e1,T_K6FGE,AMINATA,SOW,F,09/04/08,BIGNONA,3778ae72-a8dc-4f7e-912e-50c1b49d0c97
905696755330488a85d0896e4a1ece66,T_242JN,ALIOUNE,BADJI,H,08/09/10,BIGNONA,3778ae72-a8dc-4f7e-912e-50c1b49d0c97
ca626a128c5a45478c3eb9839f09fad7,T_8W6BC,BAKARY,GOUDIABY,H,01/01/09,BOUYEME,89bcf47f-c492-4d35-976d-7a5035097b7a
18f96d9895f94de2886ccf625bd3826a,T_VN6BF,MAMADOU,CISSE,H,16/10/07,SAREMBIROU,18f98f31-a476-4844-8c98-fd5458b9713f
3063ba5f61c0404ebb0e54575a75bbff,T_G439W,MOHAMED FADEL,DIEME,H,10/01/05,BIGNONA,39d4c182-823c-4af2-af40-6b4606efeece
082982c228fe4fa5a85d32b2394b27b1,T_JJRPP,SALOUM,SANE,H,02/08/05,BIGNONA,e3d13f36-bd71-4331-a639-466801f7abb5
4148bb495e174fefbe16ddf730525087,T_UHJ69,EL HADJI MALICK,DIATTA,H,29/01/13,TENGHORI,89bcf47f-c492-4d35-976d-7a5035097b7a
9401168915de466e83824b1f39ad710b,T_HAVH2,ARABIATOU,TAMBA,F,14/01/07,KEUR MASSAR,2ca38955-1375-4f48-9d0f-5776d5f35aaa
2cffbaa0165045a4afe758dbf6381486,T_TJBW4M,BECAYE,DIAFOUNE,H,12/01/11,ABENE,174c812e-2a3f-46ef-94d2-3c56c0cfa1e8
77f80d3be3604b9f879e3d5db3bb0125,T_CKBCC,FATOUMATA NACISSE,DIEDHIOU,F,01/01/05,Bignona,2ca38955-1375-4f48-9d0f-5776d5f35aaa
3d45884b04d14899aeb7d6373bf1b4d8,T_HTAAV,TOUSSAINT LEON,MANGA,H,30/04/07,BIGNONA,e3d13f36-bd71-4331-a639-466801f7abb5
83ffc8d0a846435ea68a5f33154288ed,7EYAQUVV,MAMADOU YAYA TOUNKARA,CISSOKHO,H,05/02/11,BIGNONA,89bcf47f-c492-4d35-976d-7a5035097b7a
8b928b9941c94a8c83a8907fc56ec88d,T_KWF8U,MOUHAMADOU ALIOU,DIALLO,H,21/09/08,BIGNONA,3778ae72-a8dc-4f7e-912e-50c1b49d0c97
a61fc39f54a04cc4a24a3957bb474ade,3M8WRG8B,ALIOUNE,BADJI,H,08/09/10,BIGNONA,174c812e-2a3f-46ef-94d2-3c56c0cfa1e8
09b1378759434bbea2a8b62c6173e702,T_EFKCB,TOURADOU,DAHABA,H,15/08/05,BIGNONA,39d4c182-823c-4af2-af40-6b4606efeece
2eb02f3a2d6a4f5daf5380ab77c325a2,T_7THCR,MAIMOUNA,COLY,F,05/04/05,BIGNONA,e70b56e4-3115-4898-8e8d-236c0c5e5f86
a1d05f85579a45d0b9156f77b064173a,T_EM6HM,MANSATA,DIEME,F,06/02/07,BIGNONA,e3d13f36-bd71-4331-a639-466801f7abb5
172b6609d59c4c52bb7104094f234c60,8E4JKJFF,ALIOU BADARA,CAMARA,H,03/10/10,OUONCK,e3d13f36-bd71-4331-a639-466801f7abb5
46b340009c554a4eb1325a0c4d23af3f,T_FRBDT,SEYNABOU,SANE,H,25/01/08,OUFOULO,2ca38955-1375-4f48-9d0f-5776d5f35aaa
1d8a1d03d87c468dbf814c1833573dd8,4GVRB7G7,IBRAHIMA,SANE,H,14/11/11,BIGNONA,3778ae72-a8dc-4f7e-912e-50c1b49d0c97
fd59bb1e93644c3fa6a378d821163152,T_427BU,SAOUDATOU,KANTE,F,04/04/06,BIGNONA,18f98f31-a476-4844-8c98-fd5458b9713f
40fd8500b33a4af09a0eb8ee180dd382,T_4T9BT,MARIETOU CISSE,DIATTA,F,12/02/13,BIGNONA,174c812e-2a3f-46ef-94d2-3c56c0cfa1e8
0a04a466bd0c4e359bdd95f196989303,T_EHKMU,FATOU,KEBE,F,27/08/08,BIGNONA,ba5f3949-1ae7-438a-accd-ba6081488e49
d5bdd335e7b7485d9414939eef2de933,9VQQVGQ3,ABDOULAYE,DIALLO,H,29/12/11,BIGNONA,39d4c182-823c-4af2-af40-6b4606efeece
6e73f257c05946c08b190a2c2bc8dc6a,6TG739GF,EDOUARD,SAGNA,H,30/04/09,DACAR,c12b5b2d-8b8b-4274-9fbd-8d38d7bca536
2e063b664a284e0c8b8cdffc2e1576fe,T_V3MK9,CHARLES,GOMIS,H,20/08/08,DAKAR,174c812e-2a3f-46ef-94d2-3c56c0cfa1e8
c46e75f796064ae388c5734f92a891a8,6WHEFAR6,CHERIF YANKHOBA,SANE,H,15/11/11,DIEDGOUNE,c12b5b2d-8b8b-4274-9fbd-8d38d7bca536
190eaac254dd483da576409c645f9ac9,T_WGKF7,AWA,GOUDIABY,F,22/09/04,BIGNONA,18f98f31-a476-4844-8c98-fd5458b9713f
e5566783980944e49d8ddebd57444e6a,8T3AEBED,OLIVIER SIGOBE GEROME,COLY,H,11/01/10,TENGHORI,e70b56e4-3115-4898-8e8d-236c0c5e5f86
adaee39f593541018567655461c675ec,T_UU4KC,ALIMATOU,SANE,F,15/07/06,BOUYAL,174c812e-2a3f-46ef-94d2-3c56c0cfa1e8
6a334c9d2a484511975b0ef5f6923cbb,T_6HWUD,ALI,DIALLO,H,16/06/10,TENGHORI,c12b5b2d-8b8b-4274-9fbd-8d38d7bca536
c32b542b14284dd3ac6491fe1557f0be,T_KUWUN,IBRAHIMA,MARIA,H,26/11/11,TENGHORI,e70b56e4-3115-4898-8e8d-236c0c5e5f86
55ebdf4ccc0b44f08f1fc451a5913d21,6GMB93V7,MAME ROSALIE JUSTINE,DIEDHIOU,F,01/01/10,BIGNONA,18f98f31-a476-4844-8c98-fd5458b9713f
41396f188b8045b7910cd1158598abef,T_G3D9M,LAMINE,BODIAN,H,07/08/06,BIGNONA,e3d13f36-bd71-4331-a639-466801f7abb5
979903d6dbef45c8a96fd3bc4487c4eb,T_UTAUA,MOUHAMED NABI,DIATTA,H,25/04/07,DAKAR,39d4c182-823c-4af2-af40-6b4606efeece
7ebd824b02eb4c5e99776fa6e2f7f2ff,7C9GMUFU,JEANCHARLES,SANE,H,01/01/10,BIGNONA,e70b56e4-3115-4898-8e8d-236c0c5e5f86
908788ad9d44444cbe42475468323da6,T_9VEGC,MARIAMA NGANE,GOUDIABY,F,26/10/04,RAO,89bcf47f-c492-4d35-976d-7a5035097b7a
314d96858eb542c28cb0f7984b32ce7c,T_G3FHC,AWA,GOUDIABY,F,18/01/06,BIGNONA,39d4c182-823c-4af2-af40-6b4606efeece
5f9bc988703b456ea56b7b9a54380212,T_W89KV,ALIOU,COLY,H,12/02/10,TENGHORI,89bcf47f-c492-4d35-976d-7a5035097b7a
b831a5c0cefe46978f9c31fe087f6b87,T_6CGE2,AMADY,BADJI,H,08/08/06,TABI,3778ae72-a8dc-4f7e-912e-50c1b49d0c97
68d606549afd486d97340e00f1452021,T_DWMWW,ADAMA,GOUDIABY,F,18/01/06,BIGNONA,39d4c182-823c-4af2-af40-6b4606efeece
162ff31bc02d4dbeb1519ae09829f82e,T_VE8KV,BAYE ALY,NDIAYE,H,10/06/11,BIGNONA,c12b5b2d-8b8b-4274-9fbd-8d38d7bca536
c19fcf92d19648d09fd72b1959eda47a,T_CV9J2,MOHAMED,DIOP,H,18/08/02,Bignona,2ca38955-1375-4f48-9d0f-5776d5f35aaa
0dbb5b803f8d4969a375822f2c0bfea3,T_JW73P,ANSOUMANA BOUBACAR JUBRAN,TALL,H,23/07/04,Kafountine,e70b56e4-3115-4898-8e8d-236c0c5e5f86
f19292c9bf3e448b82b1851e476dc070,T_2JADA,AMADOU OURY,DIALLO,H,10/05/06,BIGNONA,e70b56e4-3115-4898-8e8d-236c0c5e5f86
a84161dd551f4beba0ed9501d393430b,T_73B4F,AMY,WAGNE,F,10/02/06,BIGNONA,3778ae72-a8dc-4f7e-912e-50c1b49d0c97
7da5528ae6dd4e0a94a8d3975a599fcb,8KCVUAE9,CHEIH OUMAR,SAMOURE,H,08/03/12,BIGNONA,3778ae72-a8dc-4f7e-912e-50c1b49d0c97
c63fea6b619049108606523a17c5f631,T_3D8JK,KARFA,DRAME,H,03/09/11,BIGNONA,174c812e-2a3f-46ef-94d2-3c56c0cfa1e8
6546e53d175e439bb354a5f3974d356d,T_H6G7J,OUMAR,SOW,H,12/04/08,BIGNONA,e70b56e4-3115-4898-8e8d-236c0c5e5f86
6e871eac5b5e474bb57b50487dca2537,T_3P9TW,SOULEYMANE,SAKHO,H,05/05/09,BIGNONA,e70b56e4-3115-4898-8e8d-236c0c5e5f86
2a62da775ebf4aedb35fa26f47342477,T_HGRUH,BOURAMA,SANE,H,10/01/11,DIAFILON,2ca38955-1375-4f48-9d0f-5776d5f35aaa
50e4a294f0bc46358965a4c0d32cf5b1,T_EAGCM,MARIAMA,BADJI,H,05/04/08,DAKAR,18f98f31-a476-4844-8c98-fd5458b9713f
bbfb4117ae424a1f8dbc1a84b0d9ba12,T_GHJC4,MAKAMANG LAMINE,HANE,H,24/05/07,PIKINE,3778ae72-a8dc-4f7e-912e-50c1b49d0c97
eede53795f0d440380c7d54f6a05c63a,3QENCNNH,MAMADOU LAMINE,DRAME,H,15/07/11,BIGNONA,e70b56e4-3115-4898-8e8d-236c0c5e5f86
138cdb34c38c463ea289c147a8819b92,T_AGRAU,ABDOULAYE,CISSE,H,01/02/06,DAKAR,174c812e-2a3f-46ef-94d2-3c56c0cfa1e8
6b59dd424e664f14b2a40a63ef9b54e3,T_A9NV3,SECKOU JUNIOR SONKO,COLY,H,18/03/11,BIGNONA,ba5f3949-1ae7-438a-accd-ba6081488e49
11744de1fadd47b58b8b13c1fd8685a3,T_8WNUAM,THOMAS VINCENT DE PAUL,SAMBOU,H,15/01/12,BIGNONA,ba5f3949-1ae7-438a-accd-ba6081488e49
5386ea28423e437d92602eb672ed217a,T_W3FTT,MATAR,SANE,H,20/11/05,DIAMAGUENE,e3d13f36-bd71-4331-a639-466801f7abb5
d87b327ba1a344308ae9c887417cd1d8,T_M7WM6,AISSATOU COULIBALY,DIEME,F,02/02/05,BIGNONA,174c812e-2a3f-46ef-94d2-3c56c0cfa1e8
3138e586042842e993bf9d53c9c6d889,T_7H6V8,LUCIEN JARDEL,DACOSTA,H,25/03/07,BIGNONA,ba5f3949-1ae7-438a-accd-ba6081488e49
546f57ba48cd48629b3d0d8dcf0fa020,3XXH9DJU,LAMINE,SANE,H,28/10/10,KOLDA,e70b56e4-3115-4898-8e8d-236c0c5e5f86
26b748b3f3f244a1a4aa795b119f31e9,9VRYP6TM,MAMADOU LAMINE,SAGNA,H,22/08/09,BIGNONA,39d4c182-823c-4af2-af40-6b4606efeece
04cd00adf05c40d5a9b2895c71ff6b6d,T_EM6HM,MANSATA,DIEME,F,06/02/07,BIGNONA,e3d13f36-bd71-4331-a639-466801f7abb5
b16dffd668984bc7ad259eff0655a8b5,T_PHDHU,KHALIPHA,MANE,H,21/01/08,DAKAR,39d4c182-823c-4af2-af40-6b4606efeece
73036f8ce0354f0db2db74530d6ad429,T_7THCR,MAIMOUNA,COLY,F,05/04/05,BIGNONA,174c812e-2a3f-46ef-94d2-3c56c0cfa1e8
6a308773b0bd4cecb345b18bd257cc75,9CPE3PKN,NDEYE KHADIDIATOU,SANE,F,26/01/08,BIGNONA,c12b5b2d-8b8b-4274-9fbd-8d38d7bca536
1c94dccbce364f83bd02690d97d24407,8XWGMBGY,MOUSSA,CISSOKHO,H,09/04/12,BIGNONA,e3d13f36-bd71-4331-a639-466801f7abb5
77c2c20fad90448fb9b26ee6cf59dca3,T_4J4J4,SEYNI,DIALLO,F,10/12/06,BIGNONA,c12b5b2d-8b8b-4274-9fbd-8d38d7bca536
e0791d1a6bd34050b714289e0360fe2f,T_3MDE7,SYLVIN DAVIDO,COLY,H,01/03/08,PIRAN,89bcf47f-c492-4d35-976d-7a5035097b7a
63de379e98564d889fc3c4d964ccd8a5,T_KNKMD,IBRAHIMA,KEITA,H,27/01/10,BIGNONA,2ca38955-1375-4f48-9d0f-5776d5f35aaa
5f944bd8d171477b9a609d53dfad7803,T_N9NHM,IBRAHIMA,SANE,H,14/11/11,BIGNONA,39d4c182-823c-4af2-af40-6b4606efeece
8a792150768f4c3d9c92988ef24c2bce,9CRE66FT,ALIMA,CAMARA,F,27/06/11,BIGNONA,e3d13f36-bd71-4331-a639-466801f7abb5
1ae01b33a472400eb4677d6ed3e7d42b,3CHF6XJG,LALYA,DIEDHIOU,F,05/11/99,GUEDIEWAYE,89bcf47f-c492-4d35-976d-7a5035097b7a
81c902ce56804439bc6f44fc1e2c2fe8,8QH9KXDU,AISSATOU,KABO,F,16/03/10,BIGNONA,174c812e-2a3f-46ef-94d2-3c56c0cfa1e8
786f7db2991d4cf7a4cd571442f8a39e,T_VCKJ9,NOUHA,DIEDHIOU,H,12/08/07,BIGNONA,18f98f31-a476-4844-8c98-fd5458b9713f
9c868be0356d45cc80d4ec5670aae8cc,8NGUKAMD,BACARY BOUBA,FATY,H,27/01/11,BIGNONA,c12b5b2d-8b8b-4274-9fbd-8d38d7bca536
c65660f44b2c43f784a3cd3111dcb35b,T_KME2HM,AWA FABIANA,COLY,F,10/05/13,BIGNONA,c12b5b2d-8b8b-4274-9fbd-8d38d7bca536
b2217c7dafdf4319903551671240c7aa,7MRJXWCU,JEAN PIERRE BABACAR,COLY,H,25/06/99,BIGNONA,89bcf47f-c492-4d35-976d-7a5035097b7a
6e2a06af2cf44c9f8a034d20e9cc2333,T_ENAK4,SEYNABOU,DRAME,F,30/04/06,BIGNONA,18f98f31-a476-4844-8c98-fd5458b9713f
3a656a7b5ce64f10bb4f0a9ae1addfe5,T_6UADT,DEMBO,SANE,H,10/02/09,BIGNONA,89bcf47f-c492-4d35-976d-7a5035097b7a
2743a15247064943ab5965248d9c58bf,T_RPCND,KHADIDIATOU,BADIANE,F,24/06/08,ZIGUINCHOR,89bcf47f-c492-4d35-976d-7a5035097b7a
52003cb0de754dbeba82ad992ebc65c0,T_WFEVP,YOUSSOUPHA,SANE,H,05/05/10,BIGNONA,2ca38955-1375-4f48-9d0f-5776d5f35aaa
0c95145009734348bdfdb93c3755795c,8DMMMFE3,SOULEYMANE,SOW,H,15/02/07,BIGNONA,18f98f31-a476-4844-8c98-fd5458b9713f
92bb9a9099ef4dfa816bc142d8ffd2bc,T_EFHFJ,MAMADOU LAMINE,KEITA,H,19/01/09,BIGNONA,ba5f3949-1ae7-438a-accd-ba6081488e49
ffc4c449ee754385b140863eb67574b1,9RH7R6E6,BACARY,DANSO,H,05/02/06,BIGNONA,18f98f31-a476-4844-8c98-fd5458b9713f
536afbf3a04b40b6914eea61ebe26758,T_9G29J,DAME,LOME,H,04/09/11,KILINKO,3778ae72-a8dc-4f7e-912e-50c1b49d0c97
8f4a3056098046deace3ee62a299e2dc,T_A9NV3,SECKOU JUNIOR SONKO,COLY,H,18/03/11,BIGNONA,3778ae72-a8dc-4f7e-912e-50c1b49d0c97
8569e4f00d8444f0a7ebd7b8f964b22b,T_R6AURM,ALIOU BADARA,DIEME,H,08/04/10,BIGNONA,2ca38955-1375-4f48-9d0f-5776d5f35aaa
9a940325c9d84019b05c6a1ebe4e59cf,T_V94UM,ASTOU,SAGNA,F,16/02/07,BIGNONA,3778ae72-a8dc-4f7e-912e-50c1b49d0c97
fc333a214c58408599f69b37431bf1ae,T_4J4J4,SEYNI,DIALLO,F,10/12/06,BIGNONA,18f98f31-a476-4844-8c98-fd5458b9713f
0fe415f2d8e941bd8d92d8e42160afee,T_KH4E6,BOUBACAR,DIENG,H,03/05/09,BIGNONA,2ca38955-1375-4f48-9d0f-5776d5f35aaa
9eed1d9ec0384bf6a0123c4cd153df1a,7AVBEVM7,MAMADOU MOUSSA,MBENGUE,H,04/04/12,BIGNONA,174c812e-2a3f-46ef-94d2-3c56c0cfa1e8
a98ea8bb9a794389a8b803d79055affc,7YVG99KW,NDEYE AMI,DRAME,F,24/12/11,BOUNE,c12b5b2d-8b8b-4274-9fbd-8d38d7bca536
528a9f0bfd7e46dca81394c91a5384ed,T_FRBDT,SEYNABOU,SANE,H,25/01/08,OUFOULO,e70b56e4-3115-4898-8e8d-236c0c5e5f86
f6fe397a1dcd4d04a03ec6e8fea27f5a,T_6PUUW,FATOUMATA,CAMARA,F,31/05/08,OUFOULO,3778ae72-a8dc-4f7e-912e-50c1b49d0c97
f70ccb8d1f694086a6094f4e35abf9e9,T_4T9BP,MAMADOU,GOUDIABY,H,26/12/07,BIGNONA,3778ae72-a8dc-4f7e-912e-50c1b49d0c97
f99b3224578d4a8c8d2cc06843af98ce,8GUBWHTA,SANA,SAGNA,H,14/09/09,KAGNAROU,89bcf47f-c492-4d35-976d-7a5035097b7a
abe9de9b39bc4f5ca2d2682a73d51eea,T_BHN89,MAMADOU SIRE,DIALLO,H,23/04/07,BIGNONA,ba5f3949-1ae7-438a-accd-ba6081488e49
b473a8ad2e0a43f6afcef39d81bcc290,7YVG99KW,NDEYE AMI,DRAME,F,24/12/11,BOUNE,2ca38955-1375-4f48-9d0f-5776d5f35aaa
9c48b4077e6c4e96a3ba39fe1aef1d4c,T_W23BV,MOUSSA,DIEDHIOU,H,15/09/09,TENGHORI,3778ae72-a8dc-4f7e-912e-50c1b49d0c97
c78fe745ebb440e89e188c7221b76609,T_JFV64M,ABDOU,NIANG,H,01/01/12,BIGNONA,89bcf47f-c492-4d35-976d-7a5035097b7a
6d23987c25214c09a1725c11fa915aab,T_C3297,OUSSEYNOU,AW,H,02/04/09,BIGNONA,2ca38955-1375-4f48-9d0f-5776d5f35aaa
496413899e1a453b82aafa9951c2799b,7FBFKHDT,SERIGNE OMAR,SECK,H,10/02/07,BIGNONA,e3d13f36-bd71-4331-a639-466801f7abb5
cbba829d4279485da067886d3ae2d4b6,6U8HMKBB,OUSMANE,TOURE,H,31/12/11,TENGHORI,e70b56e4-3115-4898-8e8d-236c0c5e5f86
a94e81aebd4b48eb9fa426435bf3e877,T_P6WD7,MOHAMADOU LAMINE,TRAORE,H,30/04/11,BIGNONA,c12b5b2d-8b8b-4274-9fbd-8d38d7bca536
ce92d303fb6e4183b467af86dc433780,T_427BU,SAOUDATOU,KANTE,F,04/04/06,BIGNONA,89bcf47f-c492-4d35-976d-7a5035097b7a
f07469f587d449b2893352bbae7291b8,T_G4H6F,SOULEYMANE DIOUNKOUNG,SANE,H,04/06/08,BIGNONA,39d4c182-823c-4af2-af40-6b4606efeece
801801764f0346e388c8110fbcaf0f27,7FVHYVJK,ALIOU,DIATTA,H,01/11/09,BOULINDIEN,89bcf47f-c492-4d35-976d-7a5035097b7a
6403f119f19f438c89c0d7679cf0f86c,4CVTVCHD,YOUSSOUPHA,DRAME,F,29/09/11,BIGNONA,89bcf47f-c492-4d35-976d-7a5035097b7a
6748bfbb45eb4787b534a83e23fe8fb6,T_CKTP8M,CHEIKH TIDIANE,TRAORE,H,18/09/11,BIGNONA,e70b56e4-3115-4898-8e8d-236c0c5e5f86
28fc86619de648cb8e522bc032aa398c,T_9THNH,LEOPOLD JAKOB,SAGNA,H,20/08/13,BIGNONA,39d4c182-823c-4af2-af40-6b4606efeece
470c2580095948328e9db3ff0eae82cf,T_EV8CV,OUSMANE,SALL,H,10/02/07,BIGNONA,174c812e-2a3f-46ef-94d2-3c56c0cfa1e8
a3a974244e6144718facf9b32255f677,T_DND2VM,IBRAHIMA,DIALLO,H,18/10/11,BIGNONA,89bcf47f-c492-4d35-976d-7a5035097b7a
2d6c72b9aad24db1bbd5bc45868b5ddd,8MHGUXET,NDEYE MAMA,MANGA,F,30/10/09,BIGNONA,174c812e-2a3f-46ef-94d2-3c56c0cfa1e8
96b4d138eba1422cb2b6ed3a6b2f18f6,T_E66EJ,AISSATOU BOBO,BADJI,F,12/12/06,BIGNONA,3778ae72-a8dc-4f7e-912e-50c1b49d0c97
fdb2b996f72b49b0891eeb6331fd3c2f,T_HHD69,LAMINE DRAME,BADJI,H,24/08/06,BIGNONA,18f98f31-a476-4844-8c98-fd5458b9713f
eed06e1019f14033956baa8ec43cc4ed,T_NNW7H,FRANCOIS ARNAUD,SAMBOU,H,07/02/09,BIGNONA,18f98f31-a476-4844-8c98-fd5458b9713f
4a41304e838547d6a74cd2e5fb6116d0,T_9DMM8,OUSMANE,TOURE,H,31/12/11,TENGHORI,3778ae72-a8dc-4f7e-912e-50c1b49d0c97
0a6f0fc6b7f14d2e9f5a238622a9d393,T_FEC6A,DAOUDA,KANTE,H,11/04/07,BIGNONA,89bcf47f-c492-4d35-976d-7a5035097b7a
2e8a7cdb256942d9ba02a4ff71651533,T_4GD94,SALIMATA,SAGNA,F,11/11/11,BIGNONA,2ca38955-1375-4f48-9d0f-5776d5f35aaa
fa820e9653904f5a8cac6ae5d29f37a0,T_FHNHB,MOUSSA,SIDIBE,H,18/02/12,BIGNONA,c12b5b2d-8b8b-4274-9fbd-8d38d7bca536
9481f8090d8d46b3a8091a9e6666c885,T_EWK9A,MARIAMA,DIEME,F,27/01/08,BIGNONA,174c812e-2a3f-46ef-94d2-3c56c0cfa1e8
96911e38940547b6b0c2f9be9f704670,T_9UTNE,DADY IDRISSA ARINDE,DIATTA,H,30/12/07,DIATOCK,e3d13f36-bd71-4331-a639-466801f7abb5
a61bb2bf12424f4283f35dd4823f126c,T_R2VNF,MARIAMA,BIAYE,F,20/02/08,BOUMOUDA,e70b56e4-3115-4898-8e8d-236c0c5e5f86
4062e04176d849c4bbdaf2bd7b0a1479,6KMM6VA6,MAME SALY,SANE,F,03/05/08,BIGNONA,89bcf47f-c492-4d35-976d-7a5035097b7a
41a5e5bb25694062bd19649b84fa8e74,4JWFMP8G,SALIOU DIANG,DIALLO,H,02/09/11,BIGNONA,ba5f3949-1ae7-438a-accd-ba6081488e49
a2e94f5efe8441eaa8afd83e33dd7e76,7AHEX6HF,BINTA,KOUYATE,F,10/02/09,BIGNONA,3778ae72-a8dc-4f7e-912e-50c1b49d0c97
78f4770511a2482790d1f3d8169c02ae,T_ABEVD,MAMADOU SAIFOULAHI,DIALLO,H,11/02/09,BIGNONA,39d4c182-823c-4af2-af40-6b4606efeece
5d1fe576dc6b4055b2a77d1e63c4925f,T_24JDN,ASSANE,AW,H,02/04/09,BIGNOA,39d4c182-823c-4af2-af40-6b4606efeece
43ad27a220734459adda9b6d83f088fd,T_28V76,FATOU,DIEDHIOU,F,12/03/06,FRANCOUNDA BODIAN,2ca38955-1375-4f48-9d0f-5776d5f35aaa
704940aee8f94d7fb3705743681ee951,9RHNB8NA,FALLOU,DIEME,H,23/02/09,BIGNONA,18f98f31-a476-4844-8c98-fd5458b9713f
2aac5b737d464181ae43856e1e34943c,T_N69E9,BASSIROU,CISSE,H,19/09/05,OUSSOUYE,39d4c182-823c-4af2-af40-6b4606efeece
b29ea269b08d45a3bb41a829a0d26858,T_KGJPK,ABDOULAYE,BA,H,15/02/08,BIGNONA,e3d13f36-bd71-4331-a639-466801f7abb5
d4eab3d7246a436494944a548b27a9ea,T_C6EU6,VIEUX MALANG,SANE,H,09/08/08,NIAGUE,3778ae72-a8dc-4f7e-912e-50c1b49d0c97
7fb3772d134c4fe1add51ea73dbc3639,T_NKAED,MOUHAMADOU FALILOU MBACKE,SOW,H,04/12/08,BIGNONA,c12b5b2d-8b8b-4274-9fbd-8d38d7bca536
13e225cec0904b5d94d2a211a630fbf1,6MN7YXRJ,ELIMINE BADJI,SALL,F,11/04/09,DODEL,18f98f31-a476-4844-8c98-fd5458b9713f
8a43a62eb8aa41b58bac29dc78021e5d,T_W7BNJ,SOULEYMANE,SAMBA,H,23/12/04,DAKAR,39d4c182-823c-4af2-af40-6b4606efeece
01f2779bd8f24c5ea1e232b3ce472595,T_E93PM,OUMY,CAMARA,F,25/12/06,OUDOUGCAR,3778ae72-a8dc-4f7e-912e-50c1b49d0c97
c37d6a0d838c476487dc39fe102abf8b,T_DN3HE,ISMAILA,TRAORE,H,04/04/08,TENGHORI,3778ae72-a8dc-4f7e-912e-50c1b49d0c97
272e93bb82774694a6c966012dcf200a,7JYV6948,MARIE THERESE NANY,COLY,F,09/08/06,BINGONA,89bcf47f-c492-4d35-976d-7a5035097b7a
93220cf438374ce1993bebc27d4f16f5,T_9322P,AMADOU,BAYO,H,01/10/04,BIGNONA,39d4c182-823c-4af2-af40-6b4606efeece
8473daa7a7d744c79889eb1b81741354,T_NE6PH,ARABYATOU,KEITA,F,13/04/08,BIGNONA,c12b5b2d-8b8b-4274-9fbd-8d38d7bca536
4fac0b2b84284af889a1d6a682d3bd83,T_KGT2E,JEAN PASCAL,SAMBOU,H,18/09/03,Bignona,e70b56e4-3115-4898-8e8d-236c0c5e5f86
dbeaa1d7a4984805b7f4abed9fff9aa6,4XWG368E,BECAYE,DIOP,H,05/09/09,BIGNONA,3778ae72-a8dc-4f7e-912e-50c1b49d0c97
572b81f38a16470ba917bf922b6e9b4c,T_HG7RB,AKEBE,DIATTA,H,08/12/05,BOUKOTTE DIOLA,ba5f3949-1ae7-438a-accd-ba6081488e49
9a2ce3ea89e74a45aa0056bb8646a7d7,T_E8UWN,ABDOURAHMANE,DIALLO,H,06/05/08,KOLDA,ba5f3949-1ae7-438a-accd-ba6081488e49
0624ffd42f044bec9730477156085603,T_A4JB4,AISSATOU,DIATTA,F,21/02/08,BIGNONA,e3d13f36-bd71-4331-a639-466801f7abb5
80ff63623dfe4551a72a477948a06fe2,T_HU233,ADAMA OUDE,BADJI,F,22/06/11,BOUREK,ba5f3949-1ae7-438a-accd-ba6081488e49
6821717d60ef4ebfa8b68bf1978a4605,T_W38AJM,SEYNABOU,SANE,F,07/03/10,BIGNONA,e3d13f36-bd71-4331-a639-466801f7abb5
d482a05fec764606a2db119b1dea2fc5,T_V98E7,MAMADOU LAMINE,DRAME,H,30/11/07,BIGNONA,89bcf47f-c492-4d35-976d-7a5035097b7a
d0d95b4cd6434336bc5a6857ae92308d,T_MAWNR,KADIA ANNA,DIALLO,F,04/02/06,BIGNONA,89bcf47f-c492-4d35-976d-7a5035097b7a
1041b09876174ebba4058413f82af627,T_GEDEV,AMY NDIAYE,GAYE,F,27/01/07,BIGNONA,2ca38955-1375-4f48-9d0f-5776d5f35aaa
e50dd3221a184c14b9f1d52c27a7c3e6,T_CFN7R,BABACAR,NDIAYE,H,21/10/05,BIGNONA,18f98f31-a476-4844-8c98-fd5458b9713f
a00b8e893c4d40738b2407f19f6f44fb,9ECMP3XE,ALIOU BADRA,BADJI,H,14/06/09,BIGNONA,3778ae72-a8dc-4f7e-912e-50c1b49d0c97
b395fcc4a044429683a2018b6978cb00,T_84FTG,MARIAMA DIOULDE,DIALLO,F,06/02/07,BIGNONA,e70b56e4-3115-4898-8e8d-236c0c5e5f86
0ee47e99b8fc456b8cc5cde3f57f1bf3,T_NFNF2,MOUHAMED MALANG,DJIBA,H,27/10/06,DIAMAGUENE,39d4c182-823c-4af2-af40-6b4606efeece
421ffe5adf5644dd890ee3e83087ecdc,T_2RWVF,MARIAMA,MANE,F,18/11/06,BIGNONA,e70b56e4-3115-4898-8e8d-236c0c5e5f86
30ca3ae5c4f54b30882f4bcbed2e7a93,T_6WM37,OUSSEYNOU,SYLLA,H,20/05/08,BIGNONA,174c812e-2a3f-46ef-94d2-3c56c0cfa1e8
987d6c1c7c3348e6980959d6bd738e3c,T_6N6NTM,SOULEYMANE,SAGNA,H,08/05/14,BIGNONA,18f98f31-a476-4844-8c98-fd5458b9713f
3a19738a517347b0bc62ba8489383ef6,T_WV8HHM,DAOUDA,BODIAN,H,30/10/12,BIGNONA,e70b56e4-3115-4898-8e8d-236c0c5e5f86
99a6dc16641145e5a4b0e0992186d2ad,T_R7ER3,MAME DIARRA,GAYE,F,01/10/11,DAKAR,ba5f3949-1ae7-438a-accd-ba6081488e49
ecdb777e8a58472d93a779f9557b86d1,T_AJ6FM,AISSATOU,DIEBATE,F,10/11/09,DAKAR,c12b5b2d-8b8b-4274-9fbd-8d38d7bca536
7ff768a8e7d440eb95b2c05c653ede86,7T9T9BM3,FAMARA,SANE,H,09/10/07,BIGNONA,2ca38955-1375-4f48-9d0f-5776d5f35aaa
2c58f2cbcd6b4fe6bd47457967a55f99,8RAY39PY,PAUL JOSEPH LIBOIRE,MANGA,H,25/03/11,BIGNONA,39d4c182-823c-4af2-af40-6b4606efeece
373cb5748e6c464db7eecab60bf61cb7,4M8DVMBN,BINTA,DIEME,F,01/01/10,DAKAR,2ca38955-1375-4f48-9d0f-5776d5f35aaa
088cca6d24a24c4f80f6503b707ae89c,T_NBUN6,CHEIKH,DIASSY,H,10/09/06,BIGNONA,18f98f31-a476-4844-8c98-fd5458b9713f
a8f40af87d5343dfa26d60bd493e6bfb,T_G4GNN,COUMBA SADIO,NIASSY,F,09/11/07,BIGNONA,e3d13f36-bd71-4331-a639-466801f7abb5
ddee01d1f3574f21a181388ef7565d73,8HY44NGJ,OIVIER FERDINAND,SANE,H,29/06/09,BIGNONA,89bcf47f-c492-4d35-976d-7a5035097b7a
f3b73758ba7d4d5e92f3df950c3b1e56,9WGRU9X3,BOUBACAR,DABO,H,24/03/12,SONKOCOUNDA,18f98f31-a476-4844-8c98-fd5458b9713f
ecb013088a8449c89317f3ab521fd4fb,6T4BXXM9,HABIB,KASSE,H,17/10/09,BIGNONA,174c812e-2a3f-46ef-94d2-3c56c0cfa1e8
2be0a01c411d4e429a10be16f3aef399,T_WDNFH,GNIMA,SAMBOU,F,13/10/04,MANDOUARD2,39d4c182-823c-4af2-af40-6b4606efeece
63c2bfef4fcf4e98bdfbcd5cf612568c,T_V3G82,SOUADOU,DIALLO,F,25/12/10,BIGNONA,e70b56e4-3115-4898-8e8d-236c0c5e5f86
31d9dd2fefd64838b9f1d50e7212a35a,T_RNGCCM,AISSATOU,BA,F,13/02/13,BIGNONA,c12b5b2d-8b8b-4274-9fbd-8d38d7bca536
68f56823a8be440ca5b44ca2d81ca50d,T_CAURC,BINETA,FATY,F,15/03/09,DIAFILON,174c812e-2a3f-46ef-94d2-3c56c0cfa1e8
ef4717a111d74fe5991f1a460e7b5dcb,8X9UQDBR,DAOUDA,NDIAYE,H,24/08/09,NDIATHIANG,2ca38955-1375-4f48-9d0f-5776d5f35aaa
b933d6af0b004aeeb4fe97cd140e7d75,T_FTGTU,FATMA SECK,DIAGNE,F,26/07/08,RUFISQUE,e3d13f36-bd71-4331-a639-466801f7abb5
60d9f7c37fa946a786ade91e2c253ae6,T_2M7GA,ABDOUL AZIZ,DIEME,H,05/05/14,BIGNONA,39d4c182-823c-4af2-af40-6b4606efeece
7d2cecff11fa43668b29ab4f3aa13631,T_AGRAU,ABDOULAYE,CISSE,H,01/02/06,DAKAR,2ca38955-1375-4f48-9d0f-5776d5f35aaa
9ebb2928b90049f39fd6db0a76763450,T_F267J,BOUBACAR,BA,H,14/06/08,DJIGUINOUM,ba5f3949-1ae7-438a-accd-ba6081488e49
51b77890615743a5960876b67642611e,T_KDJB7,FATOU KINE,TOURE,F,03/03/10,SAMSAMBA,2ca38955-1375-4f48-9d0f-5776d5f35aaa
1f6a89c1867947d8948d5e57f0d9d6da,T_MUHTF,MOHAMADOU MAHDY,CISSE,H,08/10/03,Bignona,18f98f31-a476-4844-8c98-fd5458b9713f
77ebbf80414b46dabf35f3669474c2b5,T_7DBUG,DIEYNABA,KORBOUNG,F,12/07/06,DJIBANAR,2ca38955-1375-4f48-9d0f-5776d5f35aaa
0485843891ff4f0fa5cfe7ab793ea278,T_8VDW6,ALIOU PAITY,SANE,H,08/11/06,BIGNONA,174c812e-2a3f-46ef-94d2-3c56c0cfa1e8
901ba058eb5f4f01a97380c07ff4c9e9,T_W8K26,AWA,SAGNA,F,26/07/11,BIGNONA,e3d13f36-bd71-4331-a639-466801f7abb5
082c3f04030a4e1dbf0e41e0267130cc,T_THGKP,AISSATOU,BIAYE,F,18/02/06,BIGNONA,e70b56e4-3115-4898-8e8d-236c0c5e5f86
e06c30dfd9fc4f649e7492a19aee21a7,T_TT9P3,SIRA,BALDE,F,13/12/06,BIGNONA,ba5f3949-1ae7-438a-accd-ba6081488e49
1870dac85a4148c08e3a822e1b6c8c04,T_PFJ29,AWA,SANE,F,26/02/05,BADIOURE,18f98f31-a476-4844-8c98-fd5458b9713f
0ba8b97f072d43d294082fb3dcc275fd,T_BR4G7,ADAMA,CISSE,F,10/01/06,BIGNONA,ba5f3949-1ae7-438a-accd-ba6081488e49
b7f885d1b40c4e0d93a40e73e9d49390,T_V9NME,DJIBRILE SADIO,DIOP,H,24/12/07,TENGHORI,ba5f3949-1ae7-438a-accd-ba6081488e49
71ce8e4d7d024a978a31b05fa367fc8a,3NJVWUEQ,IBRAHIMA,DIALLO,H,08/11/08,BIGNONA,e70b56e4-3115-4898-8e8d-236c0c5e5f86
eaf4c8021a2b4c0fae38f83b812de1eb,9KW4KMDH,MAMADOU LAMINE,GOUDIABY,H,29/01/07,BIGNONA,174c812e-2a3f-46ef-94d2-3c56c0cfa1e8
fec1c578a39947cf80b62a42cd4810d9,T_VJCBV,SYLVIN DAVIDO,COLY,H,22/12/07,PIRAN,c12b5b2d-8b8b-4274-9fbd-8d38d7bca536
fda38f4a7491471fa84d7f946e05ed0c,4TC9CP9A,MAME MAODO MALICK,TAMBA,H,27/07/11,BOUNE,39d4c182-823c-4af2-af40-6b4606efeece
691c80fcfa014de798ecef5cadba9745,T_MMV77,ALAIN DIEUDONNE,SAGNA,H,18/09/07,BIGNONA,3778ae72-a8dc-4f7e-912e-50c1b49d0c97
0ed33d36257441bdbc92ad8a96a7a45b,T_G3H4A,OUSMANE,SAGNA,H,01/01/08,THIAROYE SUR MER,c12b5b2d-8b8b-4274-9fbd-8d38d7bca536
1a409616668b4b499996adca3a64bc33,4AEXXRWU,AISSSATOU BENTHE,DIALLO,F,31/12/10,TENGHORI,e3d13f36-bd71-4331-a639-466801f7abb5
ddc3c0d06333413cb1eaef9d1ca6d312,T_E6CF9,MARIAMA,KANTE,F,25/12/07,BIGNONA,18f98f31-a476-4844-8c98-fd5458b9713f
49db8c86ddfa4478aa81f091a93cab62,9MF3KXWE,AWA,SAGNA,F,26/07/11,BIGNONA,174c812e-2a3f-46ef-94d2-3c56c0cfa1e8
53307ab19a25473dbf342224f19f7d79,T_EWJN7,ALICE MARTA,SAGNA,F,03/03/03,Piran,18f98f31-a476-4844-8c98-fd5458b9713f
78238c8ee4724c79937e935c2c83d325,T_9K8NH,THIERNO IBRAHIMA TABASKI,BIAGUI,H,12/02/05,BIGNONA,3778ae72-a8dc-4f7e-912e-50c1b49d0c97
6b969189b3c440349760c4c158b706a5,T_338HM,KHADIDIATOU,BADJI,F,17/12/10,BIGNONA,3778ae72-a8dc-4f7e-912e-50c1b49d0c97
28cee6efc30e4ea6a64ca46b1cff84e0,T_MAA4B,FATOU,CISSOKHO,F,31/12/06,BIGNONA,39d4c182-823c-4af2-af40-6b4606efeece
226ac0a344664329a699e35ba17cb689,T_PE9P7,FATOUMATA,SANE,F,12/02/04,Bignona,2ca38955-1375-4f48-9d0f-5776d5f35aaa
dc476743b16c4a23b2f79047a438fe23,T_VJEKH,PATRICIA ELISABETH,BADIANE,F,02/10/05,BIGNONA,39d4c182-823c-4af2-af40-6b4606efeece
26a898975c554d4dac3703624f83ebc7,T_VN8K4,YOUSSOUPH,MANGA,H,03/03/06,BIGNONA,e70b56e4-3115-4898-8e8d-236c0c5e5f86
89c6945edaea453aafb725944c1f3a4a,T_VHUPB,CESAR JUSTIN EDOUARD,COLY,H,05/06/08,PIRAN,3778ae72-a8dc-4f7e-912e-50c1b49d0c97
4327305574b04aa1a46688ef45e2f123,T_HRKG9,ANNA,BADJI,F,03/03/07,BIGNONA,e70b56e4-3115-4898-8e8d-236c0c5e5f86
9ab8ab57384a41f981555e9686df0321,T_A2MBM,PAPE SAMBA,DIEME,H,02/06/12,BOUNE,89bcf47f-c492-4d35-976d-7a5035097b7a
d7a31998a26b464db928652498ddfb16,T_MDBVB,JEAN FIDELE,BADJI,H,18/09/06,KARTIACK,e70b56e4-3115-4898-8e8d-236c0c5e5f86
dd11d89a2c1a48908957ba50af4de4e6,T_7PG6BM,ELHADJI BABOU,NDIAYE,H,06/08/13,BIGNONA,c12b5b2d-8b8b-4274-9fbd-8d38d7bca536
219c9f4fb9f3436281f7eea04682083e,T_6R749,TABARA,TOUNKARA,F,23/10/09,YEUMBEUL,e70b56e4-3115-4898-8e8d-236c0c5e5f86
cdb09f93f4494a159e0147f42268132f,T_RD2RG,CECILE CHARLEINE,SAGNA,F,16/06/08,BIGNONA,c12b5b2d-8b8b-4274-9fbd-8d38d7bca536
e9fd90771d4047f2a32292524c170a14,T_RCJKA,OMAR,COLY,H,20/06/06,GUINAW RAILS,c12b5b2d-8b8b-4274-9fbd-8d38d7bca536
86d322f54da246b0aa6868cf0703eac5,T_JTFJ6,MAMADOU MALAL,BA,H,06/01/11,BIGNONA,ba5f3949-1ae7-438a-accd-ba6081488e49
795e65d0220e44ba86a952f35ba59c78,T_JG9MV,MAMADOU LAMINE (DAKAR),SANE,H,18/11/05,DAKAR,ba5f3949-1ae7-438a-accd-ba6081488e49
db180eebfef642649e0378b8a110ea97,T_NUA8G,RAMATOULAYE PENDA,SEYDI,F,08/01/06,BIGNONA,ba5f3949-1ae7-438a-accd-ba6081488e49
21ad78eb67b34ed383e79bcb375ed118,T_GANNC,IBRAHIMA,SONKO,H,10/01/07,SELETY,174c812e-2a3f-46ef-94d2-3c56c0cfa1e8
b3874d82bb1b46bc8d920de985063a3b,T_DWMWW,ADAMA,GOUDIABY,F,18/01/06,BIGNONA,3778ae72-a8dc-4f7e-912e-50c1b49d0c97
400d1425696240ee95ca7227920fd4f3,T_ETJDK,MAME SIRE,SANE,F,04/01/09,KIGNINDING,c12b5b2d-8b8b-4274-9fbd-8d38d7bca536
56781586ed5c4f078a9bd01c0a0c58f0,T_MRRV3,VIRGINIE,COLY,F,04/04/09,PIRAN,e3d13f36-bd71-4331-a639-466801f7abb5
8651fb3c76684fe58f4a086115757c5b,T_4MGK8,MICHEL GABRIEL,DIOU,H,03/10/06,BIGNONA,89bcf47f-c492-4d35-976d-7a5035097b7a
15c795db77b143fe922241c5217b80b6,T_U8UTV,FAMARA,SANE,H,09/10/07,BIGNONA,39d4c182-823c-4af2-af40-6b4606efeece
2f2ae37fc0864c6ca1ae47c297b1f18e,T_WMEG4,FAYE DAME SECK,COLY,H,05/03/10,BINDAGO,174c812e-2a3f-46ef-94d2-3c56c0cfa1e8
619e77d683fb4ccf9be944401ee57194,3WJTXW8U,CHEIKH TIDIANE CHERIF,GUIRASSY,H,01/12/10,BIGNONA,e70b56e4-3115-4898-8e8d-236c0c5e5f86
77c38428cdb442739b4166929dd84e4e,T_CN87D,ABDOU TALL,BADJI,H,03/05/06,BIGNONA,18f98f31-a476-4844-8c98-fd5458b9713f
441aa91f30f8460c890df48e60a909db,T_K6FGE,AMINATA,SOW,F,09/04/08,BIGNONA,89bcf47f-c492-4d35-976d-7a5035097b7a
525774e162404249a3a0bf79be7b9a1c,6RD9B6GN,MALICK,NIANG,H,02/07/09,BIGNONA,e70b56e4-3115-4898-8e8d-236c0c5e5f86
58c03de7c9e84ade93bbcc5c83143081,T_UKKJN,BILAL,NDIAYE,H,13/12/05,BIGNONA,ba5f3949-1ae7-438a-accd-ba6081488e49
f56384c06d6843e891832fcdbad9e1c0,T_8VAF6,BACARY BOUBA,SIDIBE,H,30/08/06,BIGNONA,2ca38955-1375-4f48-9d0f-5776d5f35aaa
b98a9c5539904656aacd80515e653d47,T_WMHDP,OUSMANE,DIALLO,H,26/11/14,TENGHORI,e70b56e4-3115-4898-8e8d-236c0c5e5f86
cc36d2ebc380496c9b7ff829d8208179,T_C8CTV,CLEMENCE,BADJI,F,27/10/06,BINDAGO,2ca38955-1375-4f48-9d0f-5776d5f35aaa
1f3d16d4d4814cd89acb9da62acd2138,T_3R9DD,GNIMA,KEITA,F,09/02/10,BIGNONA,e3d13f36-bd71-4331-a639-466801f7abb5
79e8eaffdfc34d8aa9e3f00d191ffc55,8BBXM3V6,TAHI,DANSO,F,23/07/11,BIGNONA,c12b5b2d-8b8b-4274-9fbd-8d38d7bca536
638f39df39104f84a728be8947db714f,T_84FTG,MARIAMA DIOULDE,DIALLO,F,06/02/07,BIGNONA,39d4c182-823c-4af2-af40-6b4606efeece
0dc581ccfad04a3694e40b6b122a2aba,T_RGKKT,PENDA,BALDE,F,28/03/06,KOLDA,18f98f31-a476-4844-8c98-fd5458b9713f
db10e1dc4b2244dcb7ee7eff9aa3c7fa,T_3BHJJ,IBRAHIMA SARR,MBALLO,H,22/12/11,TENGHORI,2ca38955-1375-4f48-9d0f-5776d5f35aaa
c8c66338dd594a82894c374cbd96e6b3,8C68REXN,COUMBA,DIEDHIOU,F,12/01/09,WANGARAN,e70b56e4-3115-4898-8e8d-236c0c5e5f86
713809e1f9344886acfa80f08912226b,T_BE3V7,AMADOU,BADJI,H,19/10/06,ZIGUINCHOR,ba5f3949-1ae7-438a-accd-ba6081488e49
2dda3f5dd9f2417c812d353079e13b3a,T_CDFKE,BACARY,CAMARA,H,21/01/09,TENGHORI,2ca38955-1375-4f48-9d0f-5776d5f35aaa
9f387dfe161b4fbfa6349848048f6dcb,6P6YAMU8,SALIMATA,COLY,F,18/03/08,PIRAN,174c812e-2a3f-46ef-94d2-3c56c0cfa1e8
f9aef6f3d90b4967b963ef864b629dc0,T_3EH3C,CESAR,DIEDHIOU,H,19/05/12,KOUTENGHOR,18f98f31-a476-4844-8c98-fd5458b9713f
448ecedea89545c8991959f56336ee51,T_GM8NA,ABDOULAYE DJIBY,DIALLO,H,28/08/03,DAKAR,e3d13f36-bd71-4331-a639-466801f7abb5
552ad6e43c674fe0a0d1645b61692e74,T_AUNBF,RAMATOULAYE,DABO,F,12/04/08,BIGNONA,ba5f3949-1ae7-438a-accd-ba6081488e49
7824ecd75a2f4626b65da0508386244d,T_MM9EN,EDITH MARIETTE NOELLA,SAGNA,F,25/12/05,Piran,e3d13f36-bd71-4331-a639-466801f7abb5
f37f818f564e4830a0db9e040059f6c1,T_N9T4H,FATOU BINTOU,CAMARA,F,16/09/09,BIGNONA,39d4c182-823c-4af2-af40-6b4606efeece
06516931b98e4fd8a64617ae9d250577,T_E2DWE,DIENEBA,GUISSE,F,01/12/11,TENGHORI,3778ae72-a8dc-4f7e-912e-50c1b49d0c97
088ad2e1b4e944a890b18e99ff527689,9B3FGM89,IDIATOU,DIALLO,F,27/07/12,BIGNONA,2ca38955-1375-4f48-9d0f-5776d5f35aaa
466ed43bcef54e3b89f65c5844c4be1f,4U976EKD,SUZANNE ANAIS,BODIAN,F,14/09/08,BIGNONA,2ca38955-1375-4f48-9d0f-5776d5f35aaa
e6d388ca054548c3b560b77d8b6d170e,T_N6C38,THIERNO,AW,H,26/03/06,BIGNONA,174c812e-2a3f-46ef-94d2-3c56c0cfa1e8
f5598f9b01d049c297b7caed1cd4d900,T_FGMBE,FANTA,KEITA,F,18/02/05,BIGNONA,39d4c182-823c-4af2-af40-6b4606efeece
3893041319b64c06ad8b688417f25710,T_FVMBB,NAFY,DABO,F,25/03/07,NDIAMA,ba5f3949-1ae7-438a-accd-ba6081488e49
a7d345796972482ab0d53d0320578316,T_TW3VF,CHEIKH,DIASSY,H,10/09/06,BIGNONA,e70b56e4-3115-4898-8e8d-236c0c5e5f86
24ba0d4751124e15ad55e0eca3a22fca,T_AD2V4,POUNADO,DIOUF,H,03/02/11,GUEDIAWAYE,2ca38955-1375-4f48-9d0f-5776d5f35aaa
a53d1830cf134d819fedc3aca634267d,8FHU74XT,HASSIATOU,DIALLO,F,30/03/11,BIGNONA,3778ae72-a8dc-4f7e-912e-50c1b49d0c97
0f0654640c604eff8437a5f9e6f938b3,3FGQV7MY,NDEYE AMY,DIENG,F,13/08/10,BIGNONA,e70b56e4-3115-4898-8e8d-236c0c5e5f86
29f2fd7b9a4141bdbedda38026f9827f,T_P3T7U,IBRAHIMA,DOUCOURE,H,28/04/06,BIGNONA,39d4c182-823c-4af2-af40-6b4606efeece
e018777015f64741a2df1a0db6162ccd,T_JMR4T,MAMY MBERY,SANE,F,22/01/09,SIANDIAN,2ca38955-1375-4f48-9d0f-5776d5f35aaa
9f1e384ec8ea401aa9edf29f02521954,T_P236G,VIEUX SALOUM,DIALLO,H,22/04/03,BIGNONA,174c812e-2a3f-46ef-94d2-3c56c0cfa1e8
8775068634b44d33a3819b1c2bae809d,T_BJPD4,SERIGNE FALLOU KASSE,SANE,H,10/02/08,BIGNONA,18f98f31-a476-4844-8c98-fd5458b9713f
24ee65885ba34f87a7c08fa6ab315ab6,T_MUDK4,MAMADOU MOUSTAPHA,FATY,H,01/05/09,BIGNONA,3778ae72-a8dc-4f7e-912e-50c1b49d0c97
473411ea32524c85945123ac3119fde5,T_DGTUT,CHEIKH TIDIANE,DIEME,H,03/08/06,BIGNONA,3778ae72-a8dc-4f7e-912e-50c1b49d0c97
ab52404cf63049e386c4cdb3f4de0ebc,T_GK2UM,MOURATE,SECK,H,27/11/07,BIGNONA,e3d13f36-bd71-4331-a639-466801f7abb5
7e9c95bf9a1f4f24a0828637a001d450,T_DHH9U,LAMINE,COULIBALY,H,10/01/09,BIGNONA,ba5f3949-1ae7-438a-accd-ba6081488e49
4979e23c55cb4410a0243016f39def61,8CV9HT8D,MAME DIARRA,DIOP,F,14/09/07,BIGNONA,39d4c182-823c-4af2-af40-6b4606efeece
a1c24442cf3e4ddda931957eef7595b6,T_2DMBEM,MOUSSA,CISSOKHO,H,09/04/12,BIGNONA,174c812e-2a3f-46ef-94d2-3c56c0cfa1e8
d48bab93ca6d4ca6b1cbf383892572f7,T_4G277M,ALPHOUSSEYNI,TOURE,H,12/01/12,BIGNONA,174c812e-2a3f-46ef-94d2-3c56c0cfa1e8
48fc41c9def44532ae74ac4575f1c782,T_GHJC4,MAKAMANG LAMINE,HANE,H,24/05/07,PIKINE,ba5f3949-1ae7-438a-accd-ba6081488e49
f9e5dd1677ba4c1cb4d9a8338f04e6c9,4YYHKPWJ,SONA,BODIANG,F,13/09/06,DIOUBOUR,18f98f31-a476-4844-8c98-fd5458b9713f
00de5e9370d94f9799b2711345de1f01,6MTMBY83,AWA,MANE,F,05/09/11,BIGNONA,e3d13f36-bd71-4331-a639-466801f7abb5
f87a4a8a54e34e06b0f0e1bdc66021cf,3XXH9DJU,LAMINE,SANE,H,28/10/10,KOLDA,e3d13f36-bd71-4331-a639-466801f7abb5
6158160d7242400aa5e55d790f5a38f0,6WJGDBEK,FATOU (MAMADOU),DIEME,F,06/07/10,KEFESSE,89bcf47f-c492-4d35-976d-7a5035097b7a
ba804b64fb364ab2b3ab1d070dfa04ba,T_MMUKJ,OUMOU KALSOUM,SAGNA,F,04/03/07,BIGNONA,39d4c182-823c-4af2-af40-6b4606efeece
d6861d69b1174e19b227751e9d6790d4,T_ARHGT,MOUHAMED FAYE,SECK,H,05/09/12,BIGNONA,89bcf47f-c492-4d35-976d-7a5035097b7a
86e222d475084ac09190bba0029842e0,T_929NA,PEDRO CHRISTIAN,GOMIS,H,25/03/05,BIGNONA,3778ae72-a8dc-4f7e-912e-50c1b49d0c97
82918ef9c2ef48d284948b02231f2ff0,T_9DBN7,MARIE THERESE,SAGNA,F,16/11/04,BIGNONA,e3d13f36-bd71-4331-a639-466801f7abb5
d4d106ae42eb4d0cbea9d127e95e8f1e,T_DAU8G,PAPE SEKOU,DIALLO,H,28/12/08,BIGNONA,e70b56e4-3115-4898-8e8d-236c0c5e5f86
f7e98a9652a74e98bc171ad5daf55adb,T_37MR2,AISSATOU,DIEDHIOU,F,25/04/10,KAMOYA BADJICOUNDA,39d4c182-823c-4af2-af40-6b4606efeece
71bfaac5d1f94cbb8a28f48b102a0cc6,T_MMMR3,BOUBACAR,DIEDHIOU,H,25/07/06,BIGNONA,3778ae72-a8dc-4f7e-912e-50c1b49d0c97
ea02c55e31e3441b82e457296a04b742,T_9ERJA,MARIAMA,DJIBA,F,15/01/07,BIGNONA,e70b56e4-3115-4898-8e8d-236c0c5e5f86
f496c003b3684a4285c8943af9b04c07,8DHXC7MB,MANSATA,DIALLO,F,01/05/11,BARANDAMA,e70b56e4-3115-4898-8e8d-236c0c5e5f86
fcf49b811aa14a35a567a527684d9c83,T_RPRBD,IBRAHIMA,SANE,H,19/07/11,PIKINE,89bcf47f-c492-4d35-976d-7a5035097b7a
1a666996f4a34cd3a15ea0d4759de8af,T_JREPU,MAMADOU SENGHOR,SANE,H,25/05/11,KAGNAROU,174c812e-2a3f-46ef-94d2-3c56c0cfa1e8
8124e56e9d1642a0b8b0765b5e7a168b,T_U9UWW,FILY,SANE,F,01/08/07,DJINIPERE,2ca38955-1375-4f48-9d0f-5776d5f35aaa
0969e44e64904620a3196f9f6e76658f,T_EE64N,TIDA,MBAYE,F,30/11/04,BIGNONA,2ca38955-1375-4f48-9d0f-5776d5f35aaa
c5879b9346e7471db1785a772158821f,T_NFNF2,MOUHAMED MALANG,DJIBA,H,27/10/06,DIAMAGUENE,89bcf47f-c492-4d35-976d-7a5035097b7a
128cebcb7c5f4dd28e66a7966dd4c2ed,T_C9GWK,MAMADOU LAMINE,KONTE,H,15/06/07,BIGNONA,3778ae72-a8dc-4f7e-912e-50c1b49d0c97
e20422077d844e23b083f0693036a95b,T_P7H9J,NDEYE ASTOU,NDIAYE,F,05/01/08,BIGNONA,89bcf47f-c492-4d35-976d-7a5035097b7a
c7c3c625398f4c51a1e2240b7fe380de,T_4PR8F,MOUSSA,BADJI,H,18/02/07,BIGNONA,39d4c182-823c-4af2-af40-6b4606efeece
284ab537c9e648b4b70da8cbc545ee17,9KW4KMDH,MAMADOU LAMINE,GOUDIABY,H,29/01/07,BIGNONA,39d4c182-823c-4af2-af40-6b4606efeece
8c36a25a52414c2e90d993a02041364b,T_6BBJK,MAMADOU LAMINE,SADIO,H,12/02/04,Bignona,39d4c182-823c-4af2-af40-6b4606efeece
50c2c845841d4654ad67c69297f11c00,T_VAHPB,ABDOULAYE,DIAGNE,H,16/07/10,BIGNONA,e3d13f36-bd71-4331-a639-466801f7abb5
bf2df63f833d42a8956f94c885fb0eb1,T_F267J,BOUBACAR,BA,H,14/06/08,DJIGUINOUM,e70b56e4-3115-4898-8e8d-236c0c5e5f86
3b4dd972071b4629a956a8258fc9666a,7VDJMNAH,BOUBACAR FILIDIER,DRAME,H,29/10/09,BIGNONA,39d4c182-823c-4af2-af40-6b4606efeece
cabc1fad06784db081034eb488efa5c9,T_C2KDAM,AISSATOU DIAIDIA,DIALLO,F,07/12/11,BIGNONA,18f98f31-a476-4844-8c98-fd5458b9713f
b082f80a2d044b4db8e5e5a0182f724c,T_D8TJJ,DJIBY,GOUDIABY,H,03/03/03,Bignona,2ca38955-1375-4f48-9d0f-5776d5f35aaa
99b81a7da1c443db82130b2753b61f48,T_JERRM,AMPA SIMON,DIATTA,H,31/01/06,CAROUNATE,3778ae72-a8dc-4f7e-912e-50c1b49d0c97
feb0af7bc8e7427ab78e9e9ab1be7265,T_7WAVG,BINTA ABOMA,COLY,F,03/05/05,COLOMBA,89bcf47f-c492-4d35-976d-7a5035097b7a
de60ad3a25834fc3b6ba5b2bf9ed6df0,T_VAGP3,ADAMA,DIEME,F,01/02/04,EGUILAYE,2ca38955-1375-4f48-9d0f-5776d5f35aaa
682970737da946888137bd87e4d69225,7AVBEVM7,MAMADOU MOUSSA,MBENGUE,H,04/04/12,BIGNONA,3778ae72-a8dc-4f7e-912e-50c1b49d0c97
3f723053e16140f09d2797b386e2447c,9VRYP6TM,MAMADOU LAMINE,SAGNA,H,22/08/09,BIGNONA,89bcf47f-c492-4d35-976d-7a5035097b7a
5fbec98cfc344c29ba36404e4edf4951,T_RKJMBM,BABACAR,BADJI,H,08/01/10,OULAMPANE,39d4c182-823c-4af2-af40-6b4606efeece
7c3a18c6ff3145d69a28f81d1ce6b40c,T_M4PTK,PASCAL SYLVA BALANKOUI,SAGNA,H,16/04/06,BIGNONA,39d4c182-823c-4af2-af40-6b4606efeece
d11ead95793f4a53b1b14f9c9d3f2438,T_29AGP,AWA,DABO,F,01/12/04,DIAGNONDING,2ca38955-1375-4f48-9d0f-5776d5f35aaa
0c955ed0f52a46fc97fefd4d6e9f55c2,T_M63V3M,PAPE SOULEYMANE THIORO,CISSE,H,18/07/12,BIGNONA,ba5f3949-1ae7-438a-accd-ba6081488e49
dce3e3c123484ada8a7c851436561405,T_9RJ42,CHEIKH OMAR,TOURE,H,04/12/06,BIGNONA,2ca38955-1375-4f48-9d0f-5776d5f35aaa
ba38a02641a14f439e1ff4ca50ba2f5b,T_CJ9K9,MOHAMADOU LAMINE,BADJI,H,31/07/08,BANJUL(GAMBIE),18f98f31-a476-4844-8c98-fd5458b9713f
3a06ec0a38914c1b894467d998b9ca6f,T_B6KA2,SOUKEYNA,CAMARA,F,24/12/04,Bignona,ba5f3949-1ae7-438a-accd-ba6081488e49
22375652ae654af3b03c7ec6abc66ac4,8CA9YPBF,BOUBACAR SIDY,COLY,H,22/09/10,KARTIACK,89bcf47f-c492-4d35-976d-7a5035097b7a
a0b880f22a5943d9807a6f611ebf0c95,T_E66P7,NAZAIRE,BADJI,H,19/06/07,DIOUROU,e70b56e4-3115-4898-8e8d-236c0c5e5f86
a8e2af402f9147d1989ffb21d7f38c40,T_7DDV7,JEAN MAURICE,DIEME,H,26/02/13,DIOUROU,18f98f31-a476-4844-8c98-fd5458b9713f
2970f983a5324832808b9d2384f6e2ee,T_3D4VP,OMER FIACRE ANDRE,BADJI,H,19/08/02,Bignona,c12b5b2d-8b8b-4274-9fbd-8d38d7bca536
47b32f7642234da2a8de4459bee3b201,T_7VG6F,RICHARD,DIEME,H,12/12/06,Bignona,174c812e-2a3f-46ef-94d2-3c56c0cfa1e8
45e4c52a37324fc18f7fe8310f23b241,T_TGNHU,FAMARA,DEMBA,H,15/01/07,BIGNONA,174c812e-2a3f-46ef-94d2-3c56c0cfa1e8
e1767d37cb1e480794c39cbccc994cac,T_9P4B2,MAME SALY,SANE,F,03/05/08,BIGNONA,ba5f3949-1ae7-438a-accd-ba6081488e49
f40861482c3948499f6c06d115aa0a98,8WEPEUCV,MAMADOU LAMINE,COLY,H,19/09/08,BIGNONA,ba5f3949-1ae7-438a-accd-ba6081488e49
6d329d9c3e2d4765803a2c02cca02160,4J68DHNQ,BOUBACAR,KONTA,H,30/01/11,BIGNONA,39d4c182-823c-4af2-af40-6b4606efeece
f05ffa68c04e435e973ded923194cbcb,4DMV7KM9,MAMADOU,SANE,H,18/05/08,MARSSASSOUM,c12b5b2d-8b8b-4274-9fbd-8d38d7bca536
2f9bf5bcc13840be9a9ccc18390d338b,T_GF67V,FATOUMATA BINTOU,NDIAYE,H,08/10/06,BIGNONA,89bcf47f-c492-4d35-976d-7a5035097b7a
b6591f5b6db54409b65e8154aafdbcb5,9VUDH4XB,MAMADOU,SAGNA,H,20/02/11,BIGNONA,39d4c182-823c-4af2-af40-6b4606efeece
c9b50834a28c4d3282319c58d7419fa2,T_66WHK,APPOLINAIRE,BASSENE,H,06/08/09,BOUHOUYOU,39d4c182-823c-4af2-af40-6b4606efeece
921cd56ebe384f30b96d7af15b28d941,T_T6KE7,AMINATA,GOUDIABY,F,05/10/13,BIGNONA,c12b5b2d-8b8b-4274-9fbd-8d38d7bca536
a48dc6d5e03b4775bb11b07fc024b7c6,T_KW8MB,ELISABETH BANNA,MANGA,F,25/03/13,MLOMP HAER,ba5f3949-1ae7-438a-accd-ba6081488e49
94e1a01091b94ba6b51ec20bf1d798c0,T_6NU4F,ALBERT,COLY,H,24/12/05,BIGNONA,e3d13f36-bd71-4331-a639-466801f7abb5
d17b00d0792f46d983c456c42241bae3,T_VJMEM,RAMATOULAYE,SAGNA,F,21/06/06,BIGNONA,ba5f3949-1ae7-438a-accd-ba6081488e49
c5d09c0c524b481c97cdc27a854dc167,T_U9UWW,FILY,SANE,F,01/08/07,DJINIPERE,3778ae72-a8dc-4f7e-912e-50c1b49d0c97
d1b4faf9719843ed948abf342f3e481c,T_7RRWE,ALIOU BADARA,CAMARA,H,03/10/10,OUONCK,18f98f31-a476-4844-8c98-fd5458b9713f
e6b8c5d0f9714c50b30c210ce4159850,T_36MRU,PAPE SDIY,TOURE,H,09/07/10,BIGNONA,e70b56e4-3115-4898-8e8d-236c0c5e5f86
3c05a781b1714a68a4b03de93247caa6,T_4D4R4,NDEYE SOKHNA,CAMARA,F,04/05/06,BIGNONA,e3d13f36-bd71-4331-a639-466801f7abb5
95a2d7b8a2c44930af8cb4ba78d10960,T_762DP,NDEYE MAREME SODA,BODIAN,F,14/08/07,DIATTANG,89bcf47f-c492-4d35-976d-7a5035097b7a
11b6afe4752a44178f0d8ac31ca4152d,T_RJRBF,ASSANE,SANE,F,09/10/06,BIGNONA,e3d13f36-bd71-4331-a639-466801f7abb5
89b20181d49d40e497e23f1bf080e1d5,T_TGNHU,FAMARA,DEMBA,H,15/01/07,BIGNONA,2ca38955-1375-4f48-9d0f-5776d5f35aaa
62d4d9ff46af4f6880f2f02922bde59e,7C9GMUFU,JEANCHARLES,SANE,H,01/01/10,BIGNONA,2ca38955-1375-4f48-9d0f-5776d5f35aaa
f894d30da16646ed9b84adbcb9ab8946,T_W38AJM,SEYNABOU,SANE,F,07/03/10,BIGNONA,c12b5b2d-8b8b-4274-9fbd-8d38d7bca536
da6e0d93578a41b58a8a7ca5156ed105,T_GH4CG,IBRAHIMA,SAMB,H,31/10/11,NIAKOULRAB,39d4c182-823c-4af2-af40-6b4606efeece
2828b19589934985afae063ef1db0a36,T_EWJN7,ALICE MARTA,SAGNA,F,03/03/03,Piran,3778ae72-a8dc-4f7e-912e-50c1b49d0c97
5876643abfe64a4685a90c89154507f0,T_G3FHC,AWA,GOUDIABY,F,18/01/06,BIGNONA,18f98f31-a476-4844-8c98-fd5458b9713f
11d3c625ee2f4cd3a22c1a1b3da0c02c,T_BT989,FANTA,CAMARA,F,09/09/07,BIGNONA,39d4c182-823c-4af2-af40-6b4606efeece
0a84d2411fb54b0a902dedfa430453b0,T_VN8K4,YOUSSOUPH,MANGA,H,03/03/06,BIGNONA,89bcf47f-c492-4d35-976d-7a5035097b7a
57a4441918d7475b8d75a815cd8d78c7,T_D4EGU,OMAR,COLY,H,05/03/11,BANDJIKAKY,ba5f3949-1ae7-438a-accd-ba6081488e49
2ce7cf9d18644a21a36f48d700a6c30d,T_K6F8N,AWA DIA,DIEDHIOU,F,04/03/06,BOUREK,2ca38955-1375-4f48-9d0f-5776d5f35aaa
5262d78fc30b4dc5bbbc885ba41a05f6,T_EUKTR,MARIAMA,DIOP,F,24/04/07,BIGNONA,e70b56e4-3115-4898-8e8d-236c0c5e5f86
b19581a056a2474e9f9aeb60426d21c3,T_D67K7,NDEYE KHADIDIATOU,SANE,F,26/01/08,BIGNONA,c12b5b2d-8b8b-4274-9fbd-8d38d7bca536
b43082f91d3845ea8d482eb254beb563,T_7EWW9,OUSMANE,DRAME,H,24/09/04,Bignona,18f98f31-a476-4844-8c98-fd5458b9713f
89f5f7c39ffa4e558a0b9a2c5bf844ae,T_DPRPH,ADAMA,MANE,F,13/10/03,DIAO SIMACOUNDA,c12b5b2d-8b8b-4274-9fbd-8d38d7bca536
2cfe54f6148f42199679b0bfabaeb068,T_6TPJH,ALPHA OUMAR,DIALLO,H,25/09/21,BIGNONA,ba5f3949-1ae7-438a-accd-ba6081488e49
cf482b71db064abf93d51a4f2f054383,T_H6G7J,OUMAR,SOW,H,12/04/08,BIGNONA,e70b56e4-3115-4898-8e8d-236c0c5e5f86
54d385af62e943a8b4a6117da88c230d,9F4TDQJH,AMINATA,MANE,F,11/05/06,BIGNONA,2ca38955-1375-4f48-9d0f-5776d5f35aaa
82595762e0dd4dad9ba60e6412570d3a,T_KNCN8M,ISIDOR EDMOND,SANE,H,29/01/10,BIGNONA,e70b56e4-3115-4898-8e8d-236c0c5e5f86
cb28e67903504a889472a1da513c25ff,T_FVMBB,NAFY,DABO,F,25/03/07,NDIAMA,c12b5b2d-8b8b-4274-9fbd-8d38d7bca536
57abaeb2aed445549550805f56f1bd47,T_JAVBM,FELIX,COLY,H,08/06/08,BIGNONA,2ca38955-1375-4f48-9d0f-5776d5f35aaa
46b4498020ed4795b3803d999557d8b8,T_7JAUR,SALOMON DAVID,MANGA,H,06/03/09,BIGNONA,e3d13f36-bd71-4331-a639-466801f7abb5
ccd65541f2b34d62b1117c5bd39e09d8,T_3KUPW,FATOU,MANE,F,28/05/05,BIGNONA,e70b56e4-3115-4898-8e8d-236c0c5e5f86
e675e50d23dd4d8e94a43401d643f84f,T_EWK9A,MARIAMA,DIEME,F,27/01/08,BIGNONA,18f98f31-a476-4844-8c98-fd5458b9713f
8176b3bece0b4a5db6caa82288e3fb45,8PDM9M36,MOUHAMED,TOURE,H,07/10/11,KEUR BIRANE,3778ae72-a8dc-4f7e-912e-50c1b49d0c97
d71efffa08904dbb830f6dc33e50b824,T_3D8JK,KARFA,DRAME,H,03/09/11,BIGNONA,2ca38955-1375-4f48-9d0f-5776d5f35aaa
f637509792a24ca29d7dfc6b0c319fe5,T_67HVT,PIERRE EDOUARD,COLY,H,16/09/06,BIGNONA,c12b5b2d-8b8b-4274-9fbd-8d38d7bca536
ba3a2a423ab44d448b101bf9f6359ea0,T_P8MR8,MOUHAMADOU,SOW,H,04/08/11,KEUR MASSAR,2ca38955-1375-4f48-9d0f-5776d5f35aaa
d0a6e5fb3f464e138a3c749d40f4af44,T_MKJV4,HENRIETTE,NGOM,F,05/01/03,DAKAR,174c812e-2a3f-46ef-94d2-3c56c0cfa1e8
a8807f026af947a5ae6b977aece6b3c8,T_DGTUT,CHEIKH TIDIANE,DIEME,H,03/08/06,BIGNONA,3778ae72-a8dc-4f7e-912e-50c1b49d0c97
a7cef54153b54053931d7e3813c33949,9FCVPAJC,MALICK,BADJI,H,13/04/09,DJILACOUNE,2ca38955-1375-4f48-9d0f-5776d5f35aaa
012c8a22e5f14db08ce012465f82b21e,9RDT8PH6,FATOU,DIALLO,F,11/12/07,BIGNONA,39d4c182-823c-4af2-af40-6b4606efeece
86d606ca511a4a83b292461978a47c7e,T_RAFPU,BARA,BATHILY,H,01/01/11,BIGNONA,3778ae72-a8dc-4f7e-912e-50c1b49d0c97
73751d8ba9984044a5e8a2f8fb4ac984,T_J7WDT,SADIO TOMBON,DIEME,F,25/11/06,EGUILAYE,e70b56e4-3115-4898-8e8d-236c0c5e5f86
187ec0b1953343d7b73f59d06085ab83,T_DN3HE,ISMAILA,TRAORE,H,04/04/08,TENGHORI,89bcf47f-c492-4d35-976d-7a5035097b7a
271714442c2d4853afc4e5d544382430,T_B7AJF,TIDA,SAGNA,F,28/01/05,KOLDA,c12b5b2d-8b8b-4274-9fbd-8d38d7bca536
3ed0d17c8a134f7fb41e02561e5969eb,T_MARG9,FATOU,DIALLO,F,11/12/07,BIGNONA,89bcf47f-c492-4d35-976d-7a5035097b7a
dca82e4dece94885888dcdb25c13af14,T_B2FRF,CHERIF,DIALLO,H,11/01/08,BIGNONA,c12b5b2d-8b8b-4274-9fbd-8d38d7bca536
2382f0670c254aa5842dff66a3074c11,T_4VNUJ,CHRISTOPH ARMAND,SAGNA,H,11/06/07,DIOUROU,89bcf47f-c492-4d35-976d-7a5035097b7a
ac4cd7cca7c54919b454bd4e112b52e2,T_3EH3C,CESAR,DIEDHIOU,H,19/05/12,KOUTENGHOR,ba5f3949-1ae7-438a-accd-ba6081488e49
40ddf7c795484ff588136b4565efa898,T_CA7HWM,ALIOUNE,TOURE,H,15/11/11,BIGNONA,39d4c182-823c-4af2-af40-6b4606efeece
7daad8a92dcf48589c76ad5d5200a14e,T_DBEKD,BRUNO AUGUSTIN BARNABE,DIEME,H,19/02/03,Bignona,18f98f31-a476-4844-8c98-fd5458b9713f
b86269418f524fa38a22a88c14804f34,T_9D3JB,MOUSSA BALLA,SONKO,H,10/02/08,BIGNONA,2ca38955-1375-4f48-9d0f-5776d5f35aaa
543f809268544efb923eedccbf93af5e,T_T477D,SECKOU,SANE,H,08/08/08,SIBICOUROTO,c12b5b2d-8b8b-4274-9fbd-8d38d7bca536
74e50ca7fe0a4544a329d6ab380dfaba,T_CUM7D,NDEYE AWA,SANE,F,06/03/09,BIGNONA,c12b5b2d-8b8b-4274-9fbd-8d38d7bca536
52f8213d9ede4b4a9b2a1d9028827de5,6HR9FRJY,VIRGINIE,COLY,F,04/04/09,PIRAN,e70b56e4-3115-4898-8e8d-236c0c5e5f86
866c867d80294f18986e087ac5b6c7fe,9YH4NHVE,SARATA,SAGNA,F,16/09/02,BIGNONA,39d4c182-823c-4af2-af40-6b4606efeece
4133ad8c130e4ced851b9775532bef08,9TRHHP8A,NDEYE,SANE,F,02/03/09,DJILONGUIA,3778ae72-a8dc-4f7e-912e-50c1b49d0c97
f2dfad2565994c90be5a01a450c9c605,T_7V27E,NDEYE GNIMA,SAMOURE,F,26/12/06,BIGNONA,3778ae72-a8dc-4f7e-912e-50c1b49d0c97
19cda11042044e25910cd49ba81d5c39,T_TUC6F,NESTORE ROLANDE,BADJI,H,22/01/04,Piran,ba5f3949-1ae7-438a-accd-ba6081488e49
f818017da8cc4a7bb1a4b8632c5864c9,T_99TUW,ABDOULAYE,SANE,H,04/04/08,BIGNONA,39d4c182-823c-4af2-af40-6b4606efeece
12970e1e383a4d3d99e4b76950063237,T_CN2T2,ABDOULAYE SADIO,SANE,H,10/06/07,BIGNONA,e70b56e4-3115-4898-8e8d-236c0c5e5f86
d10dd969b49c478d847c3fe2d30f665e,T_37MR2,AISSATOU,DIEDHIOU,F,25/04/10,KAMOYA BADJICOUNDA,89bcf47f-c492-4d35-976d-7a5035097b7a
b11df556dc6e41d3b7aa960b23ef6314,8QMV7A8R,KHOUDIA,DIATTA,F,06/01/11,BIGNONA,18f98f31-a476-4844-8c98-fd5458b9713f
bce63dd9a1454a79bd9563ec9efbff97,T_DJ9BD,LAMINE,CAMARA,H,25/02/13,BIGNONA,c12b5b2d-8b8b-4274-9fbd-8d38d7bca536
2a40d6acd95d4e5497a81030f3a4a2bd,T_8WNUAM,THOMAS VINCENT DE PAUL,SAMBOU,H,15/01/12,BIGNONA,18f98f31-a476-4844-8c98-fd5458b9713f
20f2505820fe48a58ffab2a5141a692a,T_WU6ME,MARIAMA CIRE,CAMARA,F,01/07/06,BIGNONA,18f98f31-a476-4844-8c98-fd5458b9713f
8691295dc3b74fcb8b4682de36a2c4bd,T_WECER,FATOU DIARRA,SANE,F,03/03/09,DIAFILONG,174c812e-2a3f-46ef-94d2-3c56c0cfa1e8
fb61f7e9fadb47e4b4b2eec8816f0528,T_9MN8B,MAMADOU,SAMBOU,H,16/06/04,Bignona,c12b5b2d-8b8b-4274-9fbd-8d38d7bca536
8f7be973299240d89c24ad12acd8c246,T_RDEG4,AISSATOU DIALLO,SOW,F,04/11/04,Bignona,e70b56e4-3115-4898-8e8d-236c0c5e5f86
287494e399b949ae90c94046c64dc79b,3RWQEW66,SARATA,BADIANE,F,29/08/06,DAKAR,18f98f31-a476-4844-8c98-fd5458b9713f
da06f52ff7384c8683630d92ce28aa8d,T_UB92D,MOUHAMED,TOURE,H,10/09/09,BIGNONA,39d4c182-823c-4af2-af40-6b4606efeece
37299901c9e1478c8cec1f819b538b97,T_RKT6N,MAMADY,DIEDHIOU,H,19/02/14,BIGNONA,39d4c182-823c-4af2-af40-6b4606efeece
5c76f301cc214dd6951424c454fcb173,T_8AD6C,DAOUDA JUNIOR,GOUDIABY,H,02/05/06,Bignona,c12b5b2d-8b8b-4274-9fbd-8d38d7bca536
e20cf47e54624228bd4ad196f2de583f,T_VNFMT,ASSANE,SECK,H,01/03/07,BIGNONA,e70b56e4-3115-4898-8e8d-236c0c5e5f86
4ad9667cedb94a6e825769d09848fb7b,T_W676U,SOULEYMANE,SAKHO,H,05/05/09,BIGNONA,39d4c182-823c-4af2-af40-6b4606efeece
17eb63df33f446f0bc4f4b83a41c48ed,T_EHKMU,FATOU,KEBE,F,27/08/08,BIGNONA,174c812e-2a3f-46ef-94d2-3c56c0cfa1e8
01c2366f768e47efab0fe976859e3902,T_T4NPH,SAFIETOU,MANGA,F,21/07/11,TENGHORI,18f98f31-a476-4844-8c98-fd5458b9713f
a4711ec87c2045e7aba9d42fa1ebcc60,4EKJXM74,ALEXANDRE,COLY,H,02/02/10,DIAMAGUENE,e70b56e4-3115-4898-8e8d-236c0c5e5f86
7f08beb256f64cec9a310c5791f5393c,3FC8MHFQ,ABLAYE,COLY,H,01/01/12,BIGNONA,c12b5b2d-8b8b-4274-9fbd-8d38d7bca536
0c1343609b4e432481a8351332ec9b95,3QENCNNH,MAMADOU LAMINE,DRAME,H,15/07/11,BIGNONA,c12b5b2d-8b8b-4274-9fbd-8d38d7bca536
1fd09cd1362943d9b746639eca048fd2,T_NKJRU,CHRISTINE GUINEGONDE,BADJI,F,04/02/06,PIRAN,ba5f3949-1ae7-438a-accd-ba6081488e49
f128578e60404b5a9058c15c32f86143,T_R2398,FATOUMATA,DIA,F,10/05/03,Dakar,174c812e-2a3f-46ef-94d2-3c56c0cfa1e8
2fc0758c3aab400b9bea937c70381fe4,T_28EDC,FATOU,DIALLO,F,04/09/06,BIGNONA,174c812e-2a3f-46ef-94d2-3c56c0cfa1e8
969489a42d264cfd9fe7534b5dc0eb2c,T_GB29T,AWA,SAMBOU,F,05/02/05,BIGNONA,3778ae72-a8dc-4f7e-912e-50c1b49d0c97
57296f2ce71b4ed5a1be1a2d55c2b359,T_C3W3N,CHERIF YOUNOUSSE,COLY,H,25/01/09,BIGNONA,ba5f3949-1ae7-438a-accd-ba6081488e49
c55c2a73965b4bdebdc0029feabfa5bb,T_99TUW,ABDOULAYE,SANE,H,04/04/08,BIGNONA,174c812e-2a3f-46ef-94d2-3c56c0cfa1e8
ffd8c2d9841d44248b98f8f6ccc16699,T_9F93D,MARIE LOUISE,DIEME,F,07/01/04,Bignona,174c812e-2a3f-46ef-94d2-3c56c0cfa1e8
48fc9800a90242e9b9dcf3b62e0c75ae,T_2JF9C,KODOU,BADJI,F,25/03/05,KOBA SELETY,c12b5b2d-8b8b-4274-9fbd-8d38d7bca536
3529b46ace5947cca0a6a5a30a6ee587,T_JB39D,PAPA ABDOU,TRAORE,H,08/07/06,BIGNONA,e3d13f36-bd71-4331-a639-466801f7abb5
5a425b5085c54b42a2ec603239d0213a,T_NF6T9,AMI,GOUDIABY,F,15/05/10,PIRAN,89bcf47f-c492-4d35-976d-7a5035097b7a
34dfc412c365417baab0a735926336d7,3KUKRKA7,IBRAHIMA,DIATTA,H,29/09/07,BIGNONA,89bcf47f-c492-4d35-976d-7a5035097b7a
4111c91628af426c825722755cc92ba0,T_V3UJP,MARIAMA JACKY,BADJI,F,08/08/12,BIGNONA,174c812e-2a3f-46ef-94d2-3c56c0cfa1e8
00b4f195a71249fc9dc09cf7a07c92b7,T_6E6B6,MOUSSA,BADIANE,H,14/03/07,ZIGUINCHOR,18f98f31-a476-4844-8c98-fd5458b9713f
ad95d78515364f13bf8b2b0ddfbb51c1,T_RPEFD,ELI LAURENT,COLY,H,13/06/07,BIGNONA,174c812e-2a3f-46ef-94d2-3c56c0cfa1e8
ff35e1c1e77b4c3e8ed960780db3b045,T_WPNKT,ISAK RIGOBERD,MANGA,H,28/01/07,BIGNONA,3778ae72-a8dc-4f7e-912e-50c1b49d0c97
c27b011fc39f4e7cb8a364411eb8b9f8,T_G4EBK,PENDA,KEITA,F,24/05/04,BIGNONA,39d4c182-823c-4af2-af40-6b4606efeece
c40b85e081ab4f2ea040082ef1ce1a20,4PRKE6VX,MARIETOU,DIEDHIOU,F,14/04/07,MANDOUARD2,ba5f3949-1ae7-438a-accd-ba6081488e49
d126fb7e0f0246bc8322bf861665480b,4PN73CVQ,DJIBRIL,BOYE,H,12/01/10,BIGNONA,3778ae72-a8dc-4f7e-912e-50c1b49d0c97
70f06919f0144af89fbf2abf09e79d6e,6RNRTMA9,KHADY NDIAYE,GOUDIABY,F,18/10/09,KAGNAROU,2ca38955-1375-4f48-9d0f-5776d5f35aaa
4a06199879194dc6bdc2f90ce1f09339,T_BVHD8,FATOU FANTA,COLY,F,28/06/06,BIGNONA,3778ae72-a8dc-4f7e-912e-50c1b49d0c97
c4f78defefea42728c5445c6b397770c,T_HFGED,FATOU,DJIBA,F,09/01/03,NDIAGNE,39d4c182-823c-4af2-af40-6b4606efeece
c4ee5f7ebfcb4ce1973659048d5d61c9,T_TPBJU,SALIMATA,COLY,F,18/03/08,PIRAN,e70b56e4-3115-4898-8e8d-236c0c5e5f86
2e42b6a8be3247dcb827399bc2b4686e,T_9WEC3,THIERNO MAMOUDOU,DIALLO,H,28/02/06,BIGNONA,e70b56e4-3115-4898-8e8d-236c0c5e5f86
0b63834947b94ab68f00b86d004d5ebd,T_6TH83,IBRAHIMA SOLY,SANE,H,09/02/12,THIES,39d4c182-823c-4af2-af40-6b4606efeece
bf0834b39f2c4524952d8e8e45c43d9f,T_VD27H,CHEIKH,DIENG,H,15/01/05,BIGNONA,e3d13f36-bd71-4331-a639-466801f7abb5
7eb5ae1ed9174030b93cee935c8e798b,T_MVU8V,AWA,DIALLO,F,12/06/04,BIGNONA,174c812e-2a3f-46ef-94d2-3c56c0cfa1e8
b0d2aeb7877941c690bb3a5b343283e5,T_N3T7F,ALPHA,DIEME,H,24/09/04,Bignona,174c812e-2a3f-46ef-94d2-3c56c0cfa1e8
2710e43a46684af9a413a334ea1d1b50,T_K7CA6,MAMADOU MOUSLIHOU,DIALLO,H,20/03/10,BIGNONA,174c812e-2a3f-46ef-94d2-3c56c0cfa1e8
22d483e2e80046fdbb9668df1fec7cb1,T_7N7RE,MOUHAMED,DABO,H,21/12/12,GUEDIAWAYE,18f98f31-a476-4844-8c98-fd5458b9713f
20d4fb8cd3b94af485802b84aaf7ef79,T_7E8AW,TOUMANY,CISSE,H,15/09/04,PIKINE,18f98f31-a476-4844-8c98-fd5458b9713f
d2f1651a73644f25a0a3c776697a2975,T_G9EDV,FLORA EDWIGE DOROTE,BADJI,F,29/02/08,BIGNONA,174c812e-2a3f-46ef-94d2-3c56c0cfa1e8
497e29a1e5d14aa595e9288a4db5c97d,T_PWHVB,IBRAHIMA,DIATTA,H,29/09/07,BIGNONA,39d4c182-823c-4af2-af40-6b4606efeece
b168ac0e8fe7463c944e0e49a10c0ebd,T_46PDH,MAHMOUD,NIASSY,H,20/10/05,BIGNONA,c12b5b2d-8b8b-4274-9fbd-8d38d7bca536
fda3c545bdaf4fc485ce72d91e9b4bd3,T_RPNVM,BAYE LYME SEMOU,BANORA,H,16/03/04,Ziguinchor,2ca38955-1375-4f48-9d0f-5776d5f35aaa
a9e3a0f210cf4efda5fc3815a299d232,T_HBFFT,MA AWA,KONTE,F,08/04/08,BIGNONA,3778ae72-a8dc-4f7e-912e-50c1b49d0c97
9fc780cfe2724df88a5e7ad79648f906,T_VHVGG,THIERNO SAMBA,DIAO,H,03/10/09,TENGHORI,2ca38955-1375-4f48-9d0f-5776d5f35aaa
07182da0c3dd486f9ae65acce8c7f69f,7UQBVU6F,DALOBA,DIASSY,F,15/10/06,BIGNONA,18f98f31-a476-4844-8c98-fd5458b9713f
7c8819672d9549e186e3af76575df94b,T_K4HBA,SIDYA,BADJI,H,16/12/13,BIGNONA,39d4c182-823c-4af2-af40-6b4606efeece
020fad951d2844f2ae17618a4a261bf0,T_9DVAK,OUSMANE SECKOU,DIOP,H,16/03/06,BIGNONA,89bcf47f-c492-4d35-976d-7a5035097b7a
c2d7f6b9b6b44c17a85be6b1066c8e7e,T_R363P,MAKHAN,DANFAKHA,H,24/05/05,BIGNONA,e3d13f36-bd71-4331-a639-466801f7abb5
de9da05563cd4aad824e0ec14884679b,T_NP847,VICTOR,SAGNA,H,15/01/06,BIGNONA,174c812e-2a3f-46ef-94d2-3c56c0cfa1e8
8bb015054f1f49e59a3dde44c8bf565c,T_7TBWW,CHRISTINE BERNADETTE,COLY,F,06/05/09,SOUTOU,c12b5b2d-8b8b-4274-9fbd-8d38d7bca536
1b166e77cb2948f899928b01fb7f6c42,T_6RM9M,EDOUARD,SAGNA,H,30/04/09,DAKAR,ba5f3949-1ae7-438a-accd-ba6081488e49
0cd78584e7994abda7b521d32fd7719c,T_NM2VH,SEYDOU,DIEME,H,02/03/13,BELAYE,39d4c182-823c-4af2-af40-6b4606efeece
5f37d1d034d34531870cc4a7746dc967,T_WP6KU,BINTA,DIOCOU,F,12/08/03,Bignona,18f98f31-a476-4844-8c98-fd5458b9713f
1ac90a2fa57140d8a4acc7613a2fc27b,T_FWM32,ABOUBACAR KARAMO,CAMARA,H,25/10/06,BIGNONA,18f98f31-a476-4844-8c98-fd5458b9713f
1fed4577268e41fda7fcf07028b16d6b,T_RCTNC,NDEYE AMINATA,DIATTA,F,11/10/07,BIGNONA,e70b56e4-3115-4898-8e8d-236c0c5e5f86
3c83e63e728f427fb76f6aa825100d2b,9Q8RWXUE,MARIAMA,DRAME,F,23/09/11,BIGNONA,18f98f31-a476-4844-8c98-fd5458b9713f
22632ebbb9104a6b825d57164704906f,8X9TGMXY,SENEBOU,DIOKHANE,F,13/07/11,BIGNONA,3778ae72-a8dc-4f7e-912e-50c1b49d0c97
bd6b9ce90c8f4f53847d764a815bac8f,T_HTAAV,TOUSSAINT LEON,MANGA,H,30/04/07,BIGNONA,e3d13f36-bd71-4331-a639-466801f7abb5
e35561b0960040ba8bc0c22ec81a5130,3PHHYWYX,BINTOU,CISSE,F,01/04/06,BIGNONA,174c812e-2a3f-46ef-94d2-3c56c0cfa1e8
6c56ad6574b54e34be4b8713b0973eef,8MPJWNM6,NGAGNE DEMBA,SOUMARE,H,26/11/10,BIGNONA,e70b56e4-3115-4898-8e8d-236c0c5e5f86
dc9346d9f31b4db1b94edfd6fe9c9b59,T_CCFFD,JULES PASCAL,DIEME,H,14/02/04,Bignona,174c812e-2a3f-46ef-94d2-3c56c0cfa1e8
cf4b67485cfd48e495ed3baa4b55e3b9,T_NJ49U,NIALING,DRAME,F,05/05/09,NIAMONE,e3d13f36-bd71-4331-a639-466801f7abb5
1b7b3523e48c44d08baf2a6f45ba68c8,T_BKWJD,ALIOU BADARA,SANE,H,05/06/04,BAGAYA,89bcf47f-c492-4d35-976d-7a5035097b7a
258d0296e4724d108233461c864ee857,T_GMJ2C,OUSSEYNATOU,BADJI,F,23/03/05,BIGNONA,39d4c182-823c-4af2-af40-6b4606efeece
0ce5c1edf2a54bcc8c56608b4b1977f0,9VUDH4XB,MAMADOU,SAGNA,H,20/02/11,BIGNONA,2ca38955-1375-4f48-9d0f-5776d5f35aaa
f105ed989d5f451a8fad3a3362985752,6BCTYHNV,MOUSSA FATY,TOURE,H,23/03/10,BIGNONA,e3d13f36-bd71-4331-a639-466801f7abb5
8085d876e3634a3b82c34a580b9e5bf7,9GNMJUKH,BANNA,DRAME,F,11/08/10,BIGNONA,e70b56e4-3115-4898-8e8d-236c0c5e5f86
c61f9044390b4954b375985d8eb5c041,T_MAK4JM,ALIMA,DIAHITE,F,09/11/13,SILATHIAYE,2ca38955-1375-4f48-9d0f-5776d5f35aaa
8fff68fbd5d64051a01c1bb6aa7a1fa6,9YH4NHVE,SARATA,SAGNA,F,16/09/02,BIGNONA,174c812e-2a3f-46ef-94d2-3c56c0cfa1e8
5ea9a3e3c1644d3cba60d0a6657e0b02,T_MNBA7,OUSMANE,BODIAN,H,13/03/03,COUBANACK,c12b5b2d-8b8b-4274-9fbd-8d38d7bca536
21a079c835ee489b8d35bdab05af5e0c,T_4PR8F,MOUSSA,BADJI,H,18/02/07,BIGNONA,3778ae72-a8dc-4f7e-912e-50c1b49d0c97
761edfa62989458bbf2c11171afc2256,T_EAGCM,MARIAMA,BADJI,H,05/04/08,DAKAR,89bcf47f-c492-4d35-976d-7a5035097b7a
bebacd04e1764114add6b570f1880390,T_B8RPK,CHEIKH TIDIANE AIDARA,MANE,H,15/05/03,DAKAR,c12b5b2d-8b8b-4274-9fbd-8d38d7bca536
4eb0ff45fe944bb09e3016ac4f108610,T_W6U4T,MOHAMED,DIOP,H,02/11/06,BIGNONA,39d4c182-823c-4af2-af40-6b4606efeece
973d48531a17484485dc198519d9ae93,T_4K6DP,OMAR MATAR,TAMBA,H,11/06/09,BIGNONA,ba5f3949-1ae7-438a-accd-ba6081488e49
c8496db78cb343afb3e6960f88705097,T_9D3JB,MOUSSA BALLA,SONKO,H,10/02/08,BIGNONA,c12b5b2d-8b8b-4274-9fbd-8d38d7bca536
e12e91e7e6c8448f8fdd043c261f1669,6EQ4ACBP,MARIE LOUISE,BADJI,F,13/11/08,BIGNONA,2ca38955-1375-4f48-9d0f-5776d5f35aaa
ffacd73358ee4a0aabbd2cb565970bbc,9PDNK6XY,ALIOU,SAGNA,H,01/12/10,TENGHORI,2ca38955-1375-4f48-9d0f-5776d5f35aaa
92a4b02b810c4892b1026ed491723daa,T_7GNE7,FA SYLLA,SANE,H,20/05/07,MAROUGOUNE,39d4c182-823c-4af2-af40-6b4606efeece
0096724bc4244d2592e2c012879f9f91,T_U3DJJ,FATOU,SONKO,F,19/03/06,PIKINE,39d4c182-823c-4af2-af40-6b4606efeece
7b456cb83acb4dd89efd69670f56ad02,T_RB6JH,FANTA,KAMARA,F,15/06/06,BIGNONA,c12b5b2d-8b8b-4274-9fbd-8d38d7bca536
c5538c897a6749fc92e0a05571b0a281,T_KPV43,MARIAMA,GASSAMA,F,25/01/07,FRANCOUNDA DIOLA,ba5f3949-1ae7-438a-accd-ba6081488e49
77c6faeede0a4e229dd699ad1ab8b330,7NXBBBRM,MAME DIARRA,DIALLO,F,15/01/11,BIGNONA,ba5f3949-1ae7-438a-accd-ba6081488e49
202a7e79268f4c1888f6873475a3331a,T_C2KDAM,AISSATOU DIADIA,DIALLO,F,07/12/11,BIGNONA,c12b5b2d-8b8b-4274-9fbd-8d38d7bca536
ec691dafd60049c48bb6c6d96fc9377f,T_JG9KP,SERIGNE SALIOU,COLY,H,18/02/04,Piran,e70b56e4-3115-4898-8e8d-236c0c5e5f86
7f4eca8ee81a48e7856ea9beb71eae87,T_6W8PV,FANTA,BODIAN,F,08/12/06,BIGNONA,e3d13f36-bd71-4331-a639-466801f7abb5
24ec3c0b7a3f4e458dc94efe0f8ab515,T_PF492,ABDOU AZIZ,SANE,H,17/05/13,BIGNONA,89bcf47f-c492-4d35-976d-7a5035097b7a
2f04827684c04c4da241c14d0322c287,T_8232U,SEYNABOU,DIATTA,F,15/10/06,THIONCK-ESSYL,174c812e-2a3f-46ef-94d2-3c56c0cfa1e8
e7765fcef7c442c5a19a57bf2747b5f0,T_VBNVB,DIALIKA,MANE,F,05/10/06,BIGNONA,e3d13f36-bd71-4331-a639-466801f7abb5
c537870a05114051869b457c1dacb47c,T_UB76J,MAMADOU LAMINE,TAMBA,H,03/04/09,KEUR MASSAR,39d4c182-823c-4af2-af40-6b4606efeece
3af56713ac854b12acb111690d5eb5dc,9VN733HK,AWA,MANGA,F,05/01/08,BIGNONA,e3d13f36-bd71-4331-a639-466801f7abb5
db7f826b64ad4f33b69343cf71b048e3,T_42H2K,LAMINE SENGHORE,BADJI,H,04/04/05,BAGAYA,39d4c182-823c-4af2-af40-6b4606efeece
1aeca40eedeb4a5ab98297ab8a854fbd,T_FMVRN,MATHIAS ANSELME JACQUES,BADJI,H,14/10/06,BIGNONA,39d4c182-823c-4af2-af40-6b4606efeece
8b276be1fa8f42eb8e2fbac6f17cde53,T_DW7TV,AISSATOU,DOUCOURE,F,15/03/05,BIGNONA,18f98f31-a476-4844-8c98-fd5458b9713f
c93babc12f72486893d72ebf003d4175,6XXKFW48,MARIETOU,COLY,F,23/02/08,BIGNONA,89bcf47f-c492-4d35-976d-7a5035097b7a
1d10d102efa447a99f75a7b94f79ef13,6ED8Q94B,SAFIETOU,MANGA,F,21/07/11,TENGHORI,ba5f3949-1ae7-438a-accd-ba6081488e49
7332ac74a73e4cf2a2eb9f3bc2e3ae04,7MC6WWBM,AMADOU BASSIROU,BA,H,23/12/10,BIGNONA,2ca38955-1375-4f48-9d0f-5776d5f35aaa
8a73f4b5691d4c0bb83dad46ed918a44,T_HUGHC,OUSMANE,DIALLO,H,04/05/13,BIGNONA,89bcf47f-c492-4d35-976d-7a5035097b7a
9ee25b5cc4b54f45a3946da79ef84b1f,T_2N99V,GNIMA,DIAMBANG,F,28/06/04,BIGNONA,e3d13f36-bd71-4331-a639-466801f7abb5
93b513c7a1264c66939a5b343784e06a,T_8WGCV,ALIOU BADARA,BADJI,H,14/06/09,BIGNONA,ba5f3949-1ae7-438a-accd-ba6081488e49
e7b67506678146959186d651af81cb89,8X3TFQ64,MAMADI,SAKHO,H,24/09/08,BIGNONA,e3d13f36-bd71-4331-a639-466801f7abb5
ad4f2db38a534327a7b01a487977f3a9,T_4HDMPM,YACINE DIA,SENE,F,08/12/12,BIGNONA,18f98f31-a476-4844-8c98-fd5458b9713f
45f930da815b45f7a89e2ca284f83a4f,T_999EB,AMINATA,SANE,F,21/01/00,FRANCOUNDA,e70b56e4-3115-4898-8e8d-236c0c5e5f86
6828a3c061a146e6928549cb173de3d7,T_GV9KE,BABACAR,GUEYE,H,25/11/06,DAKAR,e70b56e4-3115-4898-8e8d-236c0c5e5f86
2a06e40fa4414739ad4d2dbb0d5bd309,T_T477D,SECKOU,SANE,H,08/08/08,SIBICOUROTO,174c812e-2a3f-46ef-94d2-3c56c0cfa1e8
5178cb4563ff43fe8c3b7c6caa72d6a8,T_3NNRR,MALICK,DIEME,H,17/04/07,BIGNONA,39d4c182-823c-4af2-af40-6b4606efeece
7a9cff2cfde44d228c06dc6f48e305b8,T_VM4PF,MALAMINE,DRAME,H,06/07/03,Bignona,2ca38955-1375-4f48-9d0f-5776d5f35aaa
84091a5d04c648c58d45aeb951d0f915,T_WGNPK,LYDIE CLAIRE FATOU KINE,BARRO,F,22/08/03,Bignona,174c812e-2a3f-46ef-94d2-3c56c0cfa1e8
a88c958f5cfb4ad29b35cf098a45dcaf,T_HRKG9,ANNA,BADJI,F,03/03/07,BIGNONA,18f98f31-a476-4844-8c98-fd5458b9713f
24820759e6b24502b9d0854b0b492152,T_P7ATP,GNIMA,BADJI,F,28/07/09,BIGNONA,ba5f3949-1ae7-438a-accd-ba6081488e49
995e4f5b0fb94ec69f062eb1b606e455,4BCDAEHF,GNIMA,KEITA,F,09/02/10,BIGNONA,ba5f3949-1ae7-438a-accd-ba6081488e49
27c5640e12d24234ade4da08f2d4cc5d,4GVRB7G7,IBRAHIMA,SANE,H,14/11/11,BIGNONA,3778ae72-a8dc-4f7e-912e-50c1b49d0c97
360d433617b246dc9d1ed89be8d350c0,T_6BTRTM,BERNARD,DIEDHIOU,H,11/03/11,BIGNONA,3778ae72-a8dc-4f7e-912e-50c1b49d0c97
4f859457ea2243438dcaf30e162fb758,T_GH28M,PAPE MALANG,MANDIAN,H,06/01/12,BIGNONA,c12b5b2d-8b8b-4274-9fbd-8d38d7bca536
6bacbaece9654664aec551b4ab2ca822,T_P6AUE,MAME PENDA,MASSALY,F,03/12/03,Bignona,2ca38955-1375-4f48-9d0f-5776d5f35aaa
ff8a0ea7cb0a4a24857c7464ade1cb70,T_E28RJ,BABACAR,SANE,H,21/01/08,BIGNONA,18f98f31-a476-4844-8c98-fd5458b9713f
d3bfd7994b204061a6caae1a71f94520,T_N2VVV,SIRA,SAGNA,F,10/10/09,GOUDOMP,2ca38955-1375-4f48-9d0f-5776d5f35aaa
95c187ebd7b746d2aa9567aca2c26d8e,T_DWC4W,THERESE THIOUDA,SAGNA,F,12/01/08,BIGNONA,39d4c182-823c-4af2-af40-6b4606efeece
48bd0ad8e0624b8a996ed2312dc0e8ce,T_MP2KP,FATOU BINTOU,BODIAN,F,31/12/07,SEDHIOU,e3d13f36-bd71-4331-a639-466801f7abb5
a1e3dd28629e4089b6a33d9bd19815f3,T_F3EWJ,ROKHY,SAMBOU,F,04/04/11,BIGNONA,ba5f3949-1ae7-438a-accd-ba6081488e49
9793e54208fc46069357258075623707,6PB4JQUG,MAMADOU META,KANTE,H,15/02/09,BIGNONA,18f98f31-a476-4844-8c98-fd5458b9713f
988c9569c147443ab8a81574786cc210,6KXWKXPK,OUMAR,SOW,H,12/04/08,BIGNONA,ba5f3949-1ae7-438a-accd-ba6081488e49
52ab27604386408e97ba14e8a33caf6d,T_CVJPW,MAIMOUNA,GAKOU,F,27/07/11,DAKAR,c12b5b2d-8b8b-4274-9fbd-8d38d7bca536
22bd98f54cd34698a07546db9bf31fd4,T_RN479,FATOU BALBINA,TOUNKARA,F,12/12/08,BIGNONA,39d4c182-823c-4af2-af40-6b4606efeece
be7890849c864277aba5ddce91cc1b79,T_6E6B6,MOUSSA,BADIANE,H,14/03/07,ZIGUINCHOR,18f98f31-a476-4844-8c98-fd5458b9713f
a8052d128dd74fb893072fb56db87f02,7PGAE3UA,SEYNABOU,SOW,F,24/01/09,BIGNONA,3778ae72-a8dc-4f7e-912e-50c1b49d0c97
2137a256f11a4c7ab623fb25f1b0789a,T_6GUGM,MOHAMED BASSIROU,DIATTA,H,05/01/10,DIATOCK,89bcf47f-c492-4d35-976d-7a5035097b7a
e9f87e719b7c4f49aca5b8b6dae2ceae,T_DAMUF,AWA,TAMBA,F,02/01/04,Bignona,e70b56e4-3115-4898-8e8d-236c0c5e5f86
a323a49511b048059614f7f8259f26a9,7MKM9BXQ,MARIAMA,COLY,F,04/04/09,KATINONG,3778ae72-a8dc-4f7e-912e-50c1b49d0c97
2dccdbf5246d4c5e884d133b11e8566f,4FJK6RRA,NDYE FATOU,TOURE,F,19/03/08,BIGNONA,89bcf47f-c492-4d35-976d-7a5035097b7a
8b9ec6a720ec48c1ac99ed99a43550aa,4R8YPF93,ADAMA OUDE,BADJI,H,22/06/11,BOURECK,e3d13f36-bd71-4331-a639-466801f7abb5
3c4ae04fe4cc42a2ba262456ebfe873f,7QBDY6MM,JEAN DE DIEU,COLY,H,25/09/12,TENDIEME,89bcf47f-c492-4d35-976d-7a5035097b7a
e7eae0c15c484c4298ad90e818664c76,3A6KVRVF,CELSTIN ASSIMBI,BADJI,H,12/08/10,BIGNONA,174c812e-2a3f-46ef-94d2-3c56c0cfa1e8
24c601bbb504427f9eac0200106361da,8PR4FA6H,AWA,SANE,F,22/03/08,KINDIONG,18f98f31-a476-4844-8c98-fd5458b9713f
cc87a56a1dbc48c4b11210bfe35ca682,8EPG4NGV,KHADIDIATOU,GUEYE,F,09/10/09,BIGNONA,ba5f3949-1ae7-438a-accd-ba6081488e49
17769a558d354acdb9167ccab905d8b6,T_JK2R7,ALIOU SOW,NGOM,H,12/11/05,BIGNONA,c12b5b2d-8b8b-4274-9fbd-8d38d7bca536
7e0c91429c094de59122e51aece7dc71,T_PT4ME,ASSANE,SAGNA,H,07/02/05,BIGNONA,18f98f31-a476-4844-8c98-fd5458b9713f
7cdf0faf22974a7bb66245127a94a1d3,3UF8AXB3,KEWE,LOUM,F,08/03/10,BIGNONA,39d4c182-823c-4af2-af40-6b4606efeece
8f77d0d8881e4596abe7a69a9e6147c1,T_PNW8H,PENDA NDIETY,GOUDIABY,F,25/10/13,BIGNONA,174c812e-2a3f-46ef-94d2-3c56c0cfa1e8
83c003bcc312428c8bf007a03e3b204c,T_HC4DC,SERAPHINE,SADIO,F,03/01/05,KARTIACK,174c812e-2a3f-46ef-94d2-3c56c0cfa1e8
b422bb075ced40fb92985d85d4f4377e,T_RM2NW,EL HADJI WALY SARR,BADJI,H,30/01/06,KATINONG,e3d13f36-bd71-4331-a639-466801f7abb5
128e016b48f5406ca498b83e54d79e43,T_VC9PT,ASSANE,COLY,H,03/01/99,Dianki,89bcf47f-c492-4d35-976d-7a5035097b7a
0c1219c304334397a649f5083600bb11,T_BM9HC,KHADIDIATOU,COLY,F,01/02/06,BIGNONA,e70b56e4-3115-4898-8e8d-236c0c5e5f86
ba47e68b8aad4f8889c05871d5662a30,T_MWP3H,KHADY,FAYE,F,05/01/04,Bignona,e70b56e4-3115-4898-8e8d-236c0c5e5f86
ec3872172254433f9e535fdba311d7ef,T_DN3HE,ISMAILA,TRAORE,H,04/04/08,TENGHORI,ba5f3949-1ae7-438a-accd-ba6081488e49
d2c11c00f7f04440939211658b3a5026,9J9KP99X,MASSAMBA,SECK,H,12/04/08,TENGHORI,c12b5b2d-8b8b-4274-9fbd-8d38d7bca536
936732779605421d9dd006da07fc0fbe,T_VHG38,MARIAMA,SANE,F,31/10/04,MATANKIGNE,3778ae72-a8dc-4f7e-912e-50c1b49d0c97
63199417a8594310a77e515c1e053017,T_439FG,MOHAMED GUILLAUME,SONKO,H,04/04/09,BIGNONA,e3d13f36-bd71-4331-a639-466801f7abb5
8d19fcac4631421c84301885f8081cf5,T_63MUB,BINTA,MANE,F,15/02/05,Bignona,39d4c182-823c-4af2-af40-6b4606efeece
b788e577162042b8809a247f90538373,T_8WNNA,AISSATOU MOUNDAW,MANGA,F,10/11/11,OUSSACK,e70b56e4-3115-4898-8e8d-236c0c5e5f86
9fe36d6047114117a3ab751b5690af7f,3PNC7YKP,FATOU,BADJI,F,11/12/08,BIGNONA,18f98f31-a476-4844-8c98-fd5458b9713f
5f4eb32e905b41619c7c1e9e0591be23,T_JJRPP,SALOUM,SANE,H,02/08/05,BIGNONA,e70b56e4-3115-4898-8e8d-236c0c5e5f86
159477978e9e44ab8f4409e23042c187,T_V9TRT,AWA,MANGA,F,05/01/08,BIGNONA,174c812e-2a3f-46ef-94d2-3c56c0cfa1e8
d7124cda77044232984b03c1c7cbd8a1,T_AGRUW,SAMUEL DOMINIQUE,BADIANE,H,23/01/07,BIGNONA,ba5f3949-1ae7-438a-accd-ba6081488e49
2b6061580896461aa185cb73de647efe,T_4J6JE,SAFIETOU,BADJI,F,15/12/06,SINDIAN,39d4c182-823c-4af2-af40-6b4606efeece
1a049571965e4c5495b662341cb8d1ad,T_2C7R8,IBRAHIMA,DIASSY,H,30/08/09,BIGNONA,e3d13f36-bd71-4331-a639-466801f7abb5
fbbf936f762c499daa5f8745ddc779d9,9HUXK3MV,MALANG,NADIAYE,H,04/02/11,BIGNONA,c12b5b2d-8b8b-4274-9fbd-8d38d7bca536
7cb5eec33f6348368ce8296cb5bd5980,6XVTXTBU,SOUADOU,DIALLO,F,25/12/10,BIGNONA,89bcf47f-c492-4d35-976d-7a5035097b7a
130b0ac178074d21835536269071e07e,T_MMNBE,THERESE NICOLE,SAGNA,H,19/05/03,PIKINE,2ca38955-1375-4f48-9d0f-5776d5f35aaa
db24e497e152495296f60cf6d3a222bc,T_WBDB7,AISSATOU,DIA,F,31/05/06,BIGNONA,c12b5b2d-8b8b-4274-9fbd-8d38d7bca536
3512fa95f8bd476aa0eed05cb916a133,T_4FH64,AMINATA,MANGA,F,04/11/07,YABOCOUNDA,89bcf47f-c492-4d35-976d-7a5035097b7a
2c73ed44cf25467997497ddadbb15887,T_W474A,AISSATOU,DIEDHIOU,F,05/03/07,BIGNONA,e3d13f36-bd71-4331-a639-466801f7abb5
3b8391d8d24e4e71a09d39ca56bf2bbf,T_7K6RP,YOUSSOUPH,BADJI,H,12/01/08,BIGNONA,ba5f3949-1ae7-438a-accd-ba6081488e49
82f29b8e48d94a399cc385f97c24d598,T_DVNHM,DENIS,GOUDIABY,H,18/02/10,BIGNONA,ba5f3949-1ae7-438a-accd-ba6081488e49
5c27c1da1e934efda6f1afb2807689ff,T_H7RTU,INSA,SECK,H,02/08/11,BIGNONA,39d4c182-823c-4af2-af40-6b4606efeece
5ba174eb25a944f6848b1cb881d024d8,T_7GDN7M,MARIAMA,MANE,F,20/08/07,BIGNONA,18f98f31-a476-4844-8c98-fd5458b9713f
33ee42ab3a3f40c28794b9c891e46030,T_WBFT8,PAPE ALIOU,DIEDHIOU,H,09/10/10,BIGNONA,c12b5b2d-8b8b-4274-9fbd-8d38d7bca536
cd1151d1d4b247f7bcfce245af25e169,T_ARHGT,MOUHAMED FAYE,SECK,H,05/09/12,BIGNONA,2ca38955-1375-4f48-9d0f-5776d5f35aaa
d9e0186fe0e54f1c80651482b825d444,T_NV4BP,BASSIROU,THIAM,H,01/02/05,BIGNONA,e70b56e4-3115-4898-8e8d-236c0c5e5f86
f39b791b63a846b6afdfba9bd3beebd6,T_4CTGE,KHADIDIATOU,SAMBOU,F,08/04/06,BANDJIKAKY,c12b5b2d-8b8b-4274-9fbd-8d38d7bca536
94520a23d75946419ebb5512710db350,T_E393G,NADEGE EUGENIE,BADJI,F,07/10/03,DAKAR,2ca38955-1375-4f48-9d0f-5776d5f35aaa
ce53e0c668dc4418acc845775910d3d8,T_DMMJA,SEYNI ANGELIQUE,CAMARA,F,04/11/04,BIGNONA,ba5f3949-1ae7-438a-accd-ba6081488e49
c7671e6b25a14d8682940305b6b46fda,T_63M8D,MARIAMA,THIAM,F,08/04/04,Bignona,e3d13f36-bd71-4331-a639-466801f7abb5
4804254ca00c46de8820d6d391d6af26,T_RB6JH,FANTA,KAMARA,F,15/06/06,BIGNONA,c12b5b2d-8b8b-4274-9fbd-8d38d7bca536
d5c01fc1ee8f42dc9a3abd22261f6028,T_JFN28,FANTA,KEITA,F,21/10/09,BIGNONA,89bcf47f-c492-4d35-976d-7a5035097b7a
273b41f95a6e4c0b92cffce20d8f3f28,T_JERRM,AMPA SIMON,DIATTA,H,31/01/06,CAROUNATE,e70b56e4-3115-4898-8e8d-236c0c5e5f86
71e157d983d041cfa5e71ef694293023,T_FEC6A,DAOUDA,KANTE,H,11/04/07,BIGNONA,174c812e-2a3f-46ef-94d2-3c56c0cfa1e8
3f4297e7bb754e5c881e3387562fd22d,T_9C32J,MARIE LOUISE ANTOINETTE,COLY,F,20/03/08,BIGNONA,ba5f3949-1ae7-438a-accd-ba6081488e49
a5e83c5111034766a7491b9d43e7998d,3E68VK8H,AMINATA,SOW,F,09/04/08,BIGNONA,89bcf47f-c492-4d35-976d-7a5035097b7a
e5dd6a1bfb034fefacf00d057d096acc,9CRTFM8F,ARAME,COLY,F,21/10/10,DAKAR,89bcf47f-c492-4d35-976d-7a5035097b7a
1837708db1c64188ba0b8c8030fde590,T_JFP82,ANTOINE,COLY,H,09/12/04,Bignona,ba5f3949-1ae7-438a-accd-ba6081488e49
ca2de01d400442c090f2b78fcd3d61de,T_62GC2,BAYE SIDY,COLY,H,23/02/06,DJIWA,18f98f31-a476-4844-8c98-fd5458b9713f
fc722339f5f64c93b54c78f99a383ad6,T_MB8VJ,MOUSSA NDIAYE,DIOUF,H,21/01/07,NIORO,18f98f31-a476-4844-8c98-fd5458b9713f
f7ffb6b027d245b992b783b93799d5d3,T_9EH23,FELIX JOACHIM,BADJI,H,10/06/04,BIGNONA,2ca38955-1375-4f48-9d0f-5776d5f35aaa
9dfbe459f04c406caa25bd1e5b722013,T_HC4EE,MAMADOU LAMINE(DIAMAGUENE),SANE,H,25/11/04,DIAMAGUENE,ba5f3949-1ae7-438a-accd-ba6081488e49
a038d2741fea48b0adb8dcc199e21af0,T_RWPCM,NDEYE FATOU,COULIBALY,F,10/04/09,BIGNONA,174c812e-2a3f-46ef-94d2-3c56c0cfa1e8
fee30b84de184a05a5e542c664bec571,T_RDUGB,MAMADOU,GOUDIABY,H,28/12/09,BIGNONA,18f98f31-a476-4844-8c98-fd5458b9713f
ae75e4efc97d46509086e82d8a7a3166,8RT8XMJB,ALIOU,SAGNA,H,28/07/11,BIGNONA,e70b56e4-3115-4898-8e8d-236c0c5e5f86
e59d6e168dff41e8a9e9f81401e9add1,9J9KP99X,MASSAMBA,SECK,H,12/04/08,TENGHORI,e70b56e4-3115-4898-8e8d-236c0c5e5f86
f9dc02eb95d04383a2160e14bb2a91b0,T_G9228,BACARY,MANGA,H,13/11/11,BAILA,e70b56e4-3115-4898-8e8d-236c0c5e5f86
9a11bf0b67064b6abaddd50f8a27e4c5,3PXDCRBV,TOUTI MARIE ROSE MANDO R,COLY,F,10/06/11,BIGNONA,e3d13f36-bd71-4331-a639-466801f7abb5
9f75618539054d338b7cb54a814356d7,4FD7EKXC,PAPE ISMAEL MAKHZOUM,SANE,H,25/10/10,BONA,3778ae72-a8dc-4f7e-912e-50c1b49d0c97
c05dd4f3546a4196b74684612e5b5baf,T_RUUU6,IDRISSA,NIANG,H,13/05/14,BIGNONA,18f98f31-a476-4844-8c98-fd5458b9713f
230bcc373c3643a0880a1f6cc05c8af2,T_P3T7U,IBRAHIMA,DOUCOURE,H,28/04/06,BIGNONA,18f98f31-a476-4844-8c98-fd5458b9713f
ee4b727fdbfa4948997c5660727db18a,T_NKJRU,CHRISTINE GUINEGONDE,BADJI,F,04/02/06,PIRAN,3778ae72-a8dc-4f7e-912e-50c1b49d0c97
55cce514aea04881808488c0f137a809,T_3AAF6,AISSATOU,DIA,F,28/02/06,BIGNONA,3778ae72-a8dc-4f7e-912e-50c1b49d0c97
fc7a81383157462e9b379f5b0fe53bc7,T_NAFD9,SERIGNE FALLOU AMAR,DIEDHIOU,H,22/02/08,BIGNONA,ba5f3949-1ae7-438a-accd-ba6081488e49
aaeb295e97674e238481bfba3e26e2e1,T_U7UR9,JULIETTE,DIATTA,F,13/02/07,HAERE,3778ae72-a8dc-4f7e-912e-50c1b49d0c97
2c17b17980a14fcf882c0e6a95327d7f,8DKQXMUA,MAGUETTE,NDIAYE,F,15/09/08,BIGNONA,89bcf47f-c492-4d35-976d-7a5035097b7a
bcc4c0311aab41568f2ed4decd1b4efa,4T6E34YF,FATOU,LOUM,F,07/03/10,BIGNONA,e3d13f36-bd71-4331-a639-466801f7abb5
9e03bfbc8332426aacfea82bb08d00fc,9PKXBBNQ,MARIAMA,TAMBIDOU,F,06/12/08,ZIGUINCHOR,e3d13f36-bd71-4331-a639-466801f7abb5
99a08c2b7b5945b7a2e4c92dd71c8467,T_UD4GM,SIRA TENING,KANTE,F,06/01/04,BIGNONA,39d4c182-823c-4af2-af40-6b4606efeece
db4489b0e5ea45eba02a48fae0207d2c,T_7DCMH,MARIAMA,MANE,F,13/12/06,Bignona,89bcf47f-c492-4d35-976d-7a5035097b7a
177f39b1465b406992758ea643993b3f,T_VHUPB,CESAR JUSTIN EDOUARD,COLY,H,05/06/08,PIRAN,e3d13f36-bd71-4331-a639-466801f7abb5
142aed2bbabf4cc79632029ce2788cd1,T_3NADN,SADIO,COLY,F,03/03/10,BIGNONA,18f98f31-a476-4844-8c98-fd5458b9713f
7722805ca6514001b8598318fdf5948c,9EBCADHG,FAYE DAME SECK,COLY,H,05/03/10,BINDAGO,e70b56e4-3115-4898-8e8d-236c0c5e5f86
eaa7e835fa2242b1a9c3abfa02f82208,3N6KEP3R,CHERIF SIDY,SONKO,H,01/06/10,DAKAR,e3d13f36-bd71-4331-a639-466801f7abb5
318570f9c92141b6bf464561b5dd4c09,7QUHMCHA,TIDA,SONKO,F,11/09/11,BIGNONA,ba5f3949-1ae7-438a-accd-ba6081488e49
4f9a4e807a1c4485ab2f9a1597a3d2de,3WJTXW8U,CHEIKH TIDIANE CHERIF,GUIRASSY,H,01/12/10,BIGNONA,3778ae72-a8dc-4f7e-912e-50c1b49d0c97
576e710c1eca4eef91b91ae6bb9dcd7c,T_GWVDA,BINTA,MANE,F,21/10/11,DIACOUNDA,3778ae72-a8dc-4f7e-912e-50c1b49d0c97
2e085bb694ea48c8a5e8c174d3ffe5ea,T_R4FGP,MAME DIARRA,TALL,F,30/01/06,BIGNONA,39d4c182-823c-4af2-af40-6b4606efeece
0d515e20352b4e22bbc877e1b5d1649e,T_79N9B,CHEIKH TIDIANE,NDIAYE,H,05/05/07,BIGNONA,3778ae72-a8dc-4f7e-912e-50c1b49d0c97
c34625f29f2b4b2d9c879e076cd449d7,T_TUNCW,OUSMANE,COLY,H,05/01/05,Bignona,c12b5b2d-8b8b-4274-9fbd-8d38d7bca536
b851899922e949a1a14e509750422ac4,T_JK2R7,ALIOU SOW,NGOM,H,12/11/05,BIGNONA,174c812e-2a3f-46ef-94d2-3c56c0cfa1e8
8b3727ce6d1f4b1a8920320faa110018,3RBTFKHJ,MARIAMA DIOMASY,COLY,F,23/12/08,BIGNONA,e3d13f36-bd71-4331-a639-466801f7abb5
4597ebbfdd564184b207c6e2da185950,6WWEDH9M,KHADIDIATOU,SYLLA,F,10/12/08,BIGNONA,e3d13f36-bd71-4331-a639-466801f7abb5
18d08d1eef2c427fa09a4cb40a910870,6VP3PFRW,MOUSSA BALLA,SONKO,H,10/02/08,BIGNONA,39d4c182-823c-4af2-af40-6b4606efeece
cb11d785725f4f35bada2c25f2e772a4,T_NC9H6M,YANDE,KANE,F,18/04/11,FATICK,2ca38955-1375-4f48-9d0f-5776d5f35aaa
323c8488606b468aa4d80e85c68ea0fe,T_BH4DH,MANSATA,DIALLO,F,01/05/11,BIGNONA,3778ae72-a8dc-4f7e-912e-50c1b49d0c97
cec33069a98c4ff7a543e1120854773a,T_T7V9M,OUSMANE KHABANE,DIALLO,H,25/12/06,BIGNONA,39d4c182-823c-4af2-af40-6b4606efeece
7fae0d17fc3242ce9b939b705fba394b,T_D3B88,MAMADOU SANKOUNG,DIEDHIOU,H,21/10/07,BIGNONA,2ca38955-1375-4f48-9d0f-5776d5f35aaa
de321076577c4b81adb314be323dcf3b,T_MJE67,OMAR,DIENG,H,02/07/06,BIGNONA,e70b56e4-3115-4898-8e8d-236c0c5e5f86
c62e4287204149f3b203d619665539f8,T_BKWJD,ALIOU BADARA,SANE,H,05/06/04,BAGAYA,e70b56e4-3115-4898-8e8d-236c0c5e5f86
77e0ec8056d048c2bc275d71ed6a4358,T_88JTA,ALIMATOU,GOUDIABY,F,09/11/08,BIGNONA,174c812e-2a3f-46ef-94d2-3c56c0cfa1e8
13cfe5e54b4e4d6ba7307d531c7896d9,T_7B3FM,MATY,TOURE,F,07/12/08,BIGNONA,e3d13f36-bd71-4331-a639-466801f7abb5
d9a44eef3a214dbebff9050978091b24,T_3P9TW,SOULEYMANE,SAKHO,H,05/05/09,BIGNONA,89bcf47f-c492-4d35-976d-7a5035097b7a
07049cb15a934b008b1f242a00c98219,8EHXJFXD,EPHIGENIE GERMAINE,COLY,F,16/10/10,BIGNONA,2ca38955-1375-4f48-9d0f-5776d5f35aaa
b56b684a21594ecd80dfb331d8e526d2,4AEXXRWU,AISSSATOU BENTHE,DIALLO,F,31/12/10,TENGHORI,2ca38955-1375-4f48-9d0f-5776d5f35aaa
3f8483844a894fa7b26c3a9254b2f35a,T_T3JGWM,MAMADOU YAYA,CISSOKHO,H,05/02/11,BIGNONA,39d4c182-823c-4af2-af40-6b4606efeece
4a82139e9e3c40f79c9e36131b84d68a,T_UDV4R,AMINATA,DANSO,F,04/02/04,BIGNONA,3778ae72-a8dc-4f7e-912e-50c1b49d0c97
ba785cbae6a347bd9b998a50a7caa6ac,T_W372C,THIERNO KAOUSSOU,DIATTA,H,27/10/07,BIGNONA,3778ae72-a8dc-4f7e-912e-50c1b49d0c97
0814dbbdbb5c4d13b2e9034555218fda,T_87N7C,OUSSEYNOU,SAGNA,H,01/03/06,BIGNONA,3778ae72-a8dc-4f7e-912e-50c1b49d0c97
0142c46b4bcc4395a4827425d91c3d72,T_VHG38,MARIAMA,SANE,F,31/10/04,MATANKIGNE,89bcf47f-c492-4d35-976d-7a5035097b7a
184be09e5d94495a8c9b7182e16a4fa5,T_97WJU,OUSMANE,BADJI,H,12/01/06,BIGNONA,c12b5b2d-8b8b-4274-9fbd-8d38d7bca536
1670d3dfbfcf4a2b9dd31b68b13fcd00,T_UNPNR,TIGUIDANKE,DRAME,F,12/11/09,KOLDA,e3d13f36-bd71-4331-a639-466801f7abb5
37962b6a0237465a8fd242387791bfaf,T_9DBN7,MARIE THERESE,SAGNA,F,16/11/04,BIGNONA,e3d13f36-bd71-4331-a639-466801f7abb5
a9c58a1f4d1a4fa08cedd0d01bd9c4ac,4WQ33XWM,MAMADOU,DIEDHIOU,H,17/11/10,BIGNONA,e70b56e4-3115-4898-8e8d-236c0c5e5f86
365ffe8e20ef491a8322476bb7de83f6,7EJTUW9R,PHIOMENE,SECK,F,03/05/10,BIGNONA,c12b5b2d-8b8b-4274-9fbd-8d38d7bca536
34b142806afc43d8bb836ce81320ac33,6YDYPPPV,MAMADOU MALA,BA,H,06/01/11,BIGNONA,c12b5b2d-8b8b-4274-9fbd-8d38d7bca536
666862decb64413b8e7554cc8072a53c,3ANGPCH4,INSA,SECK,H,02/08/11,BIGNONA,e70b56e4-3115-4898-8e8d-236c0c5e5f86
b0f32b30842248a7b3b3e633e0d0bec9,T_HJUBT,SALIOU DIANG,DIALLO,F,01/07/11,BIGNONA,3778ae72-a8dc-4f7e-912e-50c1b49d0c97
762f7521a62242c387331cb208595e55,T_T3V4M,AMINATA,DIALLO,F,19/10/07,BIGNONA,c12b5b2d-8b8b-4274-9fbd-8d38d7bca536
fc1fa88b75d3424da7a0452b9fe33e3a,T_UKKJN,BILAL,NDIAYE,H,13/12/05,BIGNONA,c12b5b2d-8b8b-4274-9fbd-8d38d7bca536
9d198e9e201a489e9cce6227bd64f483,T_E393G,NADEGE EUGENIE,BADJI,F,07/10/03,DAKAR,39d4c182-823c-4af2-af40-6b4606efeece
f277ecc528f749338001d47abf848186,T_DPDMW,RICHARD DIMINGOU,SAGNA,H,26/10/05,Bignona,18f98f31-a476-4844-8c98-fd5458b9713f
c9d1d46b736044fda2f21abc4c53feda,T_3N6E4,DJIBRILE SADIO,DIOP,H,11/02/10,TENGHORI,174c812e-2a3f-46ef-94d2-3c56c0cfa1e8
a320a71f8c3147dbb949103951e068f1,T_D6H22,PRISCA ANASTASIE THIERRY,BADJI,F,14/11/09,BIGNONA,174c812e-2a3f-46ef-94d2-3c56c0cfa1e8
7bb4ac83196c440a8ffb5d8d0844027a,3R6DBX77,MAMADOU LAMINE,COLY,H,24/11/08,KATINONG,2ca38955-1375-4f48-9d0f-5776d5f35aaa
2ea989453e6b41979241a5a97e31fa1a,T_KK8RD,PAPE LANDING,SAGNA,H,06/11/11,PETIT BALANDINE,3778ae72-a8dc-4f7e-912e-50c1b49d0c97
2f0ffc0eea874e628909130024231ef6,T_H3N8H,AISSATOU,BADJI,F,17/10/06,BIGNONA,3778ae72-a8dc-4f7e-912e-50c1b49d0c97
8533774230314d0ea4d9a4c1e8a9ad30,T_CBNUF,RAMATOULAYE VIVIENNE DIEME,COLY,F,14/04/06,BADIANA,e70b56e4-3115-4898-8e8d-236c0c5e5f86
f19d6e8cee824f65b5a1c03244394b67,T_6FH8C,MAME KHADY,DIATTA,F,13/04/06,BIGNONA,e3d13f36-bd71-4331-a639-466801f7abb5
b7673b25fd7c4508a103b55b0750dd0b,T_9KUVM,BINTA,BODIAN,F,07/04/10,BIGNONA,e70b56e4-3115-4898-8e8d-236c0c5e5f86
3d6163565e1d4aae9ad802bce5bc7b50,T_AAWVV,AMADOU TALIBE,DIALLO,H,02/08/08,BIGNONA,e3d13f36-bd71-4331-a639-466801f7abb5
d43bde128a6a47489dd9cbee6b77cccf,3ANGPCH4,INSA,SECK,H,02/08/11,BIGNONA,39d4c182-823c-4af2-af40-6b4606efeece
a4813ce91fe34fec94d09c9170802add,T_998DV,ALI NGOME,DRAME,H,12/06/06,BIGNONA,e3d13f36-bd71-4331-a639-466801f7abb5
fde97f9ed64e4e1fbf73f77abc4f37c5,T_UHT7R,CONRAD,SAGNA,H,21/04/04,Piran,89bcf47f-c492-4d35-976d-7a5035097b7a
c64c5365a559452b8c3bc82acc97f763,T_K9KAN,DIOMA,DIEME,F,11/01/04,DIABDIOR FRONTIERE,e70b56e4-3115-4898-8e8d-236c0c5e5f86
e99d2a705f2d49e6964a248d212ab9dd,T_HJCA4,PAPE SORY,MANGA,H,03/12/07,BIGNONA,c12b5b2d-8b8b-4274-9fbd-8d38d7bca536
3d6321dfcb9e41d8913575164d8c402f,T_V94UM,ASTOU,SAGNA,F,16/02/07,BIGNONA,18f98f31-a476-4844-8c98-fd5458b9713f
fb3fa23dea49428bb713291da6232c00,T_B6JWP,MAHAMADOU LAMINE,SANE,H,15/09/07,BALINGORE,39d4c182-823c-4af2-af40-6b4606efeece
0ab95fd3362644edb507da11ccd1d2c4,T_JHFTT,MOHAMED,BADJI,H,27/02/08,BIGNONA,174c812e-2a3f-46ef-94d2-3c56c0cfa1e8
7448686ed6184d04896749733bc2acc1,9TW9E398,MOUSSOUKEBA,SADIO,F,14/05/07,ZIGUINCHOR,39d4c182-823c-4af2-af40-6b4606efeece
aadd7af0170740b1a293eadfd54715bf,7FVCQ6XQ,JEAN CLAUDE JEROME,ABOUD,H,07/01/08,DAKAR,3778ae72-a8dc-4f7e-912e-50c1b49d0c97
c7dba6a38c8c4593ac14294e5e03ad25,T_9K8NH,THIERNO IBRAHIMA TABASKI,BIAGUI,H,12/02/05,BIGNONA,18f98f31-a476-4844-8c98-fd5458b9713f
c2a39db627444933bea3a9fc6ef78a70,T_629MB,ALABATOU,BODIAN,F,08/02/05,KANDIADIOU,174c812e-2a3f-46ef-94d2-3c56c0cfa1e8
0d21c84640924a5b87cbb1dd714e38f3,T_DFDJ4,PATRICIA RACHELLE,COLY,F,07/01/05,GOLF SUD,2ca38955-1375-4f48-9d0f-5776d5f35aaa
8268f0f3ebbd4b128afc92469e7ae99a,T_R9CD7,KHADY,MANE,F,05/10/06,BIGNONA,c12b5b2d-8b8b-4274-9fbd-8d38d7bca536
d958748cbdd84997aff5fe60604ececf,T_7P7H8,VALENTINE BENEDICTA HENRIETTE,COLY,F,14/02/08,BIGNONA,c12b5b2d-8b8b-4274-9fbd-8d38d7bca536
e18458b4143646869d811b2cf45db446,T_W2F8D,SONA,COLY,F,20/03/04,Colomba,c12b5b2d-8b8b-4274-9fbd-8d38d7bca536
456ecec31564472d86694803ea124597,T_87NDA,FIDEL MARTIN DAVID,DIEDHIOU,H,18/03/09,BIGNONA,18f98f31-a476-4844-8c98-fd5458b9713f
571acd5f03a54dc2b7dce9afb3c0b0e0,T_7EAHD,MARIAMA,TAMBA,F,31/12/12,BIGNONA,e3d13f36-bd71-4331-a639-466801f7abb5
1490126eae8049f89a54ea70378f68e1,T_JT4MN,BINTA,BADJI,F,10/09/10,SINEDONE,3778ae72-a8dc-4f7e-912e-50c1b49d0c97
284d586c5c434dbbad358093c9d32f82,6HX6JDHU,MOUHAMED DIOP,SAMB,H,15/02/10,DAROU THIOUB,ba5f3949-1ae7-438a-accd-ba6081488e49
dd06bd643a794865a21cd621f8daae6c,6EPD83TE,ADAMA,DIALLO,H,13/10/10,BIGNONA,3778ae72-a8dc-4f7e-912e-50c1b49d0c97
f83ad4e4e8b34b18bd1d37bd193e8aba,T_PJAA7,ASSIATOU,DIALLO,F,13/01/06,BIGNONA,2ca38955-1375-4f48-9d0f-5776d5f35aaa
369c46375551476f865c4f0bfd8932fa,T_6A8DD,BABOUCAR,BADJI,H,24/12/08,BOUTOLATTE,2ca38955-1375-4f48-9d0f-5776d5f35aaa
b013a683c45e4c77b7a2fd3fa52febae,T_T9U32,YOUSSOUPHA,CISSE,H,16/04/10,BIGNONA,c12b5b2d-8b8b-4274-9fbd-8d38d7bca536
5b0893e673d54544bcb19befcb8ca348,3DHMDCED,MOUHAMMADOUL  AMINE,BADJI,H,17/03/09,BIGNONA,3778ae72-a8dc-4f7e-912e-50c1b49d0c97
7d0623b78bc549298d19b4d80ac91c36,T_RGG92,MAMA GNIMA,KANDE,F,04/09/12,BASSIRE,ba5f3949-1ae7-438a-accd-ba6081488e49
87d7e7badfa64bb9af07f7fc867dc1a0,T_6BTRTM,BERNARD,DIEDHIOU,H,11/03/11,BIGNONA,18f98f31-a476-4844-8c98-fd5458b9713f
7466d349e4d746bd96689977171b4709,T_RNU7V,ALPHOUSSEYNI,MANE,H,09/04/03,Bignona,2ca38955-1375-4f48-9d0f-5776d5f35aaa
b82d166cb83a4a70b3c29dc51def71b5,7NN7UMN6,ANNA FLORENCE PIA CHRISTINE,COLY,F,19/02/05,BIGNONA,ba5f3949-1ae7-438a-accd-ba6081488e49
78a6b3136736469486589a9a8f8dd10b,4U8KE4U9,AWA,TOURE,F,31/03/07,SEDHIOU,3778ae72-a8dc-4f7e-912e-50c1b49d0c97
cecf7d03b8c74841ae9fd3fea9d0ddc0,8MHGUXET,NDEYE MAMA,MANGA,F,30/10/09,BIGNONA,3778ae72-a8dc-4f7e-912e-50c1b49d0c97
ee87d3b68fe8440f8506e77ffd19c85f,8XPT9TVT,AISSATOU MOUNDAW,MANGA,F,10/11/11,OUSSACK,3778ae72-a8dc-4f7e-912e-50c1b49d0c97
922f14bf52d145a699711673bf4c432d,6HJYMJN7,BABA,DIOUF,H,31/10/09,BIGNONA,39d4c182-823c-4af2-af40-6b4606efeece
aaa69364c4014a079c643ed4b725db0d,T_B2P4E,PAPE MOUSSA,BA,H,20/01/03,Bignona,3778ae72-a8dc-4f7e-912e-50c1b49d0c97
7927489d8a504b28acb31458adf6ccff,T_U7UR9,JULIETTE,DIATTA,F,13/02/07,HAERE,2ca38955-1375-4f48-9d0f-5776d5f35aaa
449945f7940b46c8a6bfb70f518c3b87,T_TCVFU,IBRAHIMA,KANDE,H,07/11/06,LEONA THIAROYE,39d4c182-823c-4af2-af40-6b4606efeece
81166256316947cdacba61d9e16f6780,T_MKDK7,DIANKE,DIARRA,F,27/06/07,BIGNONA,ba5f3949-1ae7-438a-accd-ba6081488e49
9c84cf16d90349138ea6f3064dd3d251,4HKHMVQT,AWA,CAMARA,F,18/01/10,DIAOBE KABEND,e3d13f36-bd71-4331-a639-466801f7abb5
2a0bfbfc56774ad6b34118d9913d8249,T_C7846M,PENDA,GAYE,F,10/04/13,BIGNONA,ba5f3949-1ae7-438a-accd-ba6081488e49
6034752922ec4965af072e3f718eacfd,T_PFUBM,FANTA,SANE,F,05/12/06,DAKAR,39d4c182-823c-4af2-af40-6b4606efeece
33e3ac470ba84fd4a71a18f89147735e,T_NMBGR,KALY,CAMARA,H,20/05/07,BIGNONA,2ca38955-1375-4f48-9d0f-5776d5f35aaa
b2cc6faaaf0947b0bcc790953f9dcf3f,T_FUD7P,AWA,DOUCOURE,F,06/09/07,BIGNONA,18f98f31-a476-4844-8c98-fd5458b9713f
292ff44674864e769d04c63c56a61118,T_PUB4F,NDEYE BASSINE,SENE,F,09/12/09,BARGNI,2ca38955-1375-4f48-9d0f-5776d5f35aaa
6c2fc2fa6dd84b84aa58915b363f770d,8VVGMV6D,AICHA,DIEME,F,22/04/10,ZIGUINCHOR,3778ae72-a8dc-4f7e-912e-50c1b49d0c97
df631c9898ea446e9662d454e094218b,T_9RCR6,MARIAMA DIANKE,NDIAYE,F,06/04/07,BIGNONA,2ca38955-1375-4f48-9d0f-5776d5f35aaa
37225d451107406fbd3bbb44c7ca62b5,T_HUT8G,FATOU,BADJI,F,14/10/07,BIGNONA,e70b56e4-3115-4898-8e8d-236c0c5e5f86
52917b6802054d05bcf3d89bfcbd56b6,T_B3N3F,KHADIDIATOU,SYLLA,F,10/12/08,BIGNONA,ba5f3949-1ae7-438a-accd-ba6081488e49
c20b5b5c844c4b64b1e747d4dbcada53,T_BCFVV,MARIAMA,NDIAYE,F,08/10/07,BIGNONA,2ca38955-1375-4f48-9d0f-5776d5f35aaa
51c80e0e45e44a70acf7a3d866e7cc19,8QMTYV4K,THIERNO IDRISSA,DIAKHITE,H,13/09/09,BIGNONA,e3d13f36-bd71-4331-a639-466801f7abb5
dc27b01f2564448ab2bf9482a04a5011,T_NKVCHM,OUSMANE NDIAYE,BADJI,H,10/09/10,BIGNONA,18f98f31-a476-4844-8c98-fd5458b9713f
1c42817f4f89495590b6f012a29a8d49,4YRAHGKX,ARMAND LOUIS JOSEPH,COLY,H,02/07/11,BIGNONA,ba5f3949-1ae7-438a-accd-ba6081488e49
2b5ea9fff7f841e1b7f201e8281c1d39,T_EBNVC,DAOUDA,DIATTA,H,26/04/05,TAMBACOUNDA,89bcf47f-c492-4d35-976d-7a5035097b7a
d65e7ab00cde4ee895afd1c080ddaa34,T_UN4K9,NDELLA,GOUDIABY,F,27/09/08,DAKAR,e3d13f36-bd71-4331-a639-466801f7abb5
2e6fc71a534a44c2a07f8394813ba056,T_W9JB2,ALASSANE,DIEDHIOU,H,10/08/09,BIGNONA,e3d13f36-bd71-4331-a639-466801f7abb5
65ee32b2986044dd946e66d642b89550,T_E88VR,AMINATA,BAYO,F,01/01/09,KIGNINDING,39d4c182-823c-4af2-af40-6b4606efeece
7f0d1b2a3c8d4564a2673f772fcf92d9,4BUD3T77,OUSMANE,BA,H,06/03/12,BIGNONA,e3d13f36-bd71-4331-a639-466801f7abb5
adfec176eba44f4fb1d6a88a3a7a74f2,7CG67BXC,ALIOU WALY,FATY,H,07/04/10,BIGNONA,3778ae72-a8dc-4f7e-912e-50c1b49d0c97
f2a33c2789da46c99c8aec943eb03344,T_KME2HM,AWA FABIANA,COLY,F,10/05/13,BIGNONA,2ca38955-1375-4f48-9d0f-5776d5f35aaa
1536f7f8bda846719e3c60cbc5e32c43,3JDMYVPY,EL HADJI KARAMO,KANTE,H,13/02/10,KOLDA,18f98f31-a476-4844-8c98-fd5458b9713f
8ce8a08861e644d6931023af4deaa4aa,6MET6P9R,ROCKYATOU,BODIAN,F,25/11/08,BIGNONA,e70b56e4-3115-4898-8e8d-236c0c5e5f86
b0b2d4326eb4495db8f9eca7d3ffea99,T_WGKF7,AWA,GOUDIABY,F,22/09/04,BIGNONA,89bcf47f-c492-4d35-976d-7a5035097b7a
0d00ef39a7a949ba914afdfe847c05e7,T_PEB2M,ALIOU BADARA,MBENGUE,H,15/03/08,BIGNONA,c12b5b2d-8b8b-4274-9fbd-8d38d7bca536
44250415cbdf4fe8b7cf37fa99c3086f,T_VWH8M,MAME KOUREDIA,BADIANE,F,06/07/09,TENGHORI,174c812e-2a3f-46ef-94d2-3c56c0cfa1e8
46d1d8e7239540318ba9d444e1e44f26,4GGF63DH,MAIMOUNA BELLA,DIALLO,F,24/04/08,BIGNONA,39d4c182-823c-4af2-af40-6b4606efeece
ec330b982c2f4f5a926faa8010c14db0,T_GHAPK,CHRISTOPH ARMAND,SAGNA,H,11/03/07,DIOUROU,e3d13f36-bd71-4331-a639-466801f7abb5
ecd7af0ac4d949ab8167f4ebc94a4535,9WMTPE6G,BIGUE,DIAMBA,F,23/03/09,BIGNONA,e3d13f36-bd71-4331-a639-466801f7abb5
311a4e3885de4c19a12d0c26def02adc,T_R2398,FATOUMATA,DIA,F,10/05/03,Dakar,174c812e-2a3f-46ef-94d2-3c56c0cfa1e8
1ec8770084d94ea7a5826998809000e6,T_CEU8M,EL HADJI,NDIAYE,H,03/09/04,DIAMAGUENE,e3d13f36-bd71-4331-a639-466801f7abb5
fea80b6f7a8347b8b4fe6ced0a534b9e,T_3D9G6,SEKOU ASS,DIEDHIOU,H,15/04/05,BIGNONA,2ca38955-1375-4f48-9d0f-5776d5f35aaa
8db9c2d392184c889fb46a1f4214d707,9KXC8NME,ANNA BIRIGITTE,COLY,F,02/06/08,BIGNONA,2ca38955-1375-4f48-9d0f-5776d5f35aaa
34c50a1e7383424989a3f12e2f8bfc00,T_C7846M,PENDA,GAYE,F,10/04/13,BIGNONA,18f98f31-a476-4844-8c98-fd5458b9713f
11188e66dd314c7d9d63fffd3cca1828,T_WGNPK,LYDIE CLAIRE FATOU KINE,BARRO,F,22/08/03,Bignona,2ca38955-1375-4f48-9d0f-5776d5f35aaa
8acfe59691144fef87df50a44c90c5e3,T_KDNWK,ADAMA,CAMARA,H,21/08/07,BIGNONA,174c812e-2a3f-46ef-94d2-3c56c0cfa1e8
9b2424fa810b4365870f7d69af5d2856,T_R2VNF,MARIAMA,BIAYE,F,20/02/08,BOUMOUDA,174c812e-2a3f-46ef-94d2-3c56c0cfa1e8
88a0b7fe1d3842dfb24185a1cd69d364,T_8W6BC,BAKARY,GOUDIABY,H,01/01/09,BOUYEME,2ca38955-1375-4f48-9d0f-5776d5f35aaa
cc0c027ee8af4330aeca79682b07837d,T_2GHPE,LANSANA SEYDOU,GOUDIABY,H,08/12/08,BIGNONA,e70b56e4-3115-4898-8e8d-236c0c5e5f86
06363a4fbe984b7c89902e0b0f8b8ca6,T_D2M7H,DALOBA,DIASSY,F,15/10/06,BIGNONA,39d4c182-823c-4af2-af40-6b4606efeece
a6a0c206a38d44a19cc27938d2b17a81,T_6F7N8,FAMARA BAROU,DIEDHIOU,H,03/08/07,DIAMAGUENE,ba5f3949-1ae7-438a-accd-ba6081488e49
159140a49ed04ed0927e9c1379a52be7,6MUVDCFP,MALANG,GOUDIABY,H,02/10/09,BIGNONA,39d4c182-823c-4af2-af40-6b4606efeece
33f580d803b14303b25bced2f01aca8f,4YRXRFCJ,OUSSEYNOU,DIENG,H,01/01/10,BONABA,174c812e-2a3f-46ef-94d2-3c56c0cfa1e8
1c7e44f7ac454348bf9d413e8fe0c724,T_8JDVCM,ALY,DJIBA,H,03/08/12,ZIGUINCHOR,18f98f31-a476-4844-8c98-fd5458b9713f
fbba697752094387baec5d8ab7c9355a,T_KEV6D,ELISA,SAGNA,F,12/02/05,BIGNONA,2ca38955-1375-4f48-9d0f-5776d5f35aaa
a0641f31a1054e0e823f8638394f03df,T_4U6D4,IBRAHIMA,GASSAMA,H,16/03/04,Bignona,89bcf47f-c492-4d35-976d-7a5035097b7a
a98388ff593b4ed0bf6ca80ee2ac5f33,T_AV4PE,KHADY,SONKO,F,15/11/03,Bignona,174c812e-2a3f-46ef-94d2-3c56c0cfa1e8
1a4ad740b56044609e31b64300897e3e,T_URCWN,ANTA DIOUF,COLY,F,09/08/11,BIGNONA,c12b5b2d-8b8b-4274-9fbd-8d38d7bca536
3f12717853a54410ab09a44d987c1508,T_WVNG2M,OMAR,SONKO,H,20/03/13,MONGONE,3778ae72-a8dc-4f7e-912e-50c1b49d0c97
7abb9b4a61b645c494a370319cabab8a,T_NKVCHM,OUSMANE NDIAYE,BADJI,H,10/09/10,BIGNONA,e70b56e4-3115-4898-8e8d-236c0c5e5f86
a8a27d6a04b74ccaa9e89162703b7613,T_RKTKF,MAMADOU ALIOU,DIALLO,H,10/01/06,BIGNONA,3778ae72-a8dc-4f7e-912e-50c1b49d0c97
2aa583a8c94c44978d1c1643fd0e8835,T_2T7D6,AIDA,COLY,F,28/10/05,Bignona,18f98f31-a476-4844-8c98-fd5458b9713f
e74a49420de548ec97a636216c975039,T_GK2UM,MOURATE,SECK,H,27/11/07,BIGNONA,ba5f3949-1ae7-438a-accd-ba6081488e49
007ac6af740e4026aee4c3af90be1864,T_3R8P8,HELENE,SAGNA,F,01/06/06,BIGNONA,39d4c182-823c-4af2-af40-6b4606efeece
ffb89c7207034e498ceed536458c1735,T_W49MR,MOUSTAPHA,WADE,H,20/02/07,BIGNONA,39d4c182-823c-4af2-af40-6b4606efeece
db8911219d2f4c2ea9561d55dc4f8d88,T_CGKWK,SOUSSABA BINTOU,MARENA,F,02/10/06,BIGNONA,39d4c182-823c-4af2-af40-6b4606efeece
84ec7a5e73494e83aed3d829b697a67f,3WAK7WCA,KHADY CIRE,COLY,F,29/09/06,DIAMAGUENE SICAP MBAO,39d4c182-823c-4af2-af40-6b4606efeece
8c9555d172e143acb212e03a9eab4468,T_MUKMR,ABDOULAYE,NIASSY,H,05/08/12,BIGNONA,18f98f31-a476-4844-8c98-fd5458b9713f
2123f6915853440ca01bc573ae6e9863,T_VB7R7,THIERNO IBRAHIMA,DIALLO,H,19/12/11,BIGNONA,2ca38955-1375-4f48-9d0f-5776d5f35aaa
3d3aa94d0236437a81732af766516834,T_HT69A,PERPETINE,SAGNA,F,21/01/01,MANDOUARD1,ba5f3949-1ae7-438a-accd-ba6081488e49
e96086c595004338935b09c55664146a,T_8JJWT,AMADOU NDIAYE,DIAFFOUNE,H,10/11/05,BIGNONA,174c812e-2a3f-46ef-94d2-3c56c0cfa1e8
32c4018b5b6849d4be575c6d2a361caa,T_BUBCH,SARATA,BADIANE,F,29/08/06,DAKAR,ba5f3949-1ae7-438a-accd-ba6081488e49
78ff68bcbeca442f9cb6741484cdf7b1,T_2DNJN,NDEYE FATOU,BARRY,F,05/02/05,EDIAMATH,e70b56e4-3115-4898-8e8d-236c0c5e5f86
20fc6e02be994c02ad06693831527231,T_6WPGU,MARIAMA,MANE,F,28/02/06,BIGNONA,39d4c182-823c-4af2-af40-6b4606efeece
e872ff87451a4066a5c8338df51b145a,T_8D4HB,SOURAGATTA,DIALLO,H,27/02/08,BIGNONA,ba5f3949-1ae7-438a-accd-ba6081488e49
d673e51a94c7439eb961486b4a5e1c49,T_M8P4F,BACARY BABA,DIEDHIOU,H,21/02/13,BIGNONA,e3d13f36-bd71-4331-a639-466801f7abb5
c0c6da9cbe0a4ee3a011fb4f5bb58f0f,T_4PR8F,MOUSSA,BADJI,H,18/02/07,BIGNONA,c12b5b2d-8b8b-4274-9fbd-8d38d7bca536
0b6cc62cf72a4e55bfdf5c0dce2219ea,T_9AT3W,MARIAMA DIOMASY,COLY,H,23/12/08,BIGNONA,ba5f3949-1ae7-438a-accd-ba6081488e49
769c2933054c4b4fbc33f858c8d091a1,T_WNV4K,OUMY LAURETTE,NDIAYE,F,07/04/08,BIGNONA,2ca38955-1375-4f48-9d0f-5776d5f35aaa
2649f922f7994ba29a2b6ed85100813d,T_DAK6J,MOHAMED BABA,SANE,H,23/10/08,BIGNONA,174c812e-2a3f-46ef-94d2-3c56c0cfa1e8
2c122eb8a2aa47908452f3566dd4cfea,T_UGGNR,NDYE FATOU,TOURE,F,19/03/08,BIGNONA,39d4c182-823c-4af2-af40-6b4606efeece
11524cfcd45b4d06bfd97688072dd4bc,9NKEJ6BD,AMY,DIEDHIOU,F,21/08/10,BIGNONA,ba5f3949-1ae7-438a-accd-ba6081488e49
320d22f637ee406fb52658b11815d682,6FNW7VGR,KHALIF IBRAHIMA,FATY,H,21/06/11,BIGNONA,e70b56e4-3115-4898-8e8d-236c0c5e5f86
abb2368d306d4ee6b70e7a6600ba16b0,T_RHEP2,GNIMA,DIATTA,F,18/09/06,BIGNONA,e3d13f36-bd71-4331-a639-466801f7abb5
9af90ec81a7d42768382ae23d826db4e,T_TCVFU,IBRAHIMA,KANDE,H,07/11/06,LEONA THIAROYE,c12b5b2d-8b8b-4274-9fbd-8d38d7bca536
9eccbc05c20849959a6dc72083478a20,T_JFP82,ANTOINE,COLY,H,09/12/04,Bignona,89bcf47f-c492-4d35-976d-7a5035097b7a
fc8ca398b4c24e31b7da0e6f6341daf0,T_K9FUN,LAMINE,GOUDIABY,H,18/09/06,SILINKINE,e70b56e4-3115-4898-8e8d-236c0c5e5f86
f4967da97a964450a46d63455c4c2e7a,T_2NJ6M,IBRAHIMA,MANE,H,27/12/08,TENGHORI,3778ae72-a8dc-4f7e-912e-50c1b49d0c97
8991dbba6f0147f3be135cafe014c56f,3M8XH4GR,EL HADJI ASSANE,FALL,H,12/08/10,GUINAWRAIL,39d4c182-823c-4af2-af40-6b4606efeece
e574f2a26de5454199a276786566c83e,7WY78NMU,AMINATA,CAMARA,F,06/06/08,BIGNONA,3778ae72-a8dc-4f7e-912e-50c1b49d0c97
1d79c31955614c77a7150e2beab3d63b,T_PWHVB,IBRAHIMA,DIATTA,H,29/09/07,BIGNONA,e3d13f36-bd71-4331-a639-466801f7abb5
98cb9ee72e8c4d73af513caa649753e4,T_C3R3B,KEBA INDIRA,COLY,H,26/11/08,BIGNONA,174c812e-2a3f-46ef-94d2-3c56c0cfa1e8
4ec74c4115794a6c8be900e39fdd89dc,7KUWTUTP,FATOUMATA,CAMARA,F,18/12/07,OUFOULO,174c812e-2a3f-46ef-94d2-3c56c0cfa1e8
50ed88b805ba469b8448d8ecd1f4cce8,9CRTFM8F,ARAME,COLY,F,21/10/10,DAKAR,2ca38955-1375-4f48-9d0f-5776d5f35aaa
b3eb766e4b194fce812e7e76b3ee45bd,T_FAM3A,PIERRE MICHEL NIAMPATANG,COLY,H,03/03/08,KASSILA,89bcf47f-c492-4d35-976d-7a5035097b7a
4dc195eddc294e799bac754631dbc2ca,T_FAT4G,BINTOU,DIATTA,F,17/11/06,BIGNONA,174c812e-2a3f-46ef-94d2-3c56c0cfa1e8
09afe42dd28440d9ac6c2062dc89e6d3,T_EUE4P,EMILE,DIATTA,H,15/01/12,MANGAGOULACK,89bcf47f-c492-4d35-976d-7a5035097b7a
1bc8489bedaf41f895d1e9e1b212b054,6MET6P9R,ROCKYATOU,BODIANN,F,25/11/08,BIGNONA,2ca38955-1375-4f48-9d0f-5776d5f35aaa
b2a4041cb1294b8e903ca362a12e8bf0,T_KW8MB,ELISABETH BANNA,MANGA,F,25/03/13,MLOMP HAER,e3d13f36-bd71-4331-a639-466801f7abb5
9b2f63771e5c4fe299869088bb72db2b,T_4V644M,KHADIDIATOU,SY,F,10/10/12,BIGNONA,18f98f31-a476-4844-8c98-fd5458b9713f
016a1cde394d489f8515659930e9e09a,T_RAMPE,ABDOURAHMANE,BA,H,16/10/07,BIGNONE,89bcf47f-c492-4d35-976d-7a5035097b7a
dfb63dd1bb4a4ec29fb0c9fff768c0ea,4PP33V4N,MA AWA,KONTE,F,08/04/08,BIGNONA,e3d13f36-bd71-4331-a639-466801f7abb5
20c16e7576f24e8a90a2d19c722e8646,T_VM6NB,LAMA,DIANE,F,01/06/02,BIGNONA,18f98f31-a476-4844-8c98-fd5458b9713f
f97f7ee4e3434caeb7b86e31e50a233c,T_HDRAD,AMADOU,KONDJIRA,H,13/03/06,BIGNONA,18f98f31-a476-4844-8c98-fd5458b9713f
a52781f46a454fc0a8f866be4db55fe4,T_3NNRR,MALICK,DIEME,H,17/04/07,BIGNONA,174c812e-2a3f-46ef-94d2-3c56c0cfa1e8
84af3bd7b7554e56b8e9b0d0de38019e,8KYAAEVE,JUDITH,DIALLO,F,25/09/06,SEDHIOU,3778ae72-a8dc-4f7e-912e-50c1b49d0c97
8cf9d03442224ca59cf8c3109fcd7b4f,T_KMCKW,PERRINE FABIANA,COLY,F,13/01/09,BIGNONA,ba5f3949-1ae7-438a-accd-ba6081488e49
dafeb4fae18347988b590ff310252107,T_HUFKV,MARIE ROSE,BADIANE,F,02/03/07,DIABOUDIOR,e70b56e4-3115-4898-8e8d-236c0c5e5f86
fca3aec7cc794a00a9e7be50f13e030e,T_KTTNP,KHADIDIATOU,SENE,F,03/09/05,BIGNONA,e3d13f36-bd71-4331-a639-466801f7abb5
da0727e2f1ef44079176a4242c789de9,T_EVJKR,MODOU,WATARA,H,10/02/08,TENDINE,c12b5b2d-8b8b-4274-9fbd-8d38d7bca536
95ffb1b3aad143ada6652f8b1cf8e980,3D4EHG93,SALY,SANE,F,13/01/09,DIAMAGUENE SICAP MBAO,e3d13f36-bd71-4331-a639-466801f7abb5
4267381b7bc947828df18455b3010626,9JBAGU3C,SEYNABOU,DANSO,F,22/08/09,GOLF SUD,2ca38955-1375-4f48-9d0f-5776d5f35aaa
6e3cc2ba1bb245f4a85cf542407b2389,T_3NDMJ,ABSA COUMBA,CISSE,F,26/08/10,OUSSOUYE,c12b5b2d-8b8b-4274-9fbd-8d38d7bca536
58dd1fe7601d4ac6ba1c41fd7d7f6249,8FW8EBUN,HABIB,DIOP,H,29/03/10,BI,ba5f3949-1ae7-438a-accd-ba6081488e49
9075ca9b21724ca696b82ed3aa213779,T_AGDPF,BACARY,MANE,H,12/12/12,ZIGUINCHOR,2ca38955-1375-4f48-9d0f-5776d5f35aaa
9d21da02423f4920a6c5c4579301a500,8KCVUAE9,CHEIH OUMAR,SAMOURE,H,08/03/12,BIGNONA,18f98f31-a476-4844-8c98-fd5458b9713f
9993b8c4677949feb01d1ab72a563106,6DJGFGVK,BASSIROU,MANGA,H,14/08/09,BIGNONA,c12b5b2d-8b8b-4274-9fbd-8d38d7bca536
63f9894179f648efb49325dbcf3a073e,T_GKU3TM,ABDOULAYE,DIOP,H,07/01/12,BIGNONA,39d4c182-823c-4af2-af40-6b4606efeece
20d9a7549a4f41d0a962383bb4fb7b87,T_NAVCVM,MAMADOU DIOULDE,SOW,H,31/12/12,BIGNONA,3778ae72-a8dc-4f7e-912e-50c1b49d0c97
300206d0fc384b2da056561054b2b172,8RAY39PY,PAUL JOSEPH LIBOIRE,MANGA,H,25/03/11,BIGNONA,e3d13f36-bd71-4331-a639-466801f7abb5
2dbfcf7714934961964f1dcc79b07983,T_HCB8T,ATIFANE GERARD,DIATTA,H,05/09/03,DIEMBERING HALOUDIA,e3d13f36-bd71-4331-a639-466801f7abb5
3b39af59e626455d81bfeb020e94f7cf,T_W2F8D,SONA,COLY,F,20/03/04,Colomba,c12b5b2d-8b8b-4274-9fbd-8d38d7bca536
1bdbf0d95c6e422babb698b5deca3963,T_8W9JH,MAMADOU LAMINE,GOUDIABY,H,29/01/07,BIGNONA,e70b56e4-3115-4898-8e8d-236c0c5e5f86
166882fd34a4487cb323edd3e9c30744,4XURVTMC,FATOUMATA YOUSSOUPH,DIASSY,F,25/09/11,BIGNONA,3778ae72-a8dc-4f7e-912e-50c1b49d0c97
0d66892a1349482791cc52fcfd14ac67,9UYDB8WY,SEYNABOU,BADJI,F,07/07/09,BIGNONA,c12b5b2d-8b8b-4274-9fbd-8d38d7bca536
cf2ba99de62f4879960f8c679e764ac6,3BEDQTQE,FANSEYNI,FATY,F,12/12/07,BIGNONA,c12b5b2d-8b8b-4274-9fbd-8d38d7bca536
5e92bd9eae164883b802ab883dfc3f9c,6AADC63K,AMINATA,GOUDIABY,F,16/12/10,ZIGUINCHOR,39d4c182-823c-4af2-af40-6b4606efeece
889e21a4b7044e1a9891debd349cb1ae,3XXH9DJU,LAMINE,SANE,H,28/10/10,KOLDA,ba5f3949-1ae7-438a-accd-ba6081488e49
d241199328ce4f708216cbcb3820dbf9,T_9F7G8,MORY LAMANE,SOW,H,11/02/06,BIGNONA,39d4c182-823c-4af2-af40-6b4606efeece
ea808d906c564a4dad85fb72b9ba306e,T_RBCCH,BABACAR DIANGANE THIAM,NDIAYE,H,04/03/06,BIGNONA,e3d13f36-bd71-4331-a639-466801f7abb5
164f681482d94e379e54606a256d43ed,T_UBJUU,THERESE,SAMBOU,F,24/06/05,BIGNONA,89bcf47f-c492-4d35-976d-7a5035097b7a
9a3e0df0261143018557d570f83ef97d,3JPR3GXU,AWA,BADJI,F,13/11/08,SINDIAN,e70b56e4-3115-4898-8e8d-236c0c5e5f86
c58f4949dedc42b29482a5a3cdf211f2,T_FTNE8,PENDA,KANDE,F,07/12/10,KOLDA,3778ae72-a8dc-4f7e-912e-50c1b49d0c97
7eb93d36474740c18289f2e67a754219,T_HH2BJM,KHADIDIATOU,DIONE,F,12/11/10,SINDIAN,ba5f3949-1ae7-438a-accd-ba6081488e49
c187893f76ec4af2abffc2fa1af16110,T_MBTD4,PHILIBERT ACHILE,COLY,H,12/05/04,SOUTOU,c12b5b2d-8b8b-4274-9fbd-8d38d7bca536
471f78bd97c74a5790aac958017dc0ed,T_4AKV6,GLORIA,SAMBOU,F,26/02/04,Bignona,18f98f31-a476-4844-8c98-fd5458b9713f
1c359a59bd0a4b14996cf0ba5887b1ed,6RD9B6GN,MALICK,NIANG,H,02/07/09,BIGNONA,2ca38955-1375-4f48-9d0f-5776d5f35aaa
4d95263d8b114101a67884e50e0444d7,3PPNBQ6D,AMINATA BADJI,DIALLO,F,24/08/11,BIGNONA,39d4c182-823c-4af2-af40-6b4606efeece
6df1b57c1b964404b003ac9cfda0ff7f,9Y7KUV3R,CHRISTINE,COLY,F,20/09/11,BIGNONA,e70b56e4-3115-4898-8e8d-236c0c5e5f86
8102ec38cc09478799317ecaf467f4ba,8D3JA38M,ABSA DIOP,KAMARA,F,10/08/10,BIGNONA,2ca38955-1375-4f48-9d0f-5776d5f35aaa
a3c6aa6157f241cd9c9dea708256b1c1,T_NTDEN,MARIE THERESE SOLAOUTY,DIEDHIOU,H,20/06/03,BINDAGO,18f98f31-a476-4844-8c98-fd5458b9713f
5de16046ea9841499bcdbbff9b8c70ec,T_FAT4G,BINTOU,DIATTA,F,17/11/06,BIGNONA,89bcf47f-c492-4d35-976d-7a5035097b7a
5af0650ec7a44ba1bdb38028e87f5bd8,T_W6GKH,FATOUMATA,DJITE,F,15/01/07,BIGNONA,89bcf47f-c492-4d35-976d-7a5035097b7a
b8ed745bd9f14022a75c7bb9e78049fd,T_R8NFA,ADAMA SEBASTIANA,COLY,F,10/05/13,BIGNONA,e70b56e4-3115-4898-8e8d-236c0c5e5f86
45a30357c01648d2b89a0065c701d6e3,4J68DHNQ,ABOUBACAR,KONTA,H,31/12/13,TANAFF,18f98f31-a476-4844-8c98-fd5458b9713f
4e64ad3c55fb41d78787af15a912bac3,T_99D67,BLAISE JOSEPH,FATY,H,01/03/13,BIGNONA,ba5f3949-1ae7-438a-accd-ba6081488e49
da72ebe72d52434894dcf90fa0135ea5,T_KJA7C,MAIMOUNA,GOUDIABY,F,12/03/07,BIGNONA,89bcf47f-c492-4d35-976d-7a5035097b7a
24e8f810b4c14e9597d4e78c3fc40073,T_FDRTP,MOUSTAPHA,SANE,H,02/02/06,Bignona,174c812e-2a3f-46ef-94d2-3c56c0cfa1e8
5d0403b5cfb24b3ca616690b826f1a1c,T_ACJTT,BIRANE,DIAGNE,H,30/12/09,BIGNONA,3778ae72-a8dc-4f7e-912e-50c1b49d0c97
1ff157a2d44a4cbcb256d1413cda2c4a,T_A73KB,NDEYE SIRE,CAMARA,F,08/11/06,BIGNONA,3778ae72-a8dc-4f7e-912e-50c1b49d0c97
01f71f034ab249d888a0742efbf81086,T_NW6K7,KEWE,LOUM,F,08/03/10,BIGNONA,e70b56e4-3115-4898-8e8d-236c0c5e5f86
4bd1f2599ab94765a6f85dd8451a37e2,4CJGYJDM,CHERIF ALIOU,SEYDI,H,09/10/06,ZIGUINCHOR,89bcf47f-c492-4d35-976d-7a5035097b7a
7d36986e7e2549db83626c11fdc3755d,9XCCADKG,SOUKAYNA,BADJI,F,06/09/08,BIGNONA,2ca38955-1375-4f48-9d0f-5776d5f35aaa
54f2609230304d81a15e6aa948327301,8YERRVAP,KHADIDIATOU,MANGA,F,13/12/11,BIGNONA,18f98f31-a476-4844-8c98-fd5458b9713f
e726dc67a458420192a20ad03ff2547f,7MCTYXWY,AMETH,MANGA,H,08/10/08,BIGNONA,89bcf47f-c492-4d35-976d-7a5035097b7a
117760c0bf93427ca090d375e3712dff,T_E7VUD,CHANTAL AMELIE,BADJI,F,17/09/06,BIGNONA,18f98f31-a476-4844-8c98-fd5458b9713f
497f1d42c8424b21955e4895f0fb1a8f,T_CAF4E,NDEYE AMY,GASSAMA,F,28/11/06,BIGNONA,89bcf47f-c492-4d35-976d-7a5035097b7a
edfe11f49eae4e23950b9586001f3cdc,T_AGRUW,SAMUEL DOMINIQUE,BADIANE,H,23/01/07,BIGNONA,e70b56e4-3115-4898-8e8d-236c0c5e5f86
91f3682cf2614d939517c3aafb28084f,8HXRTU3F,BINTA,SAGNA,F,26/01/10,KAFOUNTINE,e70b56e4-3115-4898-8e8d-236c0c5e5f86
aa7eac2c82d845ec8f85919c8d9dc737,9RWFGQYD,ADAMA,FALL,F,09/08/12,BIGNONA,e70b56e4-3115-4898-8e8d-236c0c5e5f86
5fd725fbe3a3427f89c7e2d86b75d334,T_J4NN8,ISMAILA,DIEME,H,20/02/06,BIGNONA,ba5f3949-1ae7-438a-accd-ba6081488e49
577af22dffd24c3b83edf5ddf4c78934,7K8833XJ,CLARISSE CECILE,COLY,F,08/08/11,BIGNONA,e3d13f36-bd71-4331-a639-466801f7abb5
8070559439a9439fb24f9c224d3f6ab6,7QV3ERT4,BINTA,DANSO,F,17/04/10,BIGNONA,18f98f31-a476-4844-8c98-fd5458b9713f
326bdafe305c4fb08e9ef74da70ef664,T_WHKRGM,FATOU,SONKO,F,05/08/12,BIGNONA,89bcf47f-c492-4d35-976d-7a5035097b7a
5f2da5ddd04841d5b98af4a53927cc9c,T_3WWPD,PATRICE,DIATTA,H,19/01/02,KAHEME,ba5f3949-1ae7-438a-accd-ba6081488e49
f114330792b1483bac484c9de0307e4e,T_KAPU2,JEAN MARCEL,COLY,H,22/11/04,BIGNONA,18f98f31-a476-4844-8c98-fd5458b9713f
751befea581c482f905bc73652c67fd5,T_9VV78,BOUBACAR ZEIDY,DIALLO,H,13/11/10,TENGHORI,e70b56e4-3115-4898-8e8d-236c0c5e5f86
dc5f9d6d66504556bcdd06640b015bbf,7HDTKKJ9,YOUSSOUPH,MANGA,H,03/03/06,BIGNONA,39d4c182-823c-4af2-af40-6b4606efeece
ffc1f1b07ef840a6b7a503f83d0e368b,4G8TBKTX,BOUBACAR,AW,H,06/02/12,BIGNONA,e70b56e4-3115-4898-8e8d-236c0c5e5f86
fb64e7484bd24be699b37416c6c8e11c,4V8KRNB8,SOHNA SARATA,SANE,F,18/05/09,BIGNONA,18f98f31-a476-4844-8c98-fd5458b9713f
a05ad910fb0d47e7b495122f01847c49,T_8AVUV,CHEIKH AHMADOU BAMBA,BADJI,H,03/05/11,ZIGUINCHOR,89bcf47f-c492-4d35-976d-7a5035097b7a
1d90da7242044c85aa2c97cca11ddb3a,T_B6WKU,KADIJA,BADIANE,F,20/08/13,BIGNONA,c12b5b2d-8b8b-4274-9fbd-8d38d7bca536
e6a725679ccf4f9aa178ec93b9a93b7e,T_26FKA,ASTOU FANTA,SANE,F,11/07/05,BIGNONA,ba5f3949-1ae7-438a-accd-ba6081488e49
c1f34554078a4f1d9c4add01dd96c51d,3TMBVWVG,KHADIDIATOU,TRAORE,F,21/03/11,BIGNONA,ba5f3949-1ae7-438a-accd-ba6081488e49
50c8da0a067b490c813d57bd7aa881f9,4NCE3WNV,NAFISSATOU,CISSE,F,21/09/08,BIGNONA,c12b5b2d-8b8b-4274-9fbd-8d38d7bca536
fca7e4d365a642708ef60f21796f7cc1,T_DFRD2,AIDA,SONKO,F,2005-05-05,MEDINA DAFFE,18f98f31-a476-4844-8c98-fd5458b9713f
21fcf32be82c492080bc5b4964ce0de2,T_EWG93,MARIE MATHILDE DELIANE,COLY,F,15/08/01,Bignona,174c812e-2a3f-46ef-94d2-3c56c0cfa1e8
61580ecd873f4ff8bf2092b81bf96a63,T_E349T,OUSMANE,NDIAYE,H,26/12/05,BIGNONA,3778ae72-a8dc-4f7e-912e-50c1b49d0c97
98238dd15d9e42fabe2f65c943591ce5,T_G7VNF,FATOU BINTOU,SAMBOU,F,05/02/07,ZIGUINCHOR,174c812e-2a3f-46ef-94d2-3c56c0cfa1e8
2c2ef6378ebe4e528757f46effe7f1d6,T_KEV6D,ELISA,SAGNA,F,12/02/05,BIGNONA,89bcf47f-c492-4d35-976d-7a5035097b7a
a2d8593db7b74c68ab9525c29ab5b7bf,T_DTMJW,KHADY,KOUYATE,F,05/05/08,BIGNONA,e70b56e4-3115-4898-8e8d-236c0c5e5f86
e3a2f1f918cf4bfebea76dfa43528833,T_EH42P,MAMADOU LAMINE,MANE,H,27/10/07,BIGNONA,18f98f31-a476-4844-8c98-fd5458b9713f
6c1718936cba4a79a622f31a6531c2d8,T_UM9JT,SIRE,CISSE,F,16/01/09,BIGNONA,e70b56e4-3115-4898-8e8d-236c0c5e5f86
31445fccc0f3435dba96f0cd70658c73,8WQYX9NQ,MOUSSA,DABO,H,15/12/07,BALLOU,39d4c182-823c-4af2-af40-6b4606efeece
e1c975c9284241daa9df044929b28b52,9YVC8T7Y,SEYDINA ALIOUNE,KANOUTE,H,27/09/11,BIGNONA,ba5f3949-1ae7-438a-accd-ba6081488e49
f07964410ca44799b612f3194e7fc645,T_E89MK,PAPE SERIGNE,GAYE,H,18/09/09,KAOLACK,39d4c182-823c-4af2-af40-6b4606efeece
683f84ab82714bbb8f458e2afeaf18a3,T_3KTGVM,AISSATOU KODOU,BADJI,F,18/11/11,BIGNONA,18f98f31-a476-4844-8c98-fd5458b9713f
e9449454389340ff8ff67cac72677c51,T_EWAKP,MOUSSA,MARTINEZ,H,22/12/03,BIGNONA,89bcf47f-c492-4d35-976d-7a5035097b7a
1684eaa063454f12bb036b19426c5d64,T_7N4GP,ADAMA,DJIBA,F,14/02/06,BIGNONA,89bcf47f-c492-4d35-976d-7a5035097b7a
63a32e954c0d46989ff5c9e69f88a24b,T_B96T3,AMADOU BACHIR,TOUNKARA,H,29/08/04,Bignona,89bcf47f-c492-4d35-976d-7a5035097b7a
4526bbfe6af9425eb48327570e1a3258,T_62GC2,BAYE SIDY,COLY,H,23/02/06,DJIWA,3778ae72-a8dc-4f7e-912e-50c1b49d0c97
47947701c6604819930a88d6ff9e98cf,3Q7J69MY,MODOU,WATARA,H,10/02/08,TENDINE,174c812e-2a3f-46ef-94d2-3c56c0cfa1e8
c2fc3aa240d341b69c080974ce971e0e,6YUKMM6Y,MABINTOU,SANE,F,01/08/11,KARANTABA COUTA,18f98f31-a476-4844-8c98-fd5458b9713f
8074ba205a9e407bae4c0671eeeb8cdc,6UXFV37G,DANIEL LUCIO,BADJI,H,21/01/12,PIRAN,c12b5b2d-8b8b-4274-9fbd-8d38d7bca536
7c5511b79b7f4ee38bac0a99fdef6d50,6T4BXXM9,HABIB,KASSE,H,17/10/09,BIGNONA,18f98f31-a476-4844-8c98-fd5458b9713f
c75ddf86cabd46ddbb66fc8fddd8f267,8KVXUH68,OUSMANE,AW,H,06/02/12,BIGNONA,2ca38955-1375-4f48-9d0f-5776d5f35aaa
7e33da90e26945baaa469cfaebe098d4,3W6YMYJE,FANSEYNI,BIAYE,F,25/06/11,ZIGUINCHOR,174c812e-2a3f-46ef-94d2-3c56c0cfa1e8
758e95dceaf443e38adca29e2ae29547,T_B46R9,MAMADOU LAMINE MALICK,GOUDIABY,F,26/09/11,BIGNONA,ba5f3949-1ae7-438a-accd-ba6081488e49
cc111dfc526a49229465c3a53130c419,T_7TNW4,DIEUDONNE,NSAMA,H,14/05/12,BIGNONA,e3d13f36-bd71-4331-a639-466801f7abb5
103e933fcfa845e68af8431e4362602a,T_CB274,ADAMA,TOURE,H,31/03/07,SEDHIOU,c12b5b2d-8b8b-4274-9fbd-8d38d7bca536
be6ac85cc0194c9893826f1eba88aca8,T_DWC4W,THERESE THIOUDA,SAGNA,F,12/01/08,BIGNONA,174c812e-2a3f-46ef-94d2-3c56c0cfa1e8
ec83224d22c7495d857d774598fa29de,T_JE673,ALIOU,CISSE,H,02/12/08,BIGNONA,2ca38955-1375-4f48-9d0f-5776d5f35aaa
3ce76855ec504777bdbc2a44897430e8,T_T7VU4,NAFISSATOU,CISSE,F,21/09/08,BIGNONA,c12b5b2d-8b8b-4274-9fbd-8d38d7bca536
08daf0d74c684530ac09793871e26031,4FRBWQAF,FANTA,BODIAN,F,08/12/06,BIGNONA,39d4c182-823c-4af2-af40-6b4606efeece
07c7cb41ad3f41bfb4257d9ba788caf4,6PB4JQUG,MAMADOU META,KANTE,H,15/02/09,BIGNONA,89bcf47f-c492-4d35-976d-7a5035097b7a
85bda28c4fb64dd4978208a78966c32c,T_D7DDG,IBRAHIMA,ANNE,H,03/03/06,BIGNONA,ba5f3949-1ae7-438a-accd-ba6081488e49
0ee563acba90406d88f5fd4ad4a16e0b,T_UVF86,ADELE ASTOU,COLY,F,17/01/05,Bignona,e70b56e4-3115-4898-8e8d-236c0c5e5f86
e0a2d30a0b5e433e910a85e0c8aebba4,T_7VW4K,BINTOU DIARRA,DIEME,F,18/01/03,BADIOURE,e70b56e4-3115-4898-8e8d-236c0c5e5f86
2bb72b3fb85940b68b1022e27a590e80,T_T3V4M,AMINATA,DIALLO,F,19/10/07,BIGNONA,39d4c182-823c-4af2-af40-6b4606efeece
867f02d394d64330ad87a7d58a7d744c,T_8D8G8,ALFOUSSEYNI,DIEDHIOU,H,10/08/09,BIGNONA,174c812e-2a3f-46ef-94d2-3c56c0cfa1e8
20930133ec6a46fa8c2bb1784e884401,T_W8TVK,OUMOUL KHAIRY,CAMARA,F,23/10/09,BIGNONA,e70b56e4-3115-4898-8e8d-236c0c5e5f86
549b02f3aff245069b3ed7c160427cc2,T_NJRT8,AISSATOU,DRAME,F,23/03/08,BIGNONA,e3d13f36-bd71-4331-a639-466801f7abb5
db4cc3d4c6de47dd9fa87d48c16274d7,7AQ68G9Y,FANTA,KEITA,F,27/12/07,BIGNONA,c12b5b2d-8b8b-4274-9fbd-8d38d7bca536
2646e3a9bd6f432abe22b029a0c1b97c,9BHDFT6T,CHRISTIAN MICHEL,SANE,H,26/03/11,KAOLACK,89bcf47f-c492-4d35-976d-7a5035097b7a
d264b81b5a9444dd8df9d23402c6bc3f,9HB4NUCJ,ZACARIA,COLY,H,19/04/11,TENGHORY,2ca38955-1375-4f48-9d0f-5776d5f35aaa
e9094828dc6245b48ef84acc5f2578b3,T_GFGNK,CHEIKHNA CKHEIKH SADIBOU,NDIAYE,H,17/12/05,BIGNONA,39d4c182-823c-4af2-af40-6b4606efeece
38a1c4ee80ee494783012c46a2b76659,T_E7EB3,MAMADOU LAMINE,GUIRASSY,H,26/03/06,DAKAR,3778ae72-a8dc-4f7e-912e-50c1b49d0c97
ed663b4b75fc4ddb9321483fe495f2cf,T_2C8KE,AROUNA VINCENT LAYE,SAGNA,H,20/02/09,DJIGUINOUM,e70b56e4-3115-4898-8e8d-236c0c5e5f86
08be4be48a4d49afa50ba73a48a31546,T_W3FAW,BERTRAND,COLY,H,22/01/08,DAKAR,18f98f31-a476-4844-8c98-fd5458b9713f
2286bd5edd96452d8a57a84e0f178dfe,T_6KN4W,MAMADOU LAMINE,COLY,H,24/11/08,KATINONG,e3d13f36-bd71-4331-a639-466801f7abb5
30a8c540beb74917af3530a0912556b6,T_MTP66,SADIA,FATY,H,10/11/08,DAKAR,39d4c182-823c-4af2-af40-6b4606efeece
98087be0274849f69254a9265fc59728,T_WWP64,MAMADOU LAMINE,DRAME,H,15/07/11,BIGNONA,c12b5b2d-8b8b-4274-9fbd-8d38d7bca536
c0503f4afc11481c8fdb20b810bb1263,T_EGFMA,OLIVIER FERDINAND,SANE,H,29/06/09,BIGNONA,e70b56e4-3115-4898-8e8d-236c0c5e5f86
4fa064bd86b443e9b8b9d61bdd34bf6d,8V4EN7EE,ANGELIQUE AWA,COLY,F,10/12/08,BIGNONA,2ca38955-1375-4f48-9d0f-5776d5f35aaa
4bc87e3fa0264c419480d1a7a8f83ccc,7T97A6EH,DIARIETOU,DIEDHIOU,F,12/02/05,DIEGOUNE,ba5f3949-1ae7-438a-accd-ba6081488e49
e4bc979aec334f2bb96192851544bfdf,3HTPJ3U3,BOUBACAR,DIENG,H,03/05/09,BIGNONA,e70b56e4-3115-4898-8e8d-236c0c5e5f86
186939aa6ede40948ab59c91c40e90d5,3RT6QMDA,SIDY,SANE,H,31/12/11,BIGNONA,2ca38955-1375-4f48-9d0f-5776d5f35aaa
9e2f9125948647fc9474d5ad7fae1b48,3P7WDQR3,MARIETOU,DIEME,F,04/04/09,DIAGONGUE,174c812e-2a3f-46ef-94d2-3c56c0cfa1e8
b2da9a808691469191e6f628119f0512,7EJTUW9R,PHIOMENE,SECK,F,03/05/10,BIGNONA,2ca38955-1375-4f48-9d0f-5776d5f35aaa
0d690c189197411fabcad2ee4469d4e7,T_HBH7M,ALHAMDOU DJIBRIL,NDIAYE,H,14/07/14,BIGNONA,e70b56e4-3115-4898-8e8d-236c0c5e5f86
6783d554c05b4a23b7aa04cfa542aef5,T_6C9C8,NFANSOU FREDERIC,DIEME,H,04/11/03,Bignona,174c812e-2a3f-46ef-94d2-3c56c0cfa1e8
447968377abf4b438c68c7d9e18d9cc8,T_7JAUR,SALOMON DAVID,MANGA,H,06/03/09,BIGNONA,c12b5b2d-8b8b-4274-9fbd-8d38d7bca536
620cfdde523444a1af0221f6313f2ce6,T_P7H9J,NDEYE ASTOU,NDIAYE,F,05/01/08,BIGNONA,18f98f31-a476-4844-8c98-fd5458b9713f
75ac276e3b5a49d188d5f4da23f1d95b,6UTGMWVD,FATOU BINETOU,BADIANE,F,27/07/08,DIOURBEL,18f98f31-a476-4844-8c98-fd5458b9713f
85b06ba4f947431a9140bbfcbb4c883f,8KHXJENC,AROUNA VINCENT LAYE,SAGNA,H,20/02/09,DJIGUINOUM,c12b5b2d-8b8b-4274-9fbd-8d38d7bca536
b5856d10f7e84f6eb8475acdf3248484,8X9TGMXY,SENEBOU,DIOKHANE,F,13/07/11,BIGNONA,e70b56e4-3115-4898-8e8d-236c0c5e5f86
43f7c0147ded4b24b1e691b1074017e8,7VYF3BNB,SEYDINA MOUHAMED,MBAYE,H,24/02/09,DAKAR,c12b5b2d-8b8b-4274-9fbd-8d38d7bca536
6ed07e60b4fa4341892a216886763841,3UBU3XGD,IBRAHIMA,SY,H,10/10/10,BIGNONA,e3d13f36-bd71-4331-a639-466801f7abb5
510c91b370ee45e0b574627bd58cb6e2,7UUF834U,OUMY KHAIRY SARR,AW,F,19/09/11,BIGNONA,18f98f31-a476-4844-8c98-fd5458b9713f
48f8e2d327a44d7cb0999a35ab12d0cc,7X9KTTDD,OUMY COLY,DANFA,F,17/09/08,DIAMNIADIO,ba5f3949-1ae7-438a-accd-ba6081488e49
320295f168ad42fb9dfe39bee22b7148,T_3CAE9,MAGLOIRE,SAGNA,H,29/01/05,MANDOURD 1,c12b5b2d-8b8b-4274-9fbd-8d38d7bca536
58ac3d567fab43048759fd707c63c235,T_2NJ6M,IBRAHIMA,MANE,H,27/12/08,TENGHORI,174c812e-2a3f-46ef-94d2-3c56c0cfa1e8
7102adf4fa254410bd79ecc0f7b215eb,T_332UE,ALIMATOU,BADJI,F,15/10/09,BIGNONA,39d4c182-823c-4af2-af40-6b4606efeece
69740441955b4e86a233229fa4d7f88e,T_4K6DP,OMAR MATAR,TAMBA,H,11/06/09,BIGNONA,2ca38955-1375-4f48-9d0f-5776d5f35aaa
ad619b447b0c48c7997352142382a0e1,T_U3RJ2,DIEYNABA,SANE,F,11/03/06,KOLDA,c12b5b2d-8b8b-4274-9fbd-8d38d7bca536
3b9980746f124613820e0ac5ba00a53e,T_HURU9,ADJA ARAMATA,BADJI,F,04/01/07,BIGNONA,18f98f31-a476-4844-8c98-fd5458b9713f
9051bd3712934ffe830ef274e645051c,T_46V4N,KARFA,DRAME,H,13/01/06,BIGNONA,ba5f3949-1ae7-438a-accd-ba6081488e49
ba3079e456334930a2639a429e9baa5b,T_ATW42,STANISLAS BRUNO,SAMBOU,H,17/11/05,BIGNONA,c12b5b2d-8b8b-4274-9fbd-8d38d7bca536
4888fdec5b2e49ca81e00e789028f3df,8KPDDADA,MEXANT LAURENT,COLY,H,05/10/09,DAKAR,e3d13f36-bd71-4331-a639-466801f7abb5
989c26222c1b4e4da8b6e514a6704513,3AXGXXT3,AIDA,DIEDHIOU,F,03/02/11,BIGNONA,174c812e-2a3f-46ef-94d2-3c56c0cfa1e8
09da4a62c9774542a254e86c661f43bf,T_3AHGTM,ARABIETOU,BADJI,F,26/05/13,BIGNONA,e70b56e4-3115-4898-8e8d-236c0c5e5f86
3619445332db46408c008d399407bd24,9BG33DU9,AMINATA,DIALLO,F,19/10/07,BIGNONA,2ca38955-1375-4f48-9d0f-5776d5f35aaa
90b224f660e748f09cae199bfa14e44e,T_K6WKB,MAMADOU,SOW,H,04/07/10,BIGNONA,39d4c182-823c-4af2-af40-6b4606efeece
2a4cb66300a4479f9e59817cc432091a,T_VM4PF,MALAMINE,DRAME,H,06/07/03,Bignona,89bcf47f-c492-4d35-976d-7a5035097b7a
c703b9998f7b4eaf8be05fb8cfed236b,T_FF44C,MAME BINTOU,MANE,F,14/01/10,TENGHORI,e3d13f36-bd71-4331-a639-466801f7abb5
2aa25380bc6045c5b6a198676d1388ca,T_GB29T,AWA,SAMBOU,F,05/02/05,BIGNONA,18f98f31-a476-4844-8c98-fd5458b9713f
a6c768a35dd84c51b5e9154de4ab45ac,3TWREJ6M,DIENEBA SANE,DIEME,F,26/05/12,ZIGUINCHOR,18f98f31-a476-4844-8c98-fd5458b9713f
d34c75e722e34aa08f47526289823145,T_VB7R7,THIERNO IBRAHIMA,DIALLO,H,19/12/11,BIGNONA,3778ae72-a8dc-4f7e-912e-50c1b49d0c97
64585f272cd348e995859872b2862f5e,T_DHH7FM,ABDOULAYE KOBA,DIATTA,H,02/10/10,BOUCCOTTE OUOLOF,39d4c182-823c-4af2-af40-6b4606efeece
11bff613d441407e954e0fb7f75c2e97,8DUBWDUX,DIENEBA,GUISSE,F,01/12/11,TENGHORI,2ca38955-1375-4f48-9d0f-5776d5f35aaa
9050f8076e204224854081d95eda4320,T_8RJJR,VERONIQUE,COLY,F,26/04/04,Piran,e70b56e4-3115-4898-8e8d-236c0c5e5f86
6313775bfcbf44c4bce2cdd56f1a8311,T_R8TDV,SEKOU ASS,DIEDHIOU,H,15/04/05,BADIANA,2ca38955-1375-4f48-9d0f-5776d5f35aaa
8d40c368093b4cd2a8767b8d7469ef17,T_BJT43,ADAMA AWA,SOW,F,19/10/06,BIGNONA,e3d13f36-bd71-4331-a639-466801f7abb5
a99f5edb4a4d451f927d8db8bc3d0a59,T_J2MVD,FATOU,DIEME,F,13/03/07,TABI,174c812e-2a3f-46ef-94d2-3c56c0cfa1e8
20fbcf46f7474e1bbf035ae758d4c9c6,7H6FWWJF,ALIMATOU,GOUDIABY,F,09/11/08,BIGNONA,3778ae72-a8dc-4f7e-912e-50c1b49d0c97
779ba8f22b1d413f90b7229943d8aa7f,3ARDR7EK,MOUHAMED,BA,H,30/09/10,DIAKENE OUOLOF,3778ae72-a8dc-4f7e-912e-50c1b49d0c97
aecf85430c784f8aa22b29a7fc1ea8dc,3TY93F67,ALPHA OUMAR,DIALLO,H,29/12/09,BIGNONA,2ca38955-1375-4f48-9d0f-5776d5f35aaa
6f68d38ebfa64a51b5d641fab71fbaf5,4FQ6FHAY,MOHAMED SIDY,GOUDIABY,H,28/09/09,BIGNONA,ba5f3949-1ae7-438a-accd-ba6081488e49
063e48e952024e9b9ad2a51099173c04,T_DREKM,SOULEYMANE,NIASSY,H,10/08/10,BIGNONA,3778ae72-a8dc-4f7e-912e-50c1b49d0c97
7242d07094b54dc4bcf3d52ef75db9b2,T_T4DPAM,YAMA,COLY,F,31/10/12,PIRAN,e70b56e4-3115-4898-8e8d-236c0c5e5f86
9f05fa688ac647f9aabf7f8931bb3ce1,T_EF3ADM,ABDOURAHMANE,SOW,H,04/12/12,MARSSASSOUM,e3d13f36-bd71-4331-a639-466801f7abb5
ea64ca00ecf64cd29510b2d558198244,T_NM9W2,OUMAR,GOUDIABY,H,11/09/04,Bignona,e3d13f36-bd71-4331-a639-466801f7abb5
6c748959b01e47c4924610b1abc3e1c3,T_B4RAB,ADAMA,GOUDIABY,F,04/12/05,Bignona,174c812e-2a3f-46ef-94d2-3c56c0cfa1e8
1ea7374b52a0494cb7adb62b5cb5fc92,T_GTM8A,CHERIF ALIOU,SEYDI,H,09/10/06,ZIGUINCHOR,e3d13f36-bd71-4331-a639-466801f7abb5
363595372339404a8ca794499e28a76d,T_8HGB4,AMADOU JUNIOR,DIEME,H,10/05/06,BIGNONA,89bcf47f-c492-4d35-976d-7a5035097b7a
0c9d0c72753247b2b6c6fd45d98875be,T_BEFEE,AWA,BADIANE,F,09/01/04,BIGNONA,39d4c182-823c-4af2-af40-6b4606efeece
9b40ad8fe42a4597b78236dd5108d3a6,T_CAJ2K,MOHAMED ALAINDE,BADJI,H,08/10/10,TENGHORI,e3d13f36-bd71-4331-a639-466801f7abb5
1b99dcd15d634d2d8e44ac7f6b3ba505,8NGUKAMD,BACARY BOUBA,FATY,H,27/01/11,BIGNONA,39d4c182-823c-4af2-af40-6b4606efeece
085dbc677c9347d9a9b127e40d21dd27,7KJMFPPT,OULIMATOU,BADJI,F,24/12/06,BIGNONA,18f98f31-a476-4844-8c98-fd5458b9713f
588edac0533041a3b345eab74dcda1f5,9RW7FJWB,RABI,GOUDIABY,F,13/12/11,BOUTOLATTE,3778ae72-a8dc-4f7e-912e-50c1b49d0c97
e70cf68f40be403dbd35c512cc28efca,T_UKUCPM,PAPE SAYELLE NDOUR,DIEDHIOU,H,22/11/11,BIGNONA,e70b56e4-3115-4898-8e8d-236c0c5e5f86
deec63f9492d4c6886aee3780700c4d6,T_PFUBM,FANTA,SANE,F,05/12/06,DAKAR,39d4c182-823c-4af2-af40-6b4606efeece
9c4bd2e57c2845be8a62e9f65070c408,T_NG6A6,MA FANTA,SANE,F,26/03/10,THIAROYE GARE,e70b56e4-3115-4898-8e8d-236c0c5e5f86
08070e69a88b4bd1be9a076d02f579df,6JBMBYDU,NDEYE MARIE,SAGNA,F,17/06/12,BIGNONA,18f98f31-a476-4844-8c98-fd5458b9713f
76e10bee128b4ce398430bf9bfc6dcb0,8PR4FA6H,AWA,SANE,F,22/03/08,KINDIONG,18f98f31-a476-4844-8c98-fd5458b9713f
19a81ca1854e48b39c7f94ea4ce938ee,7K3M4EXH,RAMATOULAYE,SANE,F,24/01/09,MANGOULE,39d4c182-823c-4af2-af40-6b4606efeece
2b666e0d62f34433a3451e625fc70c19,T_2DMBEM,MOUSSA,CISSOKHO,H,09/04/12,BIGNONA,18f98f31-a476-4844-8c98-fd5458b9713f
0b774d1e9f6347f693a5089d00b051a6,T_H9HFU,SAFIETOU,DIEME,F,13/10/14,BIGNONA,18f98f31-a476-4844-8c98-fd5458b9713f
9acecf2f6b54469ebcad01128335045d,T_P28PN,SOULEYMANE,BADJI,H,21/06/08,BIGNONA,e3d13f36-bd71-4331-a639-466801f7abb5
696332f8aea0496ab42fbe3e2b436000,T_NNKTT,MARIAMA,DIAOUNE,F,11/02/02,Bignona,e70b56e4-3115-4898-8e8d-236c0c5e5f86
6c1014774e2b4651b82750f1edb5e4a4,T_G772P,IBRAHIMA FOULA KEBA,BADJI,H,24/11/04,BIGNONA,c12b5b2d-8b8b-4274-9fbd-8d38d7bca536
8445d97d0d984a38b6bee08016378882,T_8GVVA,RICHARD,DIEME,H,12/12/06,BIGNONA,18f98f31-a476-4844-8c98-fd5458b9713f
abc727145dda4f74aeb1612116edff90,T_A4JB4,AISSATOU,DIATTA,F,21/02/08,BIGNONA,ba5f3949-1ae7-438a-accd-ba6081488e49
6fe4a94ba03d40bda1d644d2be4ecf90,T_RD2RG,CECILE CHARLEINE,SAGNA,F,16/06/08,BIGNONA,ba5f3949-1ae7-438a-accd-ba6081488e49
544ae1aae3904b3096e4d0527064bcfe,3NTHDPPD,CHERIF,DIALLO,H,11/01/08,BIGNONA,174c812e-2a3f-46ef-94d2-3c56c0cfa1e8
4df33026bb0149a8b0ca90947dfe1b6a,6GTAHM3U,OUMY,BADIO,F,21/10/06,SAKAR,18f98f31-a476-4844-8c98-fd5458b9713f
2fe72b1d7b6d48cf8d9c9e6aeeb4c520,T_8CTRF,ASSANE,SAGNA,H,01/03/06,BIGNONA,39d4c182-823c-4af2-af40-6b4606efeece
3a97bf765fce4ca28459cdbdbe9754e7,T_D99WM,DIENABA,CAMARA,F,18/03/05,BIGNONA,ba5f3949-1ae7-438a-accd-ba6081488e49
2fbc95a9335149639f4f82fe1433c836,T_CAURC,BINETA,FATY,F,15/03/09,DIAFILON,c12b5b2d-8b8b-4274-9fbd-8d38d7bca536
32c874e5fff6425aa1eb56e83fbc7a6b,7JUKHPG9,EL HADJI MAMADOU SELLOU,DIALLO,H,05/03/08,TENGHORI,174c812e-2a3f-46ef-94d2-3c56c0cfa1e8
597dc6a958c9419c8fda8c1527923c30,T_2BJKU,MATAR,SANE,H,12/01/11,BIGNONA,e3d13f36-bd71-4331-a639-466801f7abb5
21f3bbb10e1f47258dd817017acd0255,4HKHMVQT,AWA,CAMARA,F,18/01/10,DIAOBE KABEND,e3d13f36-bd71-4331-a639-466801f7abb5
3a1603e9d9414831a01bbf14705d7dea,4TC9CP9A,MAME MAODO MALICK,TAMBA,H,27/07/11,BOUNE,ba5f3949-1ae7-438a-accd-ba6081488e49
f7f2be149c1a4b2c978f9a9a6338b9b7,T_HRB8GM,JEAN PIERRE BABACAR,COLY,H,25/06/09,BIGNONA,2ca38955-1375-4f48-9d0f-5776d5f35aaa
909e7b52d8dc4b8da612dfb06d859331,T_4HHPK,IBRAHIMA,NDIAYE,H,05/06/12,BIGNONA,39d4c182-823c-4af2-af40-6b4606efeece
84320f4d7d854edb99b06c626ba8f04c,T_43K4R,AMINATA RAMADAN,COLY,F,02/10/07,BIGNONA,39d4c182-823c-4af2-af40-6b4606efeece
671ada22693d45e181d49a3bfbe76858,T_47BAC,MARIE THERESE NANY,COLY,F,09/08/06,BIGNONA,89bcf47f-c492-4d35-976d-7a5035097b7a
c9c9da20981b46cdb8c8997369136e31,T_BVHD8,FATOU FANTA,COLY,F,28/06/06,BIGNONA,89bcf47f-c492-4d35-976d-7a5035097b7a
3e380ff16bbb4fafa33dad92b2a274e8,T_RBCCH,BABACAR DIANGANE THIAM,NDIAYE,H,04/03/06,BIGNONA,2ca38955-1375-4f48-9d0f-5776d5f35aaa
d92fc8e75a17458c9e34b982241cc98a,T_3UF37,MARIE LOUISE,BADJI,F,13/11/08,BIGNONA,174c812e-2a3f-46ef-94d2-3c56c0cfa1e8
2e075545a4b146c5959fc58f94c6280b,T_DFBFD,INSA,MANGA,H,24/01/07,BIGNONA,3778ae72-a8dc-4f7e-912e-50c1b49d0c97
24c03a7291f141b2ae2994f621ee7fb0,6YVT4R47,ADAMA,CAMARA,H,21/08/07,BIGNONA,e70b56e4-3115-4898-8e8d-236c0c5e5f86
97f897016c3b438b8fd4d5178482a4a7,3KWYJTNQ,BAILAOU,DIALLO,H,05/09/08,BIGNONA,18f98f31-a476-4844-8c98-fd5458b9713f
4ab6cd375af64a0da62fb4c623fd8128,7UK4WX66,ABDOU SALAM,DIEDHIOU,H,29/07/09,PIKINE,e3d13f36-bd71-4331-a639-466801f7abb5
900b5ebdb5ba4c389806a8f9cd9d38f9,4BM6NMJG,PAPE IDRISSA,DIALLO,H,06/08/09,TENGHORI,3778ae72-a8dc-4f7e-912e-50c1b49d0c97
7b70a655b6684b7d8672ab7b4e8e1d49,T_B2AHDM,THIERNO OUSMANE,DOUCOURE,H,22/07/11,BIGNONA,89bcf47f-c492-4d35-976d-7a5035097b7a
f4377b0c67bd41279bc765febc5e9023,T_PAKN2,MOHAMETH MICHEL,COLY,H,12/12/08,BIGNONA,c12b5b2d-8b8b-4274-9fbd-8d38d7bca536
651ee7f86de9451bac3f4c42cfc65fda,T_42H2K,LAMINE SENGHORE,BADJI,H,04/04/05,BAGAYA,3778ae72-a8dc-4f7e-912e-50c1b49d0c97
045f851804564822840aa95ab866b96e,T_9GJ2C,MARTHE PHILOMENE,DIATTA,H,01/10/04,Bignona,c12b5b2d-8b8b-4274-9fbd-8d38d7bca536
d4004c88eb1f4f98a5b774861099919e,T_9ERW4,MAME CHEIKH,SECK,H,02/12/06,BIGNONA,18f98f31-a476-4844-8c98-fd5458b9713f
7f5ad848efef43989fbe551e11191fcb,9W8BGCPF,ADJIA AMINATA,GARBA,F,15/09/09,BIGNONA,e70b56e4-3115-4898-8e8d-236c0c5e5f86
6323696470ba4f85ae0e590d9ed6c189,T_TJBW4M,BECAYE,DIAFOUNE,H,12/01/11,ABENE,c12b5b2d-8b8b-4274-9fbd-8d38d7bca536
cf51d3c0524a4e5ca55a9d38b0fa8615,T_B72C3,DIEYNABOU,DIALLO,F,17/06/11,BIGNONA,c12b5b2d-8b8b-4274-9fbd-8d38d7bca536
51ed5a7ad0d544c3929f13a2da07bcda,6J9QWV6U,SOULEYMANE,KONE,H,06/04/11,BIGNONA,3778ae72-a8dc-4f7e-912e-50c1b49d0c97
5cf210c030f74c279843735760f52b2a,4DFD7WYV,MAMADOU FALL,SANE,H,26/03/07,DIEDGOUNE,e70b56e4-3115-4898-8e8d-236c0c5e5f86
f072df106c5145e9ac73a742a8445b8e,4JUQWNH3,OMAR ABASS,DABO,H,24/01/09,BOUNE,e70b56e4-3115-4898-8e8d-236c0c5e5f86
9007fdb24e244145907030b4e10c51f2,6GG93DFK,MAMADOU LAMINE,DIASSY,H,12/01/10,BIGNONA,174c812e-2a3f-46ef-94d2-3c56c0cfa1e8
ed076ab26d28419b9cc6b3455b758343,T_GR8GP,AICHA,SARR,F,09/09/13,BIGNONA,e3d13f36-bd71-4331-a639-466801f7abb5
d7ef2b77e3414e68b823eb80747c0e95,T_G24T7,FATOU,SONKO,H,17/11/08,BIGNONA,2ca38955-1375-4f48-9d0f-5776d5f35aaa
2ccff5e20cdd437e8289b01c2e3dc21f,T_23AJ4,SOUKEYNA,TALL,F,04/08/06,BIGNONA,e3d13f36-bd71-4331-a639-466801f7abb5
f7dab06cdf1142e3aa67ffba8eb14be1,T_7GGRK,SEYDINA BOUBACAR,COLY,H,27/10/09,DJIWA,174c812e-2a3f-46ef-94d2-3c56c0cfa1e8
7589d7313a0e433d821e363183a232f7,T_8KUV9,AMINATA DICO KAMBOSSI,SONKO,F,29/02/08,PIKINE,ba5f3949-1ae7-438a-accd-ba6081488e49
4c0dc81f190e4f8fa32963febea104b1,T_JPBM9,AMI,SANE,F,25/07/08,OUONCK,e70b56e4-3115-4898-8e8d-236c0c5e5f86
baf2048daf064e8e9db48b144755d70e,T_W6NK7,FATOU,CISSE,F,02/05/05,NIASSENE MANDING,e3d13f36-bd71-4331-a639-466801f7abb5
9e06ab7d08e649e2ab1042a423358306,T_PBFRA,YOUSSOUPHA,DRAME,H,29/09/11,BIGNONA,18f98f31-a476-4844-8c98-fd5458b9713f
53345d6820ec42bea6a49dfbf67c1d0d,9RDJYEBP,MOUHAMED,SOW,H,03/08/11,DAKAR,2ca38955-1375-4f48-9d0f-5776d5f35aaa
397331e2373f49f1a2f1c6f649ef07c2,8YNF3YMT,FATOUMATA,DIEBATE,F,08/03/12,BIGNONA,c12b5b2d-8b8b-4274-9fbd-8d38d7bca536
5707cb0bf6544e0c8a2a013ac2459e11,4KRHU9FR,SIMON NOEL AHMED,COLY,H,01/09/08,DAKAR,e3d13f36-bd71-4331-a639-466801f7abb5
f9f356730990463eb2af4dac899bb2fd,T_3GW9JM,YACINE,COLY,F,22/11/13,BIGNONA,89bcf47f-c492-4d35-976d-7a5035097b7a
8fbca207e26f4d2fa446d19acba31a59,T_KBFD7,ISMAILA,MBODJ,H,07/03/02,Bignona,39d4c182-823c-4af2-af40-6b4606efeece
f3d2757d166c4d96be9d8805f0fa9df0,T_CA664,ABDOU KHADRY,FATY,H,30/09/05,Bignona,c12b5b2d-8b8b-4274-9fbd-8d38d7bca536
a6b6935c555641eabdacaf12b39813bf,T_BGV9J,IBRAHIMA MAMADOU,SOW,H,18/11/03,BOKE DIALLOUBE,e3d13f36-bd71-4331-a639-466801f7abb5
ac32eb4ed60145d286902e3afe4e3684,T_27NGR,SADIBOU,COLY,H,18/08/06,BIGNONA,ba5f3949-1ae7-438a-accd-ba6081488e49
efcf6b59b5534130840e3e0932da733c,T_9T922,MAMADOU ABALINGOR,DIEME,H,13/12/06,BIGNONA,39d4c182-823c-4af2-af40-6b4606efeece
49bc07600c3e47d79481e74bf7a3ba4c,6RA9YR9V,DJIBRIL,SOW,H,07/03/08,BIGNONA,e70b56e4-3115-4898-8e8d-236c0c5e5f86
a6052eb684f346b89318b995ff0bff65,7XCFMYPD,KHARDIATA,SALL,F,20/05/10,BIGNONA,89bcf47f-c492-4d35-976d-7a5035097b7a
415328da15024a428b1e2ee6fc15e93d,8CNAERXG,KEBA INDIRA,COLY,H,26/11/08,BIGNONA,3778ae72-a8dc-4f7e-912e-50c1b49d0c97
ce1911923994456abff7b1d96a962d85,4XBN6DX7,DIENEBA,DJIGHALY,F,20/06/09,BIGNONA,e3d13f36-bd71-4331-a639-466801f7abb5
5bdd4453ac4d44f0ab97aefbcdf95442,T_6C89U,PAUL YAYA,SAMBOU,H,12/10/14,BIGNONA,89bcf47f-c492-4d35-976d-7a5035097b7a
e3260efd0f39460a9008da4c2e3ef774,T_W2JNF,MAGLOIRE,SAGNA,H,29/01/05,MANDOUARD1,e70b56e4-3115-4898-8e8d-236c0c5e5f86
ec587d0a01724d14947d415eead9e2a5,T_C8V79,SADIO,FOROMO,F,05/03/09,KEGNETO,3778ae72-a8dc-4f7e-912e-50c1b49d0c97
db2ea4fdd2334184bbb34c685bdc29bf,T_67HVT,PIERRE EDOUARD,COLY,H,16/09/06,BIGNONA,e3d13f36-bd71-4331-a639-466801f7abb5
61d795ec5b4f4b9e819128889add29ca,T_M7DBC,AMINATA NDIATTE,NDIAYE,F,17/07/04,FITH-MITH,89bcf47f-c492-4d35-976d-7a5035097b7a
9d6062d345204e74bebc1a1728b0cc92,T_FGG48,EL HADJI IBRAHIMA,COLY,H,04/06/05,DIOULOULOU,2ca38955-1375-4f48-9d0f-5776d5f35aaa
26f626da04e544c2ad6b24c3dda56f98,T_F6WFU,SONA,BODIANG,F,13/09/06,DIOUBOUR,e70b56e4-3115-4898-8e8d-236c0c5e5f86
9efb72c209714ff69d05bf1ba2df9be7,T_MAWNR,KADIA ANNA,DIALLO,F,04/02/06,BIGNONA,e70b56e4-3115-4898-8e8d-236c0c5e5f86
2810c6c8820f40a6acb8b9a7b1778c39,T_BCFVV,MARIAMA,NDIAYE,F,08/10/07,BIGNONA,3778ae72-a8dc-4f7e-912e-50c1b49d0c97
8111f4b971e949ab82f2981654ab3640,T_MGBP9,ALIOU,SANE,H,02/03/08,BISSARY KANSOYE,ba5f3949-1ae7-438a-accd-ba6081488e49
7956ae25810f4d9d872680cbc636a3e6,6HPDP6RN,MAME DIARRA,DIEDHIOU,F,10/10/09,BIGNONA,3778ae72-a8dc-4f7e-912e-50c1b49d0c97
54f233fcda66435fa078550663e5c238,T_3VGPJ,FATOU BINTOU,MAR,F,25/11/11,POUT,2ca38955-1375-4f48-9d0f-5776d5f35aaa
30b8572a717c450fbcaabd64ace5f436,T_ACFC2M,IDRISSA BODIAN,BA,H,23/03/11,BIGNONA,e70b56e4-3115-4898-8e8d-236c0c5e5f86
1e07e948ffc7484d9d9f442ca10ba2b1,T_9MN8B,MAMADOU,SAMBOU,H,16/06/04,Bignona,174c812e-2a3f-46ef-94d2-3c56c0cfa1e8
525bf70f444e47d38436cccda061e3ef,T_D9KNJ,AWA BASSENE,BADJI,F,04/12/10,BIGNONA,18f98f31-a476-4844-8c98-fd5458b9713f
6ccacca55a6a4dd7b0c5ce15c3334ec1,T_D482P,ASTOU,COLY,F,23/04/06,BIGNONA,e70b56e4-3115-4898-8e8d-236c0c5e5f86
91ec8c9d25a846f99fec4ce57e522c00,4MXKW98C,JOVITA MARIAME,LOPEZ,F,08/04/09,BIGNONA,e3d13f36-bd71-4331-a639-466801f7abb5
4d5676adb41f42d78fd3c839fb96b5c6,9MXF8QAR,BACARY BOUBA,SIDIBE,H,30/08/06,BIGNONA,e3d13f36-bd71-4331-a639-466801f7abb5
d30b89ebc0fd4a2b88f9b4b29e8163f0,9Q69UUAF,MOUHAMED,CISSE,H,07/02/12,BARGNY,39d4c182-823c-4af2-af40-6b4606efeece
8404bb25ad08440dadd02c26da4b5399,9PDNK6XY,ALIOU,SAGNA,H,01/12/10,TENGHORI,18f98f31-a476-4844-8c98-fd5458b9713f
9b2137fcda4b4811aa470b00ad8fc576,7CCWUX4D,NABA,SYLLA,F,20/12/12,SONKOCOUNDA,e70b56e4-3115-4898-8e8d-236c0c5e5f86
05a3f8f90ace4ae087f20e7589f0ee1b,3BEDQTQE,FANSEYNI,FATY,F,12/12/07,BIGNONA,39d4c182-823c-4af2-af40-6b4606efeece
e3ff3a4ab03941d48275c625cc152061,8C8WVQ3F,FATOU,DIEME,F,25/12/10,TENGHORI,39d4c182-823c-4af2-af40-6b4606efeece
fe5e07903e5c402d8d1329895e9195ee,7NXBBBRM,MAME DIARRA,DIALLO,F,15/01/11,BIGNONA,39d4c182-823c-4af2-af40-6b4606efeece
b8606d183e394f74bdd19762ac4ecf68,T_8RMNH,LEON MOISE,BADJI,H,21/07/04,Bignona,174c812e-2a3f-46ef-94d2-3c56c0cfa1e8
388e65fc722a495fb8f758208d6e63cb,T_4D4R4,NDEYE SOKHNA,CAMARA,F,04/05/06,BIGNONA,39d4c182-823c-4af2-af40-6b4606efeece
34ad8ceb468a44dbb4fe702125147a7b,T_TJJP9,OMAR,SANE,H,01/01/07,BIGNONA,39d4c182-823c-4af2-af40-6b4606efeece
eea47f3b5e344247beb59dc9e82d0b2b,3VYVXQRY,ELAHDJI OUSSEYNOU YALLON,BODIAN,H,06/04/11,BIGNONA,39d4c182-823c-4af2-af40-6b4606efeece
95fdb372e3d34af88e4546d2d0dc2057,7H6JYRTT,CHRISTINE BERNADETTE,COLY,F,06/05/09,SOUTOU,e3d13f36-bd71-4331-a639-466801f7abb5
7014df55ba4a42bbb05949ac93535c1d,T_B2PDF,FATOU,SANE,F,17/04/05,NIOROKY,3778ae72-a8dc-4f7e-912e-50c1b49d0c97
b90e694eea52485f8f3cc11f0ecd2040,T_MPWM4,ADAMA,SECK,F,24/12/06,BIGNONA,e3d13f36-bd71-4331-a639-466801f7abb5
c448578a935c4b1fafb20ea9bf6af545,T_W6NK7,FATOU,CISSE,F,02/05/05,NIASSENE MANDING,39d4c182-823c-4af2-af40-6b4606efeece
75246570a91c42cca98d55bcccd2108a,T_H82MR,AWA,DABO,F,10/01/07,BIGNONA,c12b5b2d-8b8b-4274-9fbd-8d38d7bca536
a28fb0e4140947ad8a9381127459e713,T_EA29U,EL HADJI MALICK,CAMARA,H,12/05/10,BIGNONA,39d4c182-823c-4af2-af40-6b4606efeece
f397c77861f4428b81dd33a6c3c56831,T_UB76J,MAMADOU LAMINE,TAMBA,H,03/04/09,KEUR MASSAR,2ca38955-1375-4f48-9d0f-5776d5f35aaa
3cf509a6e4024cc4b07003d0c8d060fb,T_AK6ND,MAHMOUD,NIASSY,H,20/10/05,BIGNONA,39d4c182-823c-4af2-af40-6b4606efeece
99bb288500f54f28a312e92ab07e23ec,9FXRYB6J,RAMA NDIAYE,BOYE,F,27/09/07,BIGNONA,39d4c182-823c-4af2-af40-6b4606efeece
39b36e1726f549c4965fba704131df51,8QH9KXDU,AISSATOU,KABO,F,16/03/10,BIGNONA,e3d13f36-bd71-4331-a639-466801f7abb5
b381837381764815b17f9760dfd2235e,T_UAJ7W,ABISSATOU BAYO,BODIAN,F,05/03/05,DJILONDINE,39d4c182-823c-4af2-af40-6b4606efeece
b5088a4741a841dda628dc9c4109a0d8,T_B8BC4,AISSATOU KABABE,SANE,F,14/04/08,BIGNONA,e3d13f36-bd71-4331-a639-466801f7abb5
8fae7c7293884abba529baacc2f52b31,T_GTM8A,CHERIF ALIOU,SEYDI,H,09/10/06,ZIGUINCHOR,39d4c182-823c-4af2-af40-6b4606efeece
1506b10d75df4dfeba638b55f3666c97,T_8EWPU,ANNA BRIGITTE,COLY,F,02/06/08,BIGNONA,c12b5b2d-8b8b-4274-9fbd-8d38d7bca536
cd5ff740202a4b6196631608337ee8ca,3HGKQTCJ,IBRAHIMA,DIATTA,H,31/12/09,TENGHORI,c12b5b2d-8b8b-4274-9fbd-8d38d7bca536
267219d5947c458187e78675ad636c5e,4AK7VPAR,GNIMA,GOUDIABY,F,10/06/12,BIGNONA,39d4c182-823c-4af2-af40-6b4606efeece
01ef549b6150432082db87f5934ac2f1,9CRE66FT,ALIMA,CAMARA,F,27/06/11,BIGNONA,c12b5b2d-8b8b-4274-9fbd-8d38d7bca536
525f46779bd84c5e84c9b3ca12ff65a0,T_CETE8M,ABOU BACARY,SAMBOU,H,21/09/11,BIGNONA,ba5f3949-1ae7-438a-accd-ba6081488e49
8694afa037d7423c92cd3b3ee32927d1,3RD3H7BM,MAME FANTA,DIALLO,F,24/02/10,BIGNONA,e3d13f36-bd71-4331-a639-466801f7abb5
a5cf1b0648dc4a22a7ea3d19c91b18f7,T_A3KM3,CECILE OULIMATA MARCELINE,MANE,F,06/07/12,BIGNONA,e70b56e4-3115-4898-8e8d-236c0c5e5f86
8f7c57f1f0244b73afc73b058f906f2d,T_6C9RW,ALPHA,DIALLO,H,12/12/05,BIGNONA,39d4c182-823c-4af2-af40-6b4606efeece
efb84a833ad7458480d9f0735e83263e,T_MFV2M,AWA,TOURE,F,31/03/07,SEDHIOU,e3d13f36-bd71-4331-a639-466801f7abb5
d862bbc242084a7698d644e3eb77f9a6,T_8WMEB,AISSATOU TACKO,BASS,F,04/02/06,BIGNONA,89bcf47f-c492-4d35-976d-7a5035097b7a
0b99371c338c45e6aa95cf4d13b45503,T_F2CGG,NDEYE YACINE,DIEDHIOU,F,10/02/08,DIAFILON,c12b5b2d-8b8b-4274-9fbd-8d38d7bca536
4443838f5426474dbb12ecdc5b26b3ad,T_TVAVD,FATOU,CISSE,F,18/03/06,BIGNONA,3778ae72-a8dc-4f7e-912e-50c1b49d0c97
1b916dae39cf4724a6cf3c82e7e927f6,T_CT79C,OMAR,COLY,H,06/05/08,PIRAN,c12b5b2d-8b8b-4274-9fbd-8d38d7bca536
f7443350b17443b0b7eea0ecf02c86e3,T_G7VNF,FATOU BINTOU,SAMBOU,F,05/02/07,ZIGUINCHOR,3778ae72-a8dc-4f7e-912e-50c1b49d0c97
d758604230054696a845b5aa09ef16c9,T_J2MVD,FATOU,DIEME,F,13/03/07,TABI,174c812e-2a3f-46ef-94d2-3c56c0cfa1e8
423421694297436a97c65b19183b508d,T_3UF37,MARIE LOUISE,BADJI,F,13/11/08,BIGNONA,3778ae72-a8dc-4f7e-912e-50c1b49d0c97
6226cc17eeb245e99bcdc82e11765791,4PPR7MAD,MAMADOU LAMINE,MANE,H,27/10/07,BIGNONA,e3d13f36-bd71-4331-a639-466801f7abb5
a9bf8e5b085643ac84c199e20bc34752,9P4HGXJH,KABA,SOUMARE,H,14/03/11,BIGNONA,e3d13f36-bd71-4331-a639-466801f7abb5
71439763d38b48038a936294beb1203a,T_GBTG6M,RAMATOULAYE,DIEDHIOU,F,20/10/10,BIGNONA,ba5f3949-1ae7-438a-accd-ba6081488e49
9d9045e9240446178b4dc31276ba2a4b,T_4U6D4,IBRAHIMA,GASSAMA,H,16/03/04,Bignona,3778ae72-a8dc-4f7e-912e-50c1b49d0c97
26dc80c7ad3a49979fa344482919b495,T_TAC2E,FODE,SAMBOU,H,04/05/06,BIGNONA,e3d13f36-bd71-4331-a639-466801f7abb5
295f8ab599984f35ae2db445f48a2c8f,T_A7BB7,MARIAME,MANGA,F,14/08/04,BIGNONA,e3d13f36-bd71-4331-a639-466801f7abb5
7f093a4d5938404e8e9f5d6816d57802,T_273CU,BACARY,DANSO,H,05/02/06,BIGNONA,89bcf47f-c492-4d35-976d-7a5035097b7a
1b87a5ae51ae40079d1151098cb24e4f,T_9UTNE,DADY IDRISSA ARINDE,DIATTA,H,30/12/07,DIATOCK,ba5f3949-1ae7-438a-accd-ba6081488e49
2cfcbd9d0900487a961bdd72b6aa7306,8BV9RH9W,BINTA,DIASSY,F,31/12/10,TENGHORI,ba5f3949-1ae7-438a-accd-ba6081488e49
441c6601347d49088ddc1e47445f434e,7HCVGTK7,ALEXANDRE ADOLPHE,BROWN,H,06/11/09,ZIGUINCHOR,ba5f3949-1ae7-438a-accd-ba6081488e49
667ef1c67a8047049f8e52b9e93eaf02,T_CUGVN,SEGA,DANFA,H,03/04/05,FARABA,2ca38955-1375-4f48-9d0f-5776d5f35aaa
c7932ba89d524ae891ed31e2feb982f0,T_E7DJE,KADIDIATOU,FALL,F,27/01/06,BIGNONA,3778ae72-a8dc-4f7e-912e-50c1b49d0c97
3fd42b2519794f908ea3f711daa6f59f,T_N3A3G,KADY DIATTA,SAGNA,F,28/06/04,BIGNONA,c12b5b2d-8b8b-4274-9fbd-8d38d7bca536
ccf5a8a259324d4a9de8265ae0c86c7f,T_6EAVJ,DIARIETOU,SANE,F,20/03/08,BIGNONA,e70b56e4-3115-4898-8e8d-236c0c5e5f86
39557de0e7a64685bddbbeb1473f0642,9BJGTMWM,KHARDIATOU,SOW,F,14/04/10,BIGNONA,89bcf47f-c492-4d35-976d-7a5035097b7a
d1afbd642cc14635a22aeaecabee296e,T_9FRHG,SEYNABOU,DIALLO,F,13/07/07,BIGNONA,e3d13f36-bd71-4331-a639-466801f7abb5
8f457d1023e148e7871e84d2de11df38,T_D48P7,AISSATOU,DIOP,F,03/01/07,EBINKINE,e70b56e4-3115-4898-8e8d-236c0c5e5f86
e4a1465c86ed4e5080318f1a341893d2,T_WHTD9,NDEYE FATOU,BADJI,F,21/09/05,BAGAYA,e70b56e4-3115-4898-8e8d-236c0c5e5f86
249d039eea5541b2a89fb03310ac566c,T_46PDH,MAHMOUD,NIASSY,H,20/10/05,BIGNONA,e3d13f36-bd71-4331-a639-466801f7abb5
d171a4314eba410f8f7526f64ff9093a,T_F4E8N,ANGELIQUE EVA,COLY,F,31/10/08,BIGNONA,89bcf47f-c492-4d35-976d-7a5035097b7a
2b7100786d0543bd9413c5169b49aa40,6MXTWYXJ,BABOUCAR,BADJI,H,24/12/08,BOUTOLATTE,e70b56e4-3115-4898-8e8d-236c0c5e5f86
4b041fbce1a740a09eaf84729a7d9d56,7H6JYRTT,CHRISTINE BERNADETTE,COLY,F,06/05/09,SOUTOU,174c812e-2a3f-46ef-94d2-3c56c0cfa1e8
053eb7af5b6947098c55887d7e7c4e2b,3MMCDK3A,MARCEL BONAVENTURE,TOUDJI,H,03/05/11,BIGNONA,e70b56e4-3115-4898-8e8d-236c0c5e5f86
e01724bc6d2f4e5298b7707c15a95a59,7X9KTTDD,OUMY COLY,DANFA,F,17/09/08,DIAMNIADIO,3778ae72-a8dc-4f7e-912e-50c1b49d0c97
09e36b4de05c4579b67063be642776d4,8QMTYV4K,THIERNO IDRISSA,DIAKHITE,H,13/09/09,BIGNONA,89bcf47f-c492-4d35-976d-7a5035097b7a
913354b0868e4e0fa2b1b76d2ce44d2c,T_TMV4N,AWA,CISSE,F,05/01/01,Bignona,e3d13f36-bd71-4331-a639-466801f7abb5
dba57e55f46a4c3bb660b74f6a2d437a,T_2J67R,HENRI PIERRE,SAMBOU,H,12/07/05,Bignona,89bcf47f-c492-4d35-976d-7a5035097b7a
4f5a7e06f5c749dca257cd4b87d7e4d8,T_EWAKP,MOUSSA,MARTINEZ,H,22/12/03,BIGNONA,174c812e-2a3f-46ef-94d2-3c56c0cfa1e8
4959111f00944b92b6ea6f8fa3a59f6c,T_CME9N,PIERRE DENIS NICOLAS,SAGNA,H,15/02/05,DAKAR,e70b56e4-3115-4898-8e8d-236c0c5e5f86
53212013c1fb44c2a50325fd474ceadc,6AX6AAH7,YANCOUBA BALDE,SONKO,H,30/01/10,BIGNONA,89bcf47f-c492-4d35-976d-7a5035097b7a
f41e20d7e42d4ed3a0e04b29bc950429,T_2GBCV,PAPA SEYDINA ALIOUNE,FATY,H,24/05/13,BIGNONA,c12b5b2d-8b8b-4274-9fbd-8d38d7bca536
f3b84d5fa80c4affbdabd7f0525363c9,7GMH7A48,FATOU NICOLE ABINDIONA,BADJI,F,21/06/11,KARTHIACK,e70b56e4-3115-4898-8e8d-236c0c5e5f86
8586c4b4625f4e818cfaae63efc89ad9,T_BV4M2,EL HADJI OMAR,DABO,H,13/09/07,BIGNONA,174c812e-2a3f-46ef-94d2-3c56c0cfa1e8
04f2bdf26cd447e98e4999fd35228f21,T_HG7AH,ARONA,BIAYE,H,27/12/08,BIGNONA,3778ae72-a8dc-4f7e-912e-50c1b49d0c97
134531b3c86b460d8b59a43bba8acc4a,T_R9KAW,MOISE GILBERT,SAGNA,H,13/04/09,TENGHORI,2ca38955-1375-4f48-9d0f-5776d5f35aaa
d9c2d0f86f8448aea5b6020504050391,9TJCWBPF,SERIGNE FALLOU AMAR,DIEDHIOU,H,22/02/08,BIGNONA,c12b5b2d-8b8b-4274-9fbd-8d38d7bca536
2fd7f75b1c894685bdce57931037d0bf,T_VCHA7,NDEYE FATOU,DIEME,F,08/05/12,BIGNONA,3778ae72-a8dc-4f7e-912e-50c1b49d0c97
a807d7bbe9a24e4fbf3c22550e1e06ef,T_J393CM,CHERIF,SAGNA,H,26/12/11,DIEMBERING,39d4c182-823c-4af2-af40-6b4606efeece
da9ffcc2725941ab80d9b8ed571633ff,T_G9228,BACARY,MANGA,H,13/11/11,BAILA,c12b5b2d-8b8b-4274-9fbd-8d38d7bca536
492a51f187ae4ee8981ce6bb81a17fcd,T_77DJT,EVE FAYE,COLY,F,22/05/05,Bignona,39d4c182-823c-4af2-af40-6b4606efeece
7c31898b610c41378cbf10419fee2cb6,T_3HCNW,GNIMA,MANGA,F,16/11/06,Bignona,c12b5b2d-8b8b-4274-9fbd-8d38d7bca536
bc401deb447041d79284deb7b0b8487b,T_RBPC2,GNIMA FATOUMATA,SANE,F,14/05/03,Bignona,39d4c182-823c-4af2-af40-6b4606efeece
25ece63935ca429cadeb6b1363443b33,T_NFNF2,MOUHAMED MALANG,DJIBA,H,27/10/06,DIAMAGUENE,18f98f31-a476-4844-8c98-fd5458b9713f
27132b687d8149188cfa004ae4892dd7,T_BW3V8,DIENABA,SENE,F,04/02/07,BIGNONA,18f98f31-a476-4844-8c98-fd5458b9713f
bd3d6b6ebcaf4aae991fa9d20604391b,T_EUKTR,MARIAMA,DIOP,F,24/04/07,BIGNONA,18f98f31-a476-4844-8c98-fd5458b9713f
a00a1c8b42c74754be32c78949901528,T_JDKPC,OULIMATOU,BADJI,F,24/12/06,BIGNONA,39d4c182-823c-4af2-af40-6b4606efeece
0bf35145f2134171955401d6717f5ee0,6MDERV4G,ALPHOUSSEYNI,DIEDHIOU,H,10/08/09,BIGNONA,c12b5b2d-8b8b-4274-9fbd-8d38d7bca536
20f06ad7c1e64e269b811a3b94b0540f,6MURMJQR,ROCKHY,SAMBOU,F,04/04/11,BIGNONA,18f98f31-a476-4844-8c98-fd5458b9713f
1e1fba5c79e24d6e9baa83f89f769fb7,T_M63V3M,PAPE SOULEYMANE THIORO,CISSE,H,18/07/12,BIGNONA,174c812e-2a3f-46ef-94d2-3c56c0cfa1e8
0fe17e93acfe4fe885ebc5a0d41b06af,T_BEFEE,AWA,BADIANE,F,09/01/04,BIGNONA,e70b56e4-3115-4898-8e8d-236c0c5e5f86
b079339c8f754f6eae066c1ca7a4de3e,T_NTD3B,ASSANATOU,COLY,F,13/03/03,Bignona,39d4c182-823c-4af2-af40-6b4606efeece
fd79e70849834ca5b44720268b7aee20,T_3DKAC,ABDOURAHIM,BADJI,H,07/02/07,BIGNONA,e70b56e4-3115-4898-8e8d-236c0c5e5f86
e5f465f1dac141b9b4fbd381d979d527,T_9UADR,LAMINE,DIEME,H,06/02/07,BIGNONA,39d4c182-823c-4af2-af40-6b4606efeece
c97fa29598f54c3cb9f8dc8375512896,T_T48B6,ROUGUIYATOU,DIALLO,F,14/06/05,BIGNONA,39d4c182-823c-4af2-af40-6b4606efeece
77a7297a2c5c4fb2a79a48e77cbc8cc6,T_VCNRT,AISSATOU,COLY,H,25/02/05,Bignona,39d4c182-823c-4af2-af40-6b4606efeece
dabe69cea847430e869c389405e16dda,T_KGBD3,OUMY,BADIO,F,21/10/06,SAKAR,e70b56e4-3115-4898-8e8d-236c0c5e5f86
24b7e4e0700d4914ac382ebbc1e984c9,T_A2K9E,ALIOU WALY,FATY,H,07/04/10,BIGNONA,3778ae72-a8dc-4f7e-912e-50c1b49d0c97
d1840f76883b480eb74744112808d119,T_7UGEA,FANSEYNI,BIAYE,F,25/06/11,ZIGUINCHOR,e3d13f36-bd71-4331-a639-466801f7abb5
8bd2babc0ccb429da078d270957214e5,T_M3K3H,ALIOU,SAGNA,H,01/12/10,TENGHORI,c12b5b2d-8b8b-4274-9fbd-8d38d7bca536
6c5bc3999c9043f5992f9002635a7957,6KTP7JE3,AMI,MANGA,F,18/06/07,BIGNONA,89bcf47f-c492-4d35-976d-7a5035097b7a
2cdcf86e8d3b4888a56ab1256a5473e0,4YKA7CTF,AISSATOU TACKO,BASSE,F,04/02/06,BIGNONA,39d4c182-823c-4af2-af40-6b4606efeece
3e10b1f1510e420ab51847ae4a3da90c,4J8GJTUT,AMADOU,COLY,H,07/06/10,BIGNONA,18f98f31-a476-4844-8c98-fd5458b9713f
8c6a14cc016b4d60bffce54630a3ed24,T_U76UG,ADAMA,SECK,F,04/10/10,TENGHORI,e3d13f36-bd71-4331-a639-466801f7abb5
fe36525076804f348ed950b9cca0ae5f,4VN6YQGJ,ALIOU,COLY,H,12/02/10,TENGHORI,ba5f3949-1ae7-438a-accd-ba6081488e49
83b231405c5945c391219b6bddbf4dcc,T_GK763,HABIB JHO,BADJI,H,24/11/05,THIONCK-ESSYL,ba5f3949-1ae7-438a-accd-ba6081488e49
18a4ab5d985240219ba54428b47ac87d,T_TMEWR,MAMADOU LAMINE,DIATTA,H,16/03/07,THIONCK-ESSYL,174c812e-2a3f-46ef-94d2-3c56c0cfa1e8
a6ce53516bf54bde9adb70d4ae20da4c,T_JDMPF,NDEYE FATOU,NDIAYE,F,24/10/07,DAKAR,3778ae72-a8dc-4f7e-912e-50c1b49d0c97
01ceb4c7c74542f8b9a4958752e7254f,T_AUNBF,RAMATOULAYE,DABO,F,12/04/08,BIGNONA,89bcf47f-c492-4d35-976d-7a5035097b7a
02e74e148b62430e8187f6bcf516e13f,T_72BNA,DIEYNABA,DEME,F,14/03/07,MBOUR,2ca38955-1375-4f48-9d0f-5776d5f35aaa
f6d9bb5cac1e4c3b9c7153a4b1a7719a,7EN89733,AWA,CAMARA,F,12/08/11,BADIOURE,c12b5b2d-8b8b-4274-9fbd-8d38d7bca536
fc9720d7bf874971b14728024fe1320d,T_PE8DJM,SALY,SANE,F,10/10/11,TENGHORI,3778ae72-a8dc-4f7e-912e-50c1b49d0c97
756e9ceb5ef64d6c97d56fc00d720a43,T_DECWT,ALEXANDRE HUBERT,COLY,H,18/03/05,Dakar,c12b5b2d-8b8b-4274-9fbd-8d38d7bca536
d22f351b8d3d4fc79d7f2c348893b44e,T_JFHRH,ABOU,DIATTA,H,15/03/07,BIGNONA,2ca38955-1375-4f48-9d0f-5776d5f35aaa
496db8df77cb4e2693e8eea4db66eea9,T_DATDF,JEAN BERNARD,COLY,H,18/10/06,COUBALAN,174c812e-2a3f-46ef-94d2-3c56c0cfa1e8
fae93229193b44099bcabdbbad7cff81,T_M64AE,SEYNABOU VIRGINIE MATHILDE,CISSE,F,30/06/06,BIGNONA,89bcf47f-c492-4d35-976d-7a5035097b7a
629ec8e335d94e47b3a0d968551b612f,T_HUH49,IDRISSA,MANGA,H,12/04/09,DIARONE,174c812e-2a3f-46ef-94d2-3c56c0cfa1e8
686a8ad285e74865a42925ff01c2ecb8,8VVGMV6D,AICHA,DIEME,F,22/04/10,ZIGUINCHOR,39d4c182-823c-4af2-af40-6b4606efeece
d1467e32aa53435d885ce2f3dba93333,8UT68T4M,ADAMA LO,GOUDIABY,F,20/02/10,BIGNONA,c12b5b2d-8b8b-4274-9fbd-8d38d7bca536
4def64ba00d140e0b1293b996c1d3a12,6DWJWRP6,LUC ABELL,BADJI,H,18/09/10,BIGNONA,3778ae72-a8dc-4f7e-912e-50c1b49d0c97
5dc7c2e1a843410d81cd780156dd9bef,3RNDKVWY,EMILE,DIATTA,H,15/02/12,MANGAGOULAC,174c812e-2a3f-46ef-94d2-3c56c0cfa1e8
1da31dc6b19a44748a3229fb1bb607c5,T_KW92A,SAMSIDINE,SEYDI,H,06/03/07,BIGNONA,2ca38955-1375-4f48-9d0f-5776d5f35aaa
4416e487641d45e88153c5cc7dfc9135,T_E7CNV,RAMATOULAYE CELESTINE,CISSOKHO,F,04/02/08,BIGNONA,174c812e-2a3f-46ef-94d2-3c56c0cfa1e8
20d937c5558348a3918d4f3e3c6060b4,T_T763H,SALIMATA,CAMARA,F,17/01/08,DAKAR,89bcf47f-c492-4d35-976d-7a5035097b7a
8dbe3851adab4cbda810102afe261dea,T_38UGF,PHILOMENE,SAGNA,F,25/12/09,TENGHORI,18f98f31-a476-4844-8c98-fd5458b9713f
6d00c3d386f04d43bc8e35b66f709345,6GYPUKC4,DJIBY POUYE,DIEME,H,09/02/09,BIGNONA,2ca38955-1375-4f48-9d0f-5776d5f35aaa
8a881ec50bcf4d4bb8fd1eb5988a663b,4DMV7KM9,MAMADOU,SANE,H,18/05/08,MARSSASSOUM,18f98f31-a476-4844-8c98-fd5458b9713f
e84bc04b947d419389ee1fb0fba26592,9XJFHEF7,THIERNO SAMBA,DIAO,H,03/10/99,TENGHORI,2ca38955-1375-4f48-9d0f-5776d5f35aaa
bf231d9c6f18401a8cc34001e5c43922,7EN89733,AWA,CAMARA,F,12/08/11,BADIOURE,89bcf47f-c492-4d35-976d-7a5035097b7a
7e0e968b20ef49d2bf0c12ed611b180d,3P7WDQR3,MARIETOU,DIEME,F,04/04/09,DIAGONGUE,39d4c182-823c-4af2-af40-6b4606efeece
b7580bbf158e4b318e480d0a75f37c31,T_WVNG2M,OMAR,SONKO,H,20/03/13,MONGONE,2ca38955-1375-4f48-9d0f-5776d5f35aaa
e96e5894541042dc9e8f0adb466b5516,T_BR2PE,IBRAHIMA,TAMBA,H,21/09/05,Bignona,174c812e-2a3f-46ef-94d2-3c56c0cfa1e8
c3ff4710c3fb47bea640eb772b5323ab,T_T9B6C,ASTOU,SAGNA,F,01/01/04,TAWA-FALL,e70b56e4-3115-4898-8e8d-236c0c5e5f86
3b563faa965d4d3bb9fb590636c024df,T_FN7VJ,JOSEPH DIOUSSE CORAL GUY,DIATTA,H,06/06/05,DAKAR,18f98f31-a476-4844-8c98-fd5458b9713f
1ede1e5126a74308990e288990e064eb,T_GKJ2E,SEYNABOU,FATY,F,15/07/04,Bignona,39d4c182-823c-4af2-af40-6b4606efeece
054649ed0cd940f4aa191e50ed88dc56,T_3HCNW,GNIMA,MANGA,F,16/11/06,Bignona,ba5f3949-1ae7-438a-accd-ba6081488e49
0bb2ffe979db439eabaa076fce2b5cbb,T_NE6PH,ARABYATOU,KEITA,F,13/04/08,BIGNONA,ba5f3949-1ae7-438a-accd-ba6081488e49
6eacb3d628a44df59b032a878b7fb9f0,T_8VDW6,ALIOU PAITY,SANE,H,08/11/06,BIGNONA,c12b5b2d-8b8b-4274-9fbd-8d38d7bca536
5caadf9a22514f63963f503e88117dfb,T_7HU9P,ANGELIQUE,COLY,F,04/03/07,DIAMAGUENE,18f98f31-a476-4844-8c98-fd5458b9713f
ec33093fb54d4432b58ecf218d374427,7APNJ4QR,MARIAMA CIRE,CAMARA,F,01/07/06,BIGNONA,18f98f31-a476-4844-8c98-fd5458b9713f
feefeceb0b1f4344a26d8a23860150ba,3ECQ47CW,BINTOU,DIATTA,F,17/11/06,BIGNONA,ba5f3949-1ae7-438a-accd-ba6081488e49
f3a073cc0fa34936affe7e864f6f6c28,4C93NP6C,SOULEYMANE,SAGNA,H,26/09/10,TENGHORI,174c812e-2a3f-46ef-94d2-3c56c0cfa1e8
23d52b7b128944509bad7845b62c65be,3H9C4YFW,BANDE,TOURE,F,12/12/11,BIGNONA,18f98f31-a476-4844-8c98-fd5458b9713f
04fa40f74f124cfca3f634486520531b,4AK7VPAR,GNIMA,GOUDIABY,F,10/06/12,BIGNONA,e70b56e4-3115-4898-8e8d-236c0c5e5f86
94611b534d604a2eac62afe9711dc9b5,T_2TBD4,JEAN CHRISTOPHE,COLY,H,29/08/03,Bignona,ba5f3949-1ae7-438a-accd-ba6081488e49
cad76f994c0548aab834f1e90aa6eeac,T_3WN23,SEYNABOU,BADJI,F,04/02/06,BIGNONA,39d4c182-823c-4af2-af40-6b4606efeece
d277e242479e42e293defa359feef48e,T_VHABP,OLIVIER SIGOBE GEROME,COLY,H,11/01/10,TENGHORI,3778ae72-a8dc-4f7e-912e-50c1b49d0c97
9604950188c644b1b9d92661c8a1796d,T_F3A2B,PASCALINE CHRISTINA,COLY,F,30/04/07,BIGNONA,89bcf47f-c492-4d35-976d-7a5035097b7a
10fd385e2d294b9984f379094416d433,T_FHBPB,SADIBOU,BODIAN,H,03/01/08,COULOBORY,39d4c182-823c-4af2-af40-6b4606efeece
02b89f88905240c69ca96561d6ae0e2d,T_2M3MV,MARIAMA,SANE,H,03/01/08,DAKAR,e3d13f36-bd71-4331-a639-466801f7abb5
32ea9a1e159744df94b653208114566d,T_TWMVM,AIDA,SANE,F,05/09/06,BIGNONA,18f98f31-a476-4844-8c98-fd5458b9713f
a391b02ad01544b49f32178dc86eaa60,T_FTGTU,FATMA SECK,DIAGNE,F,26/07/08,RUFISQUE,ba5f3949-1ae7-438a-accd-ba6081488e49
1dee3f6f71ba45a3a757524166121c79,T_WB8A9,SIDY,SANE,H,31/12/11,BIGNONA,89bcf47f-c492-4d35-976d-7a5035097b7a
76aa85f1999e4dca844f4fdb658a7264,6TADA8KV,MAGUETTE,DIOUF,F,06/02/10,BIGNONA,3778ae72-a8dc-4f7e-912e-50c1b49d0c97
f5ef8b12c4ca4d5dab35b81db6d5a621,T_D39BH,MAIMOUNA,MANE,F,25/01/08,DAROU KHAIRY,e70b56e4-3115-4898-8e8d-236c0c5e5f86
d30bdca027c34caea6a39c4a954fb852,T_UCH4WM,MOHAMMED SALIF,NDIAYE,H,30/08/12,BIGNONA,e3d13f36-bd71-4331-a639-466801f7abb5
d11ca58635e24ab58e3dcffb458f928a,T_V6UDM,SEYNABOU LOBE,SECK,F,01/02/07,BIGNONA,3778ae72-a8dc-4f7e-912e-50c1b49d0c97
0e228a5246ba4fb79c91d6a3edaa10b8,4MHP3A6V,MALANG,KANDE,H,04/04/09,PIRAN,89bcf47f-c492-4d35-976d-7a5035097b7a
9c41427e22ad443985cd0d93d21a7bc1,8F6B4NN8,OMAR,DIATTA,H,28/05/11,MLOMP,2ca38955-1375-4f48-9d0f-5776d5f35aaa
e6ce1354ce9d4b9e8786649dcc9587b9,T_68DBU,ISSA ROSE,BOYE,F,04/09/12,BIGNONA,39d4c182-823c-4af2-af40-6b4606efeece
c2d6bc8b9e8c424d8afd88218ff4e5b9,T_TP8J8,ELHADJI MBAYE MALICK,DIOP,H,03/10/09,MBOUR,3778ae72-a8dc-4f7e-912e-50c1b49d0c97
7f19df7a87884d2092f88993ca1202e9,T_D2CDP,MARIETOU,COLY,F,23/02/08,BIGNONA,e3d13f36-bd71-4331-a639-466801f7abb5
62e3c9d761334826a7da23fa70db3aec,T_2RWVF,MARIAMA,MANE,F,18/11/06,BIGNONA,e3d13f36-bd71-4331-a639-466801f7abb5
322e26c170984dc0976278b53a31aa83,T_DAMUF,AWA,TAMBA,F,02/01/04,Bignona,e3d13f36-bd71-4331-a639-466801f7abb5
efa157ad95724f7f92e878190c18f8ec,T_GE67C,MAME DIARRA,DIOP,F,15/02/08,BIGNONA,e70b56e4-3115-4898-8e8d-236c0c5e5f86
79504d8baab144e398fc92620a4c5a5e,4PPR7MAD,MAMADOU LAMINE,MANE,H,27/10/07,BIGNONA,39d4c182-823c-4af2-af40-6b4606efeece
51e1d1ad2f7341c5bc419ca817a90740,8R6HPKWN,MATHIEU,GOUDIABY,H,09/04/09,BIGNONA,c12b5b2d-8b8b-4274-9fbd-8d38d7bca536
d91840f6e3e0492d83befcb2c056ce63,9HVW7BFW,FATOU,KOTE,F,16/02/09,DJILACOUNE,e70b56e4-3115-4898-8e8d-236c0c5e5f86
3c5ec9fe0c064b43a0d2e7283ac05708,6G4YGETQ,LANDING,DIEDHIOU,H,20/12/10,TENGHORI,174c812e-2a3f-46ef-94d2-3c56c0cfa1e8
14b7446209c448f892a64cd582937ab7,T_U2DUV,SOULEYMANE OUSMANE,BADJI,H,23/11/13,BIGNONA,18f98f31-a476-4844-8c98-fd5458b9713f
de3cfe570c084acfa09bc685260ee7fd,T_8ED3H,EL HADJI MAMADOU,CAMARA,H,20/09/03,BIGNONA,2ca38955-1375-4f48-9d0f-5776d5f35aaa
b99335d0c09e49b7baab7eaecdce3af3,T_VKRNE,BINTOU,DIALLO,F,05/07/07,BIGNONA,39d4c182-823c-4af2-af40-6b4606efeece
1b0767b5e7fe4bcca628053a45db5f0b,T_K8GMT,AISSATOU,DABO,F,04/05/06,BIGNONA,3778ae72-a8dc-4f7e-912e-50c1b49d0c97
07a9bb296a86476d9a0d3f7b0f75df9c,6VJA6EFY,FATIMA SY,DIOP,F,20/09/08,HANN SUR MER,18f98f31-a476-4844-8c98-fd5458b9713f
98d508c78cd44ca68bec2e8917ed95bc,9AYFX7A6,MAMADOU,NIARIA,H,03/01/08,KOLDA,e70b56e4-3115-4898-8e8d-236c0c5e5f86
a332a98ae32e4b1bad42da1ee57032a3,T_RANKHM,ABDOU MAWA,KEITA,H,27/05/10,BIGNONA,2ca38955-1375-4f48-9d0f-5776d5f35aaa
61c755768ee84b2283c39cf472229b80,3D4EHG93,SALY,SANE,F,13/01/09,DIAMAGUENE SICAP MBAO,2ca38955-1375-4f48-9d0f-5776d5f35aaa
ba02973c0e624a5e905e99144a2c8cf4,T_MBTD4,PHILIBERT ACHILLE,COLY,H,12/05/04,SOUTOU,e70b56e4-3115-4898-8e8d-236c0c5e5f86
5fea4044fd894b2a84a33e791f8495d5,T_NNKTT,MARIAMA,DIAOUNE,F,11/02/02,Bignona,39d4c182-823c-4af2-af40-6b4606efeece
6cf8757fabde48f88e2464f834f77bcb,T_FA4UN,AISSATOU,BODIAN,F,13/03/07,BIGNONA,c12b5b2d-8b8b-4274-9fbd-8d38d7bca536
56aab38c54f94ebdb96cb7744cf09179,T_28CH3,YAYE FATOU,SAGNA,F,04/08/03,DJILACOUNDA,39d4c182-823c-4af2-af40-6b4606efeece
e8a12ce192614fb88556e22d5bc48d26,T_2J33M,BARTHELEMY,LOPEZ,H,31/07/08,BIGNONA,39d4c182-823c-4af2-af40-6b4606efeece
073b27b8d2664ac4abd1463b4b5e9fc4,7XJM9RA4,FATOUMATA,DRAME,F,17/07/11,KAOUR,ba5f3949-1ae7-438a-accd-ba6081488e49
29a537306ca84e88be0ebd48dde50a8d,3DJ3QVKX,ABIBATOU,BADJI,F,17/06/12,DJITER,174c812e-2a3f-46ef-94d2-3c56c0cfa1e8
2cbbbc202e0a44d8ac567f1c4cfbc2c3,8VVGMV6D,AICHA,DIEME,F,22/04/10,ZIGUINCHOR,18f98f31-a476-4844-8c98-fd5458b9713f
50ade8271f314b439d39bc0ae4f46e47,T_6M344,FATOU,SADIO,F,06/06/04,BIGNONA,3778ae72-a8dc-4f7e-912e-50c1b49d0c97
227522003800452e90b994b771d7c710,T_PEB2M,ALIOU BADARA,MBENGUE,H,15/03/08,BIGNONA,89bcf47f-c492-4d35-976d-7a5035097b7a
6134ed71862f4976b1cf5a6699fe023f,T_T7V9M,OUSMANE KHABANE,DIALLO,H,25/12/06,BIGNONA,174c812e-2a3f-46ef-94d2-3c56c0cfa1e8
91702c64e1ff4b3db387f517fe638c2a,T_4DURB,ARAMATA,SANE,F,12/09/08,BROGHONE,ba5f3949-1ae7-438a-accd-ba6081488e49
647167a1e2a04667945400543bcb786c,6PCAP9JJ,ALASSANE,DIALLO,H,01/05/09,BIGNONA,39d4c182-823c-4af2-af40-6b4606efeece
d8c3a65700d64465b64c88f7e199cac7,8HCBPJBJ,SIDYA,DIEDHIOU,H,30/11/06,DAKAR,89bcf47f-c492-4d35-976d-7a5035097b7a
0d53ff8a0e20408bb9803e4944263cfd,8DUBWDUX,DIENEBA,GUISSE,F,01/12/11,TENGHORI,c12b5b2d-8b8b-4274-9fbd-8d38d7bca536
917b89087fb64527bac216b9b1c6a373,6AXMWXRP,MOUHAMADOU BILO,DIALLO,H,28/09/11,BIGNONA,18f98f31-a476-4844-8c98-fd5458b9713f
b2eb8deb4b204f5ba2268e75c19798ab,T_2CM2GM,KHADIYATOU,BA,F,30/11/12,BIGNONA,c12b5b2d-8b8b-4274-9fbd-8d38d7bca536
aab45bfbe1974a6c8e76edbf609b1c5a,T_TDKAP,ALASSANE MAODO,SANE,H,03/11/11,BIGNONA,174c812e-2a3f-46ef-94d2-3c56c0cfa1e8
b3b200406fc5404d9c88ae9b49ef680e,3PHHYWYX,BINTOU,CISSE,F,01/04/06,BIGNONA,18f98f31-a476-4844-8c98-fd5458b9713f
989c6053eb07476ea16c6ec31bd825d4,T_DCM7M,OUMY,DIEDHIOU,F,20/10/07,BIGNONA,c12b5b2d-8b8b-4274-9fbd-8d38d7bca536
de4f16ccae7f43f4bb72b8b1142cb1da,T_W33JF,BOUBACAR,COLY,H,06/08/08,DAKAR,18f98f31-a476-4844-8c98-fd5458b9713f
5c002f3818b545c1bc30fc8705a634d6,T_6D9DG,BINTOU,CISSE,F,01/04/06,BIGNONA,e3d13f36-bd71-4331-a639-466801f7abb5
52c0cfb94c5747a48d19e04e0235d058,T_CA664,ABDOU KHADRY,FATY,H,30/09/05,Bignona,39d4c182-823c-4af2-af40-6b4606efeece
73e980ad76f74c1e922b5769e5d04a38,T_BAJHC,MAIMOUNA,DIARRA,F,12/04/09,BIGNONA,e3d13f36-bd71-4331-a639-466801f7abb5
c32120913bba4245a71c85696ace7fcb,T_VANRK,SIMON NOEL AHMED,COLY,H,01/09/08,DAKAR,18f98f31-a476-4844-8c98-fd5458b9713f
bf38d12b98e343f1962d3e0b4b4da1e2,T_KDT82,SOULEYMANE,GOUDIABY,H,22/01/09,TENGHORI,ba5f3949-1ae7-438a-accd-ba6081488e49
5b759dcd50144c70b42f1ab343949940,7GMH7A48,FATOU NICOLE ABINDIONA,BADJI,F,21/06/11,KARTHIACK,ba5f3949-1ae7-438a-accd-ba6081488e49
395e103b3df242578e0f821f4a6d4c31,8TD69XWA,SIDY,GUEYE,H,24/02/09,BIGNONA,3778ae72-a8dc-4f7e-912e-50c1b49d0c97
fea7afb7e1d84aa996c1e4c000eedc1e,6QNFBKJR,ABDOU RAZACK,DIALLO,H,03/07/12,BIGNONA,ba5f3949-1ae7-438a-accd-ba6081488e49
0bfca8cba72044eb8329e0378486bacc,T_6WG99M,JEAN BERNARD ISAAC,GOUDIABY,H,01/09/10,BIGNONA,ba5f3949-1ae7-438a-accd-ba6081488e49
c54fe0bd50614b94abc2de66bdd1d3f7,T_F4BK3,ADAMA,TOURE,F,31/03/07,SEDHIOU,174c812e-2a3f-46ef-94d2-3c56c0cfa1e8
2d36fe1355a44daaa4dcfad150964fe9,7WY78NMU,AMINATA,CAMARA,F,06/06/08,BIGNONA,3778ae72-a8dc-4f7e-912e-50c1b49d0c97
14f7fdf4e1de465a9ea7859931d850e0,T_4WUN7,ABIBATOU,MANE,F,06/03/12,ZIGUINCHOR,3778ae72-a8dc-4f7e-912e-50c1b49d0c97
2726a75fce674b5e953d62ce6f8187aa,T_6NK67,RAMATOULAYE NICOLE,BADJI,H,25/12/03,BIGNONA,3778ae72-a8dc-4f7e-912e-50c1b49d0c97
f8ac9ffdad9741228f819144a45e4c7d,T_GUV99,KHADY,SANE,F,13/03/07,BIGNONA,2ca38955-1375-4f48-9d0f-5776d5f35aaa
dfa61f27442749a38e5a15dd9c4af24a,T_T2TUG,PAPE DJIBRIL,SANE,H,10/03/07,BIGNONA,174c812e-2a3f-46ef-94d2-3c56c0cfa1e8
c94099b5e2eb42c98f262064886400a0,T_G24T7,FATOU,SONKO,H,17/11/08,BIGNONA,e70b56e4-3115-4898-8e8d-236c0c5e5f86
a7e60fd53da14c0ab4211ea39f70daa4,T_JCH8A,FATOUMATA,DRAME,F,17/07/11,KAOUR,89bcf47f-c492-4d35-976d-7a5035097b7a
0f47b9c8232e4e109e1a808d24ce7993,T_8WD9W,BOUBACAR FILIDIER,DRAME,H,29/10/09,BIGNONA,174c812e-2a3f-46ef-94d2-3c56c0cfa1e8
5447c95ce3394dd5be04c98633c20f65,4UAXPFAN,COURA,NDIATHE,F,20/12/11,BIGNONA,89bcf47f-c492-4d35-976d-7a5035097b7a
a1b32a624baf4745929ab1ea1005d7e6,3MJGNG89,ABDOUL LATIF,DIEME,H,24/01/09,BIGNONA,c12b5b2d-8b8b-4274-9fbd-8d38d7bca536
6c994ec51e6b4dac9a9024b2f9860117,6B4XDJUX,GRASSE SECK,NDOUR,F,28/10/10,BIGNONA,39d4c182-823c-4af2-af40-6b4606efeece
5de2db4136f847c8ae76f4414a89fedb,T_A2UKH,BINTOU,DJIBA,F,28/12/13,NEMA,e70b56e4-3115-4898-8e8d-236c0c5e5f86
eaf47ca954144f33bf04699cf8821391,6TADA8KV,MAGUETTE,DIOUF,F,06/02/10,BIGNONA,e3d13f36-bd71-4331-a639-466801f7abb5
7cf5bce7f3bf4aa8a255d7b543ad1248,7VMGFDJQ,AWA,DABO,F,10/02/07,BIGNONA,89bcf47f-c492-4d35-976d-7a5035097b7a
55f7251a0b89496badc962d4fadffa50,T_CDDW8,DJIBRIL MANE,DIASSY,H,05/02/07,BIGNONA,ba5f3949-1ae7-438a-accd-ba6081488e49
861b185effef483bb4014b5db69d59c9,T_CN87D,ABDOU TALL,BADJI,H,03/05/06,BIGNONA,3778ae72-a8dc-4f7e-912e-50c1b49d0c97
5b7168736f3245ea99ac0dbddbcdc22b,T_PWGW9,AMINATA,BADJI,F,13/10/07,BIGNONA,3778ae72-a8dc-4f7e-912e-50c1b49d0c97
940e61e647a14b889630e588fc9318a1,T_EA34E,SENEBOU,DIOKHANE,F,13/07/11,BIGNONA,ba5f3949-1ae7-438a-accd-ba6081488e49
053c36eded12412f96f0294019325f20,T_A2K9E,ALIOU WALY,FATY,H,07/04/10,BIGNONA,2ca38955-1375-4f48-9d0f-5776d5f35aaa
9db07de0ad7747fd981d1f5b481078fa,4BM6NMJG,PAPE IDRISSA,DIALLO,H,06/08/09,TENGHORI,18f98f31-a476-4844-8c98-fd5458b9713f
25df200bc76d46e2b93a3e79dabf61d1,7XE8PQ3E,MOHAMED,DIEDHIOU,H,05/11/09,SALY PORTUGAL,39d4c182-823c-4af2-af40-6b4606efeece
a9c7d70c6aa74f33b9744db57b9af5af,8JQ84RAN,SIRE,BADJI,F,04/06/10,BIGNONA,3778ae72-a8dc-4f7e-912e-50c1b49d0c97
26fed7a2f509415c904cb53a03c9b3a0,8J3TMRU7,MARC ISIDORE,MANGA,H,23/12/10,KAILOU,39d4c182-823c-4af2-af40-6b4606efeece
8eb2976b8d6b4763a5fee82a06a951ce,9H4PCAG6,MARIAMA BADJI,COLY,F,17/12/11,BIGNONA,e70b56e4-3115-4898-8e8d-236c0c5e5f86
44e83ffc10304541afb96faa8640f09a,T_E9J3V,MARIAMA,BADJI,F,09/02/05,Bignona,2ca38955-1375-4f48-9d0f-5776d5f35aaa
2a9373ca7a344f3ab7eb987212d5ca0e,T_44VC9,MAMADOU,SONKO,H,17/09/06,BIGNONA,2ca38955-1375-4f48-9d0f-5776d5f35aaa
bc5002ab24684f4987ab9e0bf28474ea,T_W474A,AISSATOU,DIEDHIOU,F,05/03/07,BIGNONA,c12b5b2d-8b8b-4274-9fbd-8d38d7bca536
143b2077f7b6494cb5bab4ac352445ef,T_DATDF,JEAN BERNARD,COLY,H,18/10/06,COUBALAN,ba5f3949-1ae7-438a-accd-ba6081488e49
f549f907bc624f4eac6fa7dcd5182f7f,T_MCJHH,ASSANE,SAGNA,H,07/02/05,BIGNONA,3778ae72-a8dc-4f7e-912e-50c1b49d0c97
5ba8047afcf34b0691e1f84ffc97016b,6QF4YUQT,PENDA,KANDE,F,07/12/10,KOLLDA,c12b5b2d-8b8b-4274-9fbd-8d38d7bca536
139d1be99a504f5f913d170847d0c2d5,7PDDKHYU,MAREME,MARIA,F,15/02/10,BIGNONA,174c812e-2a3f-46ef-94d2-3c56c0cfa1e8
4b5e187a2343487f8ef2b913c335f25e,9XCCADKG,SOUKAYNA,BADJI,F,06/09/08,BIGNONA,2ca38955-1375-4f48-9d0f-5776d5f35aaa
bcbed62fe44a46e29b18fce632a192c8,T_BAKJ3M,AMADOU BILO,DIALLO,H,26/02/11,BIGNONA,18f98f31-a476-4844-8c98-fd5458b9713f
6750685e1fc04087b1cf718ae6e60afd,T_VRG8V,MOUHAMED NAZIR,DIALLO,H,23/11/11,ZIGUINCHOR,e3d13f36-bd71-4331-a639-466801f7abb5
8fabc571e10b4cdd92333974dc73020d,8KHGMYFF,LAZARD,COLY,H,18/10/11,BIGNONA,174c812e-2a3f-46ef-94d2-3c56c0cfa1e8
f8797c06e6414e3f819b33bb3c3d1ea2,T_NEMPG,ABDOULAYE SADIO,SONKO,H,12/03/06,BIGNONA,ba5f3949-1ae7-438a-accd-ba6081488e49
56f01410995343aa89f57cef76120a06,T_7P9AU,LUC ISMAILA,COLY,H,19/10/08,BIGNONA,ba5f3949-1ae7-438a-accd-ba6081488e49
d93d7e646b724b2c9de4d43cc327576f,T_RCJKA,OMAR,COLY,H,20/06/06,GUINAW RAILS,e3d13f36-bd71-4331-a639-466801f7abb5
dfa485cc4f0349efa06dd4e43cf5af1f,T_VVWRU,AMINATA,DIEME,F,28/12/07,BAGHAGHA,ba5f3949-1ae7-438a-accd-ba6081488e49
9618ac3b8b5640639f0e9ca7fda248bc,T_MRRV3,VIRGINIE,COLY,F,04/04/09,PIRAN,ba5f3949-1ae7-438a-accd-ba6081488e49
51a43574f6e5492888c205985704353a,8YFQ9T8W,BINTA OUSMANE,BADJI,F,28/04/08,BIGNONA,174c812e-2a3f-46ef-94d2-3c56c0cfa1e8
5beeac25811d47b98893e7674d27e0c1,7W4H9KY8,VIRGINIE MARIE MATHILDE,DIEDHIOU,F,14/10/06,BIGNONA,c12b5b2d-8b8b-4274-9fbd-8d38d7bca536
c62d7dd46a5e4dbe8a307082023468a9,6PYBNCKM,YOUSSOUPHA,SANE,H,05/01/10,TENGORI,e70b56e4-3115-4898-8e8d-236c0c5e5f86
8eaeae3768fc40dbbdf6c39bcfa69267,9KY9D7F3,SIRA,SAGNA,F,10/10/09,GOUDOMP,89bcf47f-c492-4d35-976d-7a5035097b7a
45749dd252344b0d96eb930a7afb54e6,3RBTFKHJ,MARIAMA DIOMASY,COLY,F,23/12/08,BIGNONA,174c812e-2a3f-46ef-94d2-3c56c0cfa1e8
bbc2642903c44b89ba5915cf30d5f0cd,T_NC9H6M,YANDE,KANE,F,18/04/11,FATICK,18f98f31-a476-4844-8c98-fd5458b9713f
38351c2af38b4d6b9e6f74c360b2f1eb,T_AV4PE,KHADY,SONKO,F,15/11/03,Bignona,e3d13f36-bd71-4331-a639-466801f7abb5
8c9fb6b2d386444eaa99e51e1fb21178,T_RDBCT,MOUSSOUBA,BADJI,F,01/01/07,BIGNONA,174c812e-2a3f-46ef-94d2-3c56c0cfa1e8
91e1b82d5dab48fabf8fcc68a1155e8f,T_TKJT2,LAMINE,SAMBOU,H,20/01/05,PIKINE,18f98f31-a476-4844-8c98-fd5458b9713f
af0401775f8e47da9c056817e2064fa8,T_HUH49,IDRISSA,MANGA,H,12/04/09,DIARONE,18f98f31-a476-4844-8c98-fd5458b9713f
55007e19be1040f09e142a066243b2fc,T_UV4J3,JUSTINE PERINE ESTHERE,SAMBOU,F,13/02/05,BIGNONA,2ca38955-1375-4f48-9d0f-5776d5f35aaa
cda839381d934d9cac122d5d20124dc9,T_V98E7,MAMADOU LAMINE,DRAME,H,30/11/07,BIGNONA,89bcf47f-c492-4d35-976d-7a5035097b7a
d39cea5e66594513b844d75ccef2b398,7HDJX3B6,SOULEYMANE,SAKHO,H,05/05/09,BIGNONA,c12b5b2d-8b8b-4274-9fbd-8d38d7bca536
736f0dfde5a34ec2a65f3da5304d101e,4Y67EPQK,FATOUMATA DIARAYE,DIALLO,F,25/10/12,BIGNONA,89bcf47f-c492-4d35-976d-7a5035097b7a
4a497318ff2347a9ba5bbbc6745c1cf5,7RENEJYM,NDEYE AMINATA,DIATTA,F,11/10/07,BIGNONA,89bcf47f-c492-4d35-976d-7a5035097b7a
46ffd5836a8d431ba4c8ff8936a05f2c,7UW49FDK,AMI,SANE,F,25/07/08,OUONCK,c12b5b2d-8b8b-4274-9fbd-8d38d7bca536
6c72f6177c7a49debfb5ef8d43d723ca,T_HV49R,CHRISTINE BERNADETTE,COLY,F,05/05/09,SOUTOU,2ca38955-1375-4f48-9d0f-5776d5f35aaa
a82401b874cd426ca5c0b762752c6fd0,T_MHRHB,MARIAMA,DIALLO,F,23/05/05,Bignona,e3d13f36-bd71-4331-a639-466801f7abb5
f836aba6d8944eb796096111753ee578,T_2ACH6,OUSMANE,CAMARA,H,08/12/05,BIGNONA,3778ae72-a8dc-4f7e-912e-50c1b49d0c97
3676e9e817604fc59b563246a89d3637,T_JAW4E,BERTH CAROLE,BADJI,F,27/07/06,BIGNONA,e3d13f36-bd71-4331-a639-466801f7abb5
90ecfe78b8734cdda6c072632a9f758e,T_RW97J,IBRAHIMA,DABO,H,07/09/09,BIGNONA,e70b56e4-3115-4898-8e8d-236c0c5e5f86
3f966032d1da44f1925083021d130848,T_38UGF,PHILOMENE,SAGNA,F,25/12/09,TENGHORI,e70b56e4-3115-4898-8e8d-236c0c5e5f86
4e137689c40948348a5e90638b4ee0a9,T_9UADR,LAMINE,DIEME,H,06/02/07,BIGNONA,2ca38955-1375-4f48-9d0f-5776d5f35aaa
8a6f6560ce624bc498d0a7ef34ec87b2,T_9AT3W,MARIAMA DIOMASY,COLY,H,23/12/08,BIGNONA,2ca38955-1375-4f48-9d0f-5776d5f35aaa
c728b462af394dd6bae80924a1d8d41b,3A7GCC6M,IDRISSA,MANGA,H,12/04/09,DIARONE,2ca38955-1375-4f48-9d0f-5776d5f35aaa
a1bfd9d14e6c421fb94e679541505323,3MAYB4YH,CECILE CHARLEINE,SAGNA,F,16/06/08,BIGNONA,c12b5b2d-8b8b-4274-9fbd-8d38d7bca536
0ad26882715146939127f2d2578749c9,7KJMFPPT,OULIMATOU,BADJI,F,24/12/06,BIGNONA,89bcf47f-c492-4d35-976d-7a5035097b7a
6706fb45708e4be5b6c70df30ea8d64a,T_AB7DHM,MARIAMA,BA,F,10/04/12,TENGHORI,18f98f31-a476-4844-8c98-fd5458b9713f
858834b3f04f416880bfb2b0525d26f8,T_63CDK,PHILOMENE CHANTAL,COLY,F,22/11/06,Bignona,174c812e-2a3f-46ef-94d2-3c56c0cfa1e8
af043214597945b593985928a67ea961,T_P7B4U,HABY,TOURE,F,06/07/06,BIGNONA,89bcf47f-c492-4d35-976d-7a5035097b7a
3b47b4ef26634faf98e0bc8fdf08ed8a,T_KPV43,MARIAMA,GASSAMA,F,25/01/07,FRANCOUNDA DIOLA,c12b5b2d-8b8b-4274-9fbd-8d38d7bca536
4ca55e0deb8845dd8a55029207ad98f4,T_9PWWN,KHADY,MANDIANG,F,14/07/10,BIGNONA,ba5f3949-1ae7-438a-accd-ba6081488e49
b4aeb3c1cd664d2c96dd655e3cdb53ac,T_MGBP9,ALIOU,SANE,H,02/03/08,BISSARY KANSOYE,e70b56e4-3115-4898-8e8d-236c0c5e5f86
c601b9347da041de9d61247da9e42ef0,T_REN33,JEAN MARIE JUNIOR,DIATTA,H,12/09/08,CABROUSSE NIAMBALAN,18f98f31-a476-4844-8c98-fd5458b9713f
225891459cb544548563a35694bf75fc,7FVCQ6XQ,JEAN CLAUDE JEROME,ABOUD,H,07/01/08,DAKAR,3778ae72-a8dc-4f7e-912e-50c1b49d0c97
ebadd149106444b59f416f641c54fd85,6MDERV4G,ALPHOUSSEYNI,DIEDHIOU,H,10/08/09,BIGNONA,39d4c182-823c-4af2-af40-6b4606efeece
99838c78428743019acb2503348bf1ca,7K8DGME7,MA FANTA,SANE,F,26/03/10,THIAROYE GARE,3778ae72-a8dc-4f7e-912e-50c1b49d0c97
693b26f3c36d4d58b9243b2fef326940,4MXNQ9M9,JEAN BAPTISTE,BODIAN,H,08/04/10,BIGNONA,e70b56e4-3115-4898-8e8d-236c0c5e5f86
ce8ffd7473fc4759b28b2760128ba9ac,T_FT73H,ABDOUL AZIZ,DIALLO,H,25/09/13,BIGNONA,e70b56e4-3115-4898-8e8d-236c0c5e5f86
562eddf0911e47a584d95388a766de34,T_MBF29,FRANCOISE SOPHIE,BADJI,F,14/10/05,BIGNONA,39d4c182-823c-4af2-af40-6b4606efeece
ef8b43905b4a482a9b59b199b110c12b,T_G37DH,HERMINE,BADJI,F,27/01/07,BIGNONA,18f98f31-a476-4844-8c98-fd5458b9713f
2453bc099e78485bae435a14f269c2b7,T_2ACH6,OUSMANE,CAMARA,H,08/12/05,BIGNONA,e70b56e4-3115-4898-8e8d-236c0c5e5f86
38cf4a1b41e948799f192b253821bbbd,T_4D4R4,NDEYE SOKHNA,CAMARA,F,04/05/06,BIGNONA,c12b5b2d-8b8b-4274-9fbd-8d38d7bca536
58c982ca67164a018b9b2a315ac6f931,9B9KNGW9,BENEDICTA FELICITE,COLY,F,28/04/08,BIGNONA,e70b56e4-3115-4898-8e8d-236c0c5e5f86
188e85a0a8514c0089633b25f90b018b,4MHP3A6V,MALANG,KANDE,H,04/04/09,PIRAN,e70b56e4-3115-4898-8e8d-236c0c5e5f86
225820b7c15d4e52b2dcd38d425f442c,9KYDEMEN,AMADOU TALIBE,DIALLO,H,02/08/08,BIGNONA,18f98f31-a476-4844-8c98-fd5458b9713f
1900765a1e814bf593ed7f6dc8aabddb,T_UJM9W,JUSTINE PERINE ESTHERE,SAMBOU,F,13/02/05,Bignona,ba5f3949-1ae7-438a-accd-ba6081488e49
85c863ee0089401193192ddeebe23bed,T_R9DKD,MANSOUR,CISSE,H,02/07/05,BIGNONA,89bcf47f-c492-4d35-976d-7a5035097b7a
0d68a2fee69b4b61b9f6169e8b96ae13,T_NNW7H,FRANCOIS ARNAUD,SAMBOU,H,07/02/09,BIGNONA,e70b56e4-3115-4898-8e8d-236c0c5e5f86
f8ffab9e3f8e4789af6a24e304a6a7d6,T_C98J3,ADAMA,DIATTA,F,05/02/08,KARONGUE,3778ae72-a8dc-4f7e-912e-50c1b49d0c97
a5302e63d6044b30980729e5146dd03b,T_6WM37,OUSSEYNOU,SYLLA,H,20/05/08,BIGNONA,89bcf47f-c492-4d35-976d-7a5035097b7a
6ea251fd68d74ee0964b10e53e972b1e,T_R3CPC,BAILAOU,DIALLO,H,05/09/08,BIGNONA,174c812e-2a3f-46ef-94d2-3c56c0cfa1e8
f5bd3d4405894760b148d4daf3c7e35b,8CA9YPBF,BOUBACAR SIDY,COLY,H,22/09/10,KARTIACK,2ca38955-1375-4f48-9d0f-5776d5f35aaa
920149418d7d4059bc15125549d00e44,T_NK44C,GEREMIE VINCENT,COLY,H,23/04/09,BIGNONA,18f98f31-a476-4844-8c98-fd5458b9713f
0a7513777bf445a4b78c6dc76a1420bb,T_UE89U,ADJI TIDA,SONKO,F,25/09/07,BARANLIR,174c812e-2a3f-46ef-94d2-3c56c0cfa1e8
8b1e6a667d9347629bac222dcf0779d9,T_J4VRK,BABA,CAMARA,H,17/05/08,BIGNONA,39d4c182-823c-4af2-af40-6b4606efeece
3eba4d9414774db1a4ba9830f9e6b06d,4UBMYAG9,DIEYNABA,DEME,F,14/03/07,MBOUR,39d4c182-823c-4af2-af40-6b4606efeece
fd31c3b5384843e7843af61893a5b39c,8TFBHTNQ,SAFIETOU,DIEME,F,07/09/09,KOUTENGHOR,ba5f3949-1ae7-438a-accd-ba6081488e49
a875c6ee4be5403dad1361183a2334f8,T_2T6CW,KHADY,DIEDHIOU,F,12/02/05,Bignona,3778ae72-a8dc-4f7e-912e-50c1b49d0c97
ede12e4634194c9f8216dda6a0945da1,T_F8NV2,IBRAHIMA,SANE,H,08/05/03,Bignona,174c812e-2a3f-46ef-94d2-3c56c0cfa1e8
3e54dfa6d0e94c2ca49713e52a191b96,T_2JPD2,AMY,DIEDHIOU,F,17/11/05,BIGNONA,39d4c182-823c-4af2-af40-6b4606efeece
d7b51d4555af4ba695d3a866bdf1533c,8AHFKNEP,PAPE DAOUR,DIALLO,H,09/01/09,BIGNONA,c12b5b2d-8b8b-4274-9fbd-8d38d7bca536
5b6c881fbcae41c28b106a91076fd09e,4U374VTU,AMINATA,BADJI,F,13/10/07,BIGNONA,2ca38955-1375-4f48-9d0f-5776d5f35aaa
5288a9b58d5247ed8d118c15f98f700f,T_TPA79,JACQUES LANDRY,COLY,H,04/07/08,DAKAR,39d4c182-823c-4af2-af40-6b4606efeece
656b40bd051d46868751cd672e2d3d1a,T_F9EMG,AWA,DIEDHIOU,F,08/02/06,ESSOM SILATHIAYE,ba5f3949-1ae7-438a-accd-ba6081488e49
4669f0b8017d4530913c31207a960319,T_9GJ2C,MARTHE PHILOMENE,DIATTA,H,01/10/04,Bignona,c12b5b2d-8b8b-4274-9fbd-8d38d7bca536
59e13ef3aa8c4c4dad712bce09101dd1,T_E66EJ,AISSATOU BOBO,BADJI,F,12/12/06,BIGNONA,e3d13f36-bd71-4331-a639-466801f7abb5
4de9934254e442b09d8efadd5820a6bb,T_BCFJT,AISSATOU TACKO,BASSE,F,04/02/06,BIGNONA,e70b56e4-3115-4898-8e8d-236c0c5e5f86
b6593c9e5806471384aa027de9d2024f,3XGPWEV3,BACARY,COLY,H,03/09/07,BIGNONA,c12b5b2d-8b8b-4274-9fbd-8d38d7bca536
433d8fa823d3429ab782d4fc93561462,9HTNPGCD,DJIBRIL,DIOP,H,23/12/09,TENGHORI,e3d13f36-bd71-4331-a639-466801f7abb5
381932a47b90494ea89ec1e0f4fdb80e,6A6CTCP4,MAME SIRE,SANE,F,04/01/09,KIGNINDING,89bcf47f-c492-4d35-976d-7a5035097b7a
a2778790fa5047fba107e7dbce17e217,8V8E7GXD,ALAIN PROSPER,COLY,H,08/10/12,BIGNONA,e3d13f36-bd71-4331-a639-466801f7abb5
3c30468c085648f8ba47cd1a8109d1e1,3NGDBM3E,MA ROUMANA,AIDARA,F,21/08/12,DAKAR,3778ae72-a8dc-4f7e-912e-50c1b49d0c97
60691584495845649ffb607e913127f0,T_VTBU6,ANGELIQUE ELISABETH,COLY,F,26/04/12,BIGNONA,e3d13f36-bd71-4331-a639-466801f7abb5
b41980f48d784f498de7d46a09b94e66,T_GRBTN,IBOU,COLY,H,04/04/13,TENGHORI,2ca38955-1375-4f48-9d0f-5776d5f35aaa
5bdf68ffa6ca462aa0f805c16cb5bf68,6KXWKXPK,OUMAR,SOW,H,12/04/08,BIGNONA,174c812e-2a3f-46ef-94d2-3c56c0cfa1e8
5b6dbb301b8c4000aa9a3e80bdccb28f,T_ATRER,IBRAHIMA BOUBACAR,KAMARA,H,28/11/13,BIGNONA,ba5f3949-1ae7-438a-accd-ba6081488e49
0078a94c1d8e42d0a85055d6a93d97b7,T_UBF3C,SOULEYMANE DAOUDA,SANE,H,08/09/01,BALINGOR,89bcf47f-c492-4d35-976d-7a5035097b7a
b01f66f7408a49558bfa04f9666c679a,T_2JPD2,AMY,DIEDHIOU,F,17/11/05,BIGNONA,ba5f3949-1ae7-438a-accd-ba6081488e49
508a39981f9045f782277e7b43ecd4a1,T_7E8EC,BASSIROU,BALL,H,27/08/05,BIGNONA,89bcf47f-c492-4d35-976d-7a5035097b7a
054fd7143c5342088f7efe21f759af6f,T_CHJ6P,MARIAMA,BA,F,28/12/09,BIGNONA,39d4c182-823c-4af2-af40-6b4606efeece
5722d13194824e0c9f1f07b1d5bbc0b4,T_2EKRN,SAFIETOU,GOUDIABY,F,10/10/05,BIGNONA,39d4c182-823c-4af2-af40-6b4606efeece
5b707435304c482096ff555f2cdf132e,T_GDAJG,BACARY,DANSO,H,05/02/06,BIGNONA,3778ae72-a8dc-4f7e-912e-50c1b49d0c97
91efa1ecc3bb4bbc9a6836e0e6b75eb0,3U4QPNAJ,IBRAHIMA SOLY,SANE,H,09/02/12,THIESE,89bcf47f-c492-4d35-976d-7a5035097b7a
3f07a7682b054f9d9acb02beb9e9bb6d,9RRRKR9B,AISSATOU,MANGA,F,05/04/11,BIGNONA,e3d13f36-bd71-4331-a639-466801f7abb5
d618aef8f19641c38c0246679b0e61e2,4VC44J3U,SEYDINE ALIOU BADARA SADIA,SANE,H,21/04/11,DAKAR,ba5f3949-1ae7-438a-accd-ba6081488e49
e69582abd041415fa575036289724aef,4P6DFDA3,NAFISSATOU,MANGA,F,10/10/10,BIGNONA,39d4c182-823c-4af2-af40-6b4606efeece
70596e2a19cc416da66a294c87d1d049,T_37MR2,AISSATOU,DIEDHIOU,F,25/04/10,KAMOYA BADJICOUNDA,ba5f3949-1ae7-438a-accd-ba6081488e49
11460b240db94f69b0a95e8b212f6fcc,T_H82MR,AWA,DABO,F,10/01/07,BIGNONA,c12b5b2d-8b8b-4274-9fbd-8d38d7bca536
57c7c9a31ec0467a8f3b2afdf14f10cc,T_FEC6A,DAOUDA,KANTE,H,11/04/07,BIGNONA,174c812e-2a3f-46ef-94d2-3c56c0cfa1e8
442787870976400494bdb0dc5cebad9d,T_PDKV7,MAME DIARRA,DIOP,F,14/09/07,BIGNONA,174c812e-2a3f-46ef-94d2-3c56c0cfa1e8
59297b96c6de4d8c959ab25bb01128d0,T_EMGD4,SEYDINA ALIOUNE,KANOUTE,H,27/09/11,BIGNONA,3778ae72-a8dc-4f7e-912e-50c1b49d0c97
6a2cbd1288764379974a366bf15a0ce2,T_9JR2P,MAMADOU,SANE,H,18/05/08,MARSSASSOUM,18f98f31-a476-4844-8c98-fd5458b9713f
3d8a74ecedde47e2aa3fe8a90849886b,T_87NDA,FIDEL MARTIN DAVID,DIEDHIOU,H,18/03/09,BIGNONA,2ca38955-1375-4f48-9d0f-5776d5f35aaa
3723e6f6c27c47ba8c006cfa9e240ea0,T_MARG9,FATOU,DIALLO,F,11/12/07,BIGNONA,89bcf47f-c492-4d35-976d-7a5035097b7a
94231da9395046f4a6be3decc4c4c45b,T_FN7VJ,JOSEPH DIOUSSE CORAL GUY,DIATTA,H,06/06/05,DAKAR,89bcf47f-c492-4d35-976d-7a5035097b7a
557c3be076f64234b65d1b7fd47ac6da,3EUNP7HE,NDEYE AWA,DIENG,F,11/08/11,BIGNONA,18f98f31-a476-4844-8c98-fd5458b9713f
2db0f4d733bf4bc08b5ff83b00e34d67,4F9CFENJ,LANSANA,DJIBA,H,08/08/12,DIAGOUNGUE,3778ae72-a8dc-4f7e-912e-50c1b49d0c97
8f6f20efed434718ae9d9c2ffa77c747,3HMFFQNB,SERIGNE FALLOU GALLAS,DIOUF,H,08/11/09,BIGNONA,2ca38955-1375-4f48-9d0f-5776d5f35aaa
ac2b9d5bc41e4c29a07cdbd39301f551,T_NNAHG,COURA,NDIATHE,F,20/12/10,BIGNONA,ba5f3949-1ae7-438a-accd-ba6081488e49
0d3ef9f2da9f4b9c95bfcdcad600dba6,T_3B6G9,YANCOUBA,DIALLO,H,10/10/12,MLOMP,89bcf47f-c492-4d35-976d-7a5035097b7a
afb023fb85c94cebb7b073882e46081a,T_KR7MC,LAMINE,GASSAMA,H,10/06/02,Bignona,ba5f3949-1ae7-438a-accd-ba6081488e49
a0fcdc4c454a463393fce326806e76a6,T_V28AV,SIMEON EMIL BONAVANTURE,COLY,F,14/09/03,BIGNONA,174c812e-2a3f-46ef-94d2-3c56c0cfa1e8
23144c7abb0d4cc892023e26d107ed07,T_92HEE,AWA,DIALLO,F,08/10/06,BIGNONA,39d4c182-823c-4af2-af40-6b4606efeece
f725ffef65a642f8a20ccd8afca4a5c3,T_PDBKV,IZATOU,DIALLO,F,19/10/04,Bignona,89bcf47f-c492-4d35-976d-7a5035097b7a
77b87bf1c977444db1363e709899683b,T_JDKPC,OULIMATOU,BADJI,F,24/12/06,BIGNONA,e3d13f36-bd71-4331-a639-466801f7abb5
cd2b1e95ca1e4399bb1388766f81ddcd,T_R7RJB,HELENE,SAGNA,F,07/04/10,BIGNONA,3778ae72-a8dc-4f7e-912e-50c1b49d0c97
603330e5275749b1a4d36e7ee068fc3f,T_9C7WA,MALANG,KANDE,H,04/04/09,PIRAN,3778ae72-a8dc-4f7e-912e-50c1b49d0c97
baba9709c3dc4698a2d7afd0f42c111f,T_W33JF,BOUBACAR,COLY,H,06/08/08,DAKAR,89bcf47f-c492-4d35-976d-7a5035097b7a
9d8c2f874e904294ac67dcf260a4ae67,6U9TMU4Q,ADAMA,DJIBA,F,04/02/06,BIGNONA,39d4c182-823c-4af2-af40-6b4606efeece
d5b48396a8c740b68737d7b13b6fd904,6J9QWV6U,SOULEYMANE,KONE,H,06/04/11,BIGNONA,ba5f3949-1ae7-438a-accd-ba6081488e49
8585e535b19b4106b5c9401a9a2da0b5,6WJGDBEK,FATOU (MAMADOU),DIEME,F,06/07/10,KEFESSE,18f98f31-a476-4844-8c98-fd5458b9713f
d1f8dc32b14d4062b9329c53ed1c6092,4AM4Y3JA,MAMADOU,COLY,H,12/05/11,BIGNONA,e3d13f36-bd71-4331-a639-466801f7abb5
eac55d762a4c41cfb114d5111ef595f4,T_3E4FBM,SALIMATA,SAGNA,F,11/05/11,BIGNONA,e3d13f36-bd71-4331-a639-466801f7abb5
5369ce5a103e4d319d1796a2ff0a1265,T_C4W6CM,CELESTIN ASSIMBI,BADJI,H,12/08/10,BIGNONA,3778ae72-a8dc-4f7e-912e-50c1b49d0c97
7d17fe6cfae34bf09eaa5f4b87c9c076,T_J8V96,LANDING SIRE,GOIDIABY,H,20/05/11,BIGNONA,e70b56e4-3115-4898-8e8d-236c0c5e5f86
0662c7c81db246bf9e88e15001e6fefc,T_R92EJ,JULIETTE AWA,DIATTA,F,27/04/03,DIANTENE,89bcf47f-c492-4d35-976d-7a5035097b7a
60ec56b5eff748ed923e5bf41bc73a83,T_6UHAG,RAISSA LUCIE,BADJI,F,07/10/03,DAKAR,c12b5b2d-8b8b-4274-9fbd-8d38d7bca536
9841ae479e3c4c7fab9c16bb5d9a1fd7,T_43G32,DIENEBOU,DIALLO,F,15/09/04,MAMPATIM,18f98f31-a476-4844-8c98-fd5458b9713f
3ac7000cfc3f48bc9838e8d1f9019cf0,T_HBURW,BINTA MALAMINE,BADJI,F,21/02/09,TENDINE,3778ae72-a8dc-4f7e-912e-50c1b49d0c97
f1c354631a3a4f4eb93a0c3039b2ea6c,T_D3B88,MAMADOU SANKOUNG,DIEDHIOU,H,21/10/07,BIGNONA,e3d13f36-bd71-4331-a639-466801f7abb5
586d148683074433b30ce3eb6c161bf1,T_V6G3D,BINTA,SAGNA,F,26/01/10,KAFOUNTINE,3778ae72-a8dc-4f7e-912e-50c1b49d0c97
c8f367900953419292fc3de3b7222500,T_VFD3A,NDEYE KHADY,AW,F,05/03/08,BIGNONA,e70b56e4-3115-4898-8e8d-236c0c5e5f86
13587d7942a846819384298cee9f87c2,T_W49MR,MOUSTAPHA,WADE,H,20/02/07,BIGNONA,c12b5b2d-8b8b-4274-9fbd-8d38d7bca536
0e50aad0243344828740efd55384d92a,T_JBP4V,LEON PIERRE BACHERE,COLONA,H,21/11/06,BIGNONA,2ca38955-1375-4f48-9d0f-5776d5f35aaa
d852a523320344ee8e223a6531624d64,T_N4WB6,ALIMA,CAMARA,F,27/06/11,BIGNONA,c12b5b2d-8b8b-4274-9fbd-8d38d7bca536
6175ed6438624ea498ab4543d65a5dc2,T_U3U92,ABDOU RAHMANE,YATASSY,H,16/07/08,BIGNONA,18f98f31-a476-4844-8c98-fd5458b9713f
fef6819db4024cb2b15f941e47e6fe2d,3RWQ37PP,FATOU,KOUYATE,F,10/11/06,BIGNONA,2ca38955-1375-4f48-9d0f-5776d5f35aaa
3ccf272718404a40bdaa814861f5920d,9YVC8T7Y,SEYDINA ALIOUNE,KANOUTE,H,27/09/11,BIGNONA,ba5f3949-1ae7-438a-accd-ba6081488e49
c385dd76db9846a78ca00fc072ee4c82,7CUH9K78,BACARY,MANCADIANG,H,09/03/10,TENGHORI,ba5f3949-1ae7-438a-accd-ba6081488e49
0d9dffca47eb4022882995b802f1e6d7,T_ABEVD,MAMADOU SAIFOULAHI,DIALLO,H,22/02/09,BIGNONA,3778ae72-a8dc-4f7e-912e-50c1b49d0c97
3f3dbfcf60774a7caa1f57e7db454993,T_8HJ27,IREINE,COLY,F,16/12/07,KASSILA,ba5f3949-1ae7-438a-accd-ba6081488e49
d9f907495bda4db9a5bb9045b1417da5,T_GUV99,KHADY,SANE,F,13/03/07,BIGNONA,2ca38955-1375-4f48-9d0f-5776d5f35aaa
40ac25a45b434ba79ee6e57a1f4fa00c,T_J87DN,FALLOU,DIEME,H,23/02/09,BIGNONA,18f98f31-a476-4844-8c98-fd5458b9713f
c711e81fb48c4643a6e7790480650036,7XJ7JRH6,SEYNEBOU,DIALLO,F,13/07/07,BIGNONA,18f98f31-a476-4844-8c98-fd5458b9713f
33b3e70d190b47b39a28817b0061ff3f,3PXDCRBV,TOUTI MARIE ROSE MANDO R,COLY,F,10/06/11,BIGNONA,174c812e-2a3f-46ef-94d2-3c56c0cfa1e8
e99eb882af0f42f5b1b91070ff0335e8,7KKP3PGU,ISMAILA,BODIAN,H,31/01/10,DAKAR,2ca38955-1375-4f48-9d0f-5776d5f35aaa
52599e897b7e4564874f2ccc39168170,8GWNVR8C,OUMOU,BA,F,17/11/10,BIGNONA,39d4c182-823c-4af2-af40-6b4606efeece
2c4e98653e7f407ba7f56747edae006c,T_W7CK8,FANTA,CONTE,F,14/06/03,Bignona,2ca38955-1375-4f48-9d0f-5776d5f35aaa
c8fbc395f4e84b92baaa13fb0b5d2310,T_UPW2W,MAMADOU,SAGNA,H,20/02/11,BIGNONA,39d4c182-823c-4af2-af40-6b4606efeece
219b7cb247104235a39361a2d69e643f,4GUWGJXU,MOUHAMADOU FALILOU,SOW,H,04/12/08,BIGNONA,2ca38955-1375-4f48-9d0f-5776d5f35aaa
c670af3724a846d8971b0faaa28d3058,8HXYAC6V,BOUBACAR,CAMAR,H,13/12/11,BOUNKILING,174c812e-2a3f-46ef-94d2-3c56c0cfa1e8
ac833ea092f94ac98799b93c5f833538,6QEG4PTX,AMY,NDIAYE,F,21/09/11,BIGNONA,e70b56e4-3115-4898-8e8d-236c0c5e5f86
e1de2c5cf43544aa8eeccbdfa3134e5e,9KY9D7F3,SIRA,SAGNA,F,10/10/09,GOUDOMP,e3d13f36-bd71-4331-a639-466801f7abb5
4e90369dab1c4524ad86b16124fd6822,T_UEG3B,MARTINA VICTORINE,SAMBOU,F,26/09/05,Bignona,3778ae72-a8dc-4f7e-912e-50c1b49d0c97
779944bf5eb145b7ab907e8e7750588d,T_U68EU,SYLVIE,SAMBOU,F,02/01/04,DIAMAGUENE,39d4c182-823c-4af2-af40-6b4606efeece
089d0bbdb7264eb78df334e1ce24e423,T_9ERW4,MAME CHEIKH,SECK,H,02/12/06,BIGNONA,174c812e-2a3f-46ef-94d2-3c56c0cfa1e8
452f5ff611d74a8b820a91b0f4e5a86a,T_D6H22,PRISCA ANASTASIE THIERRY,BADJI,F,14/11/09,BIGNONA,3778ae72-a8dc-4f7e-912e-50c1b49d0c97
3e9de77744674fb7bd85af5a33b8e140,T_BT989,FANTA,CAMARA,F,09/09/07,BIGNONA,18f98f31-a476-4844-8c98-fd5458b9713f
6e12e30dc75045f0a470c890f0750231,T_WWK7M,BINTA,DABO,F,12/09/06,BIGNONA,e3d13f36-bd71-4331-a639-466801f7abb5
05ae317f1a6d44c5b8f4d8f37a78eb8b,T_HCAUT,DIEUDONNE,SAMBOU,H,26/11/06,ESSYL,39d4c182-823c-4af2-af40-6b4606efeece
da207d0697094a228ea500ae97dac48b,T_2A4AE,OUSMANE,DIALLO,F,18/06/10,BIGNONA,e70b56e4-3115-4898-8e8d-236c0c5e5f86
f53b6c869d13483ca75f44b199a165f1,T_GP88WM,NDEYE COUMBA,CAMARA,F,10/08/12,BIGNONA,ba5f3949-1ae7-438a-accd-ba6081488e49
5ac135ee7c384c52ac3077a0d0e8cf89,T_GK2UV,FAMA,SECK,F,02/07/12,BIGNONA,174c812e-2a3f-46ef-94d2-3c56c0cfa1e8
43452cdcba434fbdbbf31c563baf9b83,T_K4HBA,SIDYA,BADJI,H,16/12/13,BIGNONA,e3d13f36-bd71-4331-a639-466801f7abb5
c12a2e18d196488d934273aa2cfd0933,T_36T87,CHERIF,SONKO,H,15/01/07,BIGNONA,18f98f31-a476-4844-8c98-fd5458b9713f
e637c3c93413417aa5e3fe7ebc349fa3,T_VANRK,SIMON NOEL AHMED,COLY,H,01/09/08,DAKAR,2ca38955-1375-4f48-9d0f-5776d5f35aaa
548433a25efa47d99ee8837c0b5a72f1,T_2WRP2,AMI,BAH,F,02/01/09,BIGNONA,18f98f31-a476-4844-8c98-fd5458b9713f
906bb8d279f64e318bee20bf1be2a420,T_DFDJ4,PATRICIA RACHELLE,COLY,F,07/01/05,GOLF SUD,89bcf47f-c492-4d35-976d-7a5035097b7a
984352b5096f49cc8fcdb9c753baeb2e,9BJGTMWM,KHARDIATOU,SOW,F,14/04/10,BIGNONA,89bcf47f-c492-4d35-976d-7a5035097b7a
19eecfa2973540ffbe72318ea54944f3,9WBEHEYY,MAMADOU TALLA,CAMARA,H,08/04/10,BIGNONA,ba5f3949-1ae7-438a-accd-ba6081488e49
8bf26792923543ddb3b1f32135444f64,T_R6H4E,ASSIATOU,DIALLO,F,14/09/10,BIGNONA,c12b5b2d-8b8b-4274-9fbd-8d38d7bca536
648f3786c4654a2a9fe9d383156c8c92,T_8JDVCM,ALY,DJIBA,H,03/08/12,ZIGUINCHOR,2ca38955-1375-4f48-9d0f-5776d5f35aaa
6e1f864dfdbb4a6ea26403b2e04d5e1f,T_FF44C,MAME BINTOU,MANE,F,14/01/10,TENGHORI,18f98f31-a476-4844-8c98-fd5458b9713f
06880a2d74234a568004464bda6c9ebd,T_6JC72,MARIAMA DIANKE,SADIO,F,01/01/04,Bignona,c12b5b2d-8b8b-4274-9fbd-8d38d7bca536
74b345af76b84d41a4ccf4e48962fc11,T_4CTGE,KHADIDIATOU,SAMBOU,F,08/04/06,BANDJIKAKY,ba5f3949-1ae7-438a-accd-ba6081488e49
e3291d987fa2426e85e4011b308bdd35,T_GHH3R,GNIMA,BADJI,F,16/07/06,TENGHORI,2ca38955-1375-4f48-9d0f-5776d5f35aaa
81a86bfe2ee74f0a8664cd9566632bc7,T_UWRWU,CHEICK SIDYA,DIALLO,H,10/04/08,TENDIEME,89bcf47f-c492-4d35-976d-7a5035097b7a
b6bd6d9e04194a26a2d9e1be5af23c1f,T_998DV,ALI NGOME,DRAME,H,12/06/06,BIGNONA,c12b5b2d-8b8b-4274-9fbd-8d38d7bca536
d3b56a640d4747f987bd586f78a057e5,T_NTN63,ABDOUL AZIZ,AIDARA,H,05/03/08,BIGNONA,89bcf47f-c492-4d35-976d-7a5035097b7a
cbf7f5174f484269bf70f3893a2bef0a,T_9VV78,BOUBACAR ZEIDY,DIALLO,H,13/11/10,TENGHORI,18f98f31-a476-4844-8c98-fd5458b9713f
beafbbe8941c4824bdd3d1a0586864e9,T_2822A,MOUHAMMADOUL  AMINE,BADJI,H,17/03/09,BIGNONA,3778ae72-a8dc-4f7e-912e-50c1b49d0c97
6638a9d79d0d400285cec55d77dd1548,6M6B8YHH,CHEIKH SOUAIBOU MAXIME,SONKO,H,03/02/07,BIGNONA,3778ae72-a8dc-4f7e-912e-50c1b49d0c97
7862d4051e7a410888c590778862579a,4KJ9M9FM,SIKIROU WASSY,CISSOKHO,H,10/02/09,BIGNONA,ba5f3949-1ae7-438a-accd-ba6081488e49
3bb48a1dab7446269ac181294af39afa,3PPNBQ6D,AMINATA BADJI,DIALLO,F,24/08/11,BIGNONA,174c812e-2a3f-46ef-94d2-3c56c0cfa1e8
8cc0fb656d244bbda18ff5c894c4eac5,6J4PRAKK,MARIAMA,DIASSY,F,07/05/07,BIGNONA,c12b5b2d-8b8b-4274-9fbd-8d38d7bca536
76e78f13e60f4188a49fd2a721d72e6d,8CV9HT8D,MAME DIARRA,DIOP,F,14/09/07,BIGNONA,c12b5b2d-8b8b-4274-9fbd-8d38d7bca536
50346a5bf81743fdbf0894b7a1a9710b,9GQQR7UM,MAMADY,SANE,H,12/08/09,SELETY,174c812e-2a3f-46ef-94d2-3c56c0cfa1e8
0bb0b8ac23684564a36b8f07b4f5508e,T_T8WR2,MAMADOU LAMINE,BADJI,H,29/01/11,BIGNONA,3778ae72-a8dc-4f7e-912e-50c1b49d0c97
a1a6658647bd45ddad63e60c7b9d9830,T_4HDMPM,YACINE DIA,SENE,F,08/12/12,BIGNONA,89bcf47f-c492-4d35-976d-7a5035097b7a
2cda162b4c8947d8b8f062ebd7db26c5,T_WG6VK,MAME FATOU,LOUM,F,20/01/06,BIGNONA,e70b56e4-3115-4898-8e8d-236c0c5e5f86
f2907a3ce7cb4d1dbe3fb6fcd2d5aeec,T_7E8CF,ASS MBACKE,THIAO,F,22/02/06,ZIGUINCHOR,89bcf47f-c492-4d35-976d-7a5035097b7a
ec7f2dcb868c45bf99dc942d9b247921,T_GEVT4,SAFIETOU,DIALLO,F,13/10/07,KAGNAROU,39d4c182-823c-4af2-af40-6b4606efeece
4aaa2feae547471c80129b646fb85947,T_2NAAW,IBRAHIMA,DIALLO,H,08/11/08,BIGNONA,89bcf47f-c492-4d35-976d-7a5035097b7a
dab9a6a4f0234695b46d166cd0be601c,T_6A8DD,BABOUCAR,BADJI,H,24/12/08,BOUTOLATTE,39d4c182-823c-4af2-af40-6b4606efeece
a033f84d8c6e4033b5742b33a50b53a7,T_3KUPW,FATOU,MANE,F,28/05/05,BIGNONA,3778ae72-a8dc-4f7e-912e-50c1b49d0c97
55aa86aad8cc47719981104cd72b2537,T_7TBWW,CHRISTINE BERNADETTE,COLY,F,06/05/09,SOUTOU,ba5f3949-1ae7-438a-accd-ba6081488e49
fd7ce4d8871149d8b76f7ce55b78208d,T_DHH9U,LAMINE,COULIBALY,H,10/01/09,BIGNONA,39d4c182-823c-4af2-af40-6b4606efeece
5e92697411594ee5843a13f8381802c5,T_U8UTV,FAMARA,SANE,H,09/10/07,BIGNONA,3778ae72-a8dc-4f7e-912e-50c1b49d0c97
f715cc677e914adda115ed1669878109,T_RT6G4,ABDOULAYE,SANE,H,06/07/12,TENGHORI,89bcf47f-c492-4d35-976d-7a5035097b7a
283ec719eb6f4729a1f3ff6c825ae3fb,4FRBWQAF,FANTA,BODIAN,F,08/12/06,BIGNONA,174c812e-2a3f-46ef-94d2-3c56c0cfa1e8
65531efe2e004b5fa7d54a478ea007df,T_NMGHV,BLANCHE MARGUERITE,DIEDHIOU,F,07/03/08,ZIGUINCHOR,ba5f3949-1ae7-438a-accd-ba6081488e49
fd13b1c1fd5a4c62a615d5b65afe87e1,T_DCM7M,OUMY,DIEDHIOU,F,20/10/07,BIGNONA,c12b5b2d-8b8b-4274-9fbd-8d38d7bca536
b9f7ff21349a4467ab2f86b054b44ba7,9XWRBDQC,CHEIKH TIDIANE,NDIAYE,H,05/05/07,BIGNONA,2ca38955-1375-4f48-9d0f-5776d5f35aaa
493e64fe5d4d4ea8882e14d1d94c07d3,8JCNR7UP,IDRISSA,DIEDHIOU,H,23/12/09,BIGNONA,e70b56e4-3115-4898-8e8d-236c0c5e5f86
ad3d83b619574fd29476d49ac0a259ae,T_VERHK,ANDRE LEON,SAGNA,H,31/03/12,BIGNONA,3778ae72-a8dc-4f7e-912e-50c1b49d0c97
ac60201deba44026b2eafd3cce72b233,6THFHBYG,DENIS,GOUDIABY,H,18/02/10,BIGNONA,c12b5b2d-8b8b-4274-9fbd-8d38d7bca536
c318e73c4e7b4b9fad72e5cf105cd60d,T_C69C7,SALOUM,GOUDIABY,H,20/03/04,Bignona,89bcf47f-c492-4d35-976d-7a5035097b7a
ea6cbbdcc7cd466fb11faa2c993653c0,T_CJVN3,MAMADOU FALL,SANE,H,26/03/07,DIEGOUNE,3778ae72-a8dc-4f7e-912e-50c1b49d0c97
a99a5264d3364eec9c03d1c7bbe41d73,T_VR2WF,MALICK,NIANG,H,02/07/09,BIGNONA,3778ae72-a8dc-4f7e-912e-50c1b49d0c97
12242787389448d0b930914cf840e70b,T_89J2F,ASSINE GNANO MAXIME ALKALI,ASSINE,H,09/03/11,ZIGUINCHOR,e70b56e4-3115-4898-8e8d-236c0c5e5f86
55e41119980a4074a857b1b378a98491,9KXGDCUA,ERNESTINE,ABOUD,F,24/03/08,BIGNONA,18f98f31-a476-4844-8c98-fd5458b9713f
05ae25d185964cd7b6fe276eb2842ae0,6CVEXC7N,CHEIKH MAFOUSE,SANE,H,03/04/09,BIGNONA,2ca38955-1375-4f48-9d0f-5776d5f35aaa
5eb30022e4044127bbe7890e463f9a69,3CP3VP99,BERTRAND,COLY,H,22/01/08,DAKAR,e3d13f36-bd71-4331-a639-466801f7abb5
0fd5c80e71394e038469cf11bf8b1509,6MEHQDFB,KHADIDIATOU,BADIANE,F,24/06/08,ZIGUINCHOR,174c812e-2a3f-46ef-94d2-3c56c0cfa1e8
35876c3fa3fa47c7acd9d560585a1eca,3JGDEXF6,ASTOU,COLY,F,23/04/06,BIGNONA,89bcf47f-c492-4d35-976d-7a5035097b7a
81cb1fa3562a495f968fb24b11ac187d,3QKKMQ34,AISSATOU,BASS,F,28/02/12,BIGNONA,2ca38955-1375-4f48-9d0f-5776d5f35aaa
fd7d49bec1e8497c8f508c0afc315d3d,T_EWJCBM,SEKOU DABO,DIEDHIOU,H,23/10/11,SINDIAN,39d4c182-823c-4af2-af40-6b4606efeece
3e54a7999ab7488aba7996b9486fe693,T_JWCN7,AMINATA TIDA,COLY,F,11/01/09,BIGNONA,c12b5b2d-8b8b-4274-9fbd-8d38d7bca536
fe9e61e0bedb42de9b848f01a6272808,T_DW7TV,AISSATOU,DOUCOURE,F,15/03/05,BIGNONA,174c812e-2a3f-46ef-94d2-3c56c0cfa1e8
3632cb4146a34ec494f2c4ce5e889a22,T_GEDEV,AMY NDIAYE,GAYE,F,27/01/07,BIGNONA,e70b56e4-3115-4898-8e8d-236c0c5e5f86
a64a4b46f1914b3187953f49b60ad880,T_VFD3A,NDEYE KHADY,AW,F,05/03/08,BIGNONA,3778ae72-a8dc-4f7e-912e-50c1b49d0c97
ef042e5d9d82436185a51151b7ee8823,6JV4E4DH,KHADIDIATOU,NDIAYE,F,12/12/05,BIGNONA,2ca38955-1375-4f48-9d0f-5776d5f35aaa
d8088f90b66a4bcca26edfb3efbb64a5,8QH9KXDU,AISSATOU,KABO,F,16/03/10,BIGNONA,c12b5b2d-8b8b-4274-9fbd-8d38d7bca536
824e6104ade74e489d70b9ab72d35472,3Q4EGCGM,SALIMATA,CAMARA,F,17/01/08,DAKAR,2ca38955-1375-4f48-9d0f-5776d5f35aaa
32c55eea76dc409b861554a459ddc310,7A4EFHTC,ARONA,BIAYE,H,24/06/11,BIGNONA,c12b5b2d-8b8b-4274-9fbd-8d38d7bca536
5826fd61669544e3ab905301a2866369,8C7MRRY6,SILEHI PASCALINE,DIATTA,F,07/04/08,KAHEME,ba5f3949-1ae7-438a-accd-ba6081488e49
7186bf82550b4b07a0bc6438cf0ab9e9,T_GBJ7P,KADIATOU,BA,F,24/10/10,BIGNONA,39d4c182-823c-4af2-af40-6b4606efeece
f3293c2dcddd464aaa5cb4106e3054ce,T_T27DV,AISSATOU,BA,F,06/03/05,Bignona,89bcf47f-c492-4d35-976d-7a5035097b7a
7ad7f1f911204570812b99b2a22e24a3,T_6B76K,AISSATOU YOLANDE,BADJI,F,04/04/08,BIGNONA,e3d13f36-bd71-4331-a639-466801f7abb5
1486e922c472401e8bc6aee873713a9b,T_2DNJN,NDEYE FATOU,BARRY,F,05/02/05,EDIAMATH,ba5f3949-1ae7-438a-accd-ba6081488e49
c1f508ec55f14ddd8c07fa99fc362efd,T_NMVJK,BOUBA,MANGA,H,25/11/06,BIGNONA,c12b5b2d-8b8b-4274-9fbd-8d38d7bca536
ede354ff61a6417dbc856a8d6073e5ce,T_BNJM4,YOUSSOUPHA,SANE,H,05/01/10,TENGORI,3778ae72-a8dc-4f7e-912e-50c1b49d0c97
7842f5e34bd9460eb9b13a3036d0bc9c,T_9PWWN,KHADY,MANDIANG,F,14/07/10,BIGNONA,18f98f31-a476-4844-8c98-fd5458b9713f
a949a6585c964d3eb4603a6ee487609f,T_HBFFT,MA AWA,KONTE,F,08/04/08,BIGNONA,2ca38955-1375-4f48-9d0f-5776d5f35aaa
6207ab934dd7474987ade8419b825b7b,6AADC63K,AMINATA,GOUDIABY,F,16/12/10,ZIGUINCHOR,ba5f3949-1ae7-438a-accd-ba6081488e49
65f0ba0297464690987fb198e0d7db54,4BCDAEHF,GNIMA,KEITA,F,09/02/10,BIGNONA,e3d13f36-bd71-4331-a639-466801f7abb5
1c90c0c967394c899265fc171d1c6960,9HK7R8CR,JACQUES,SAGNA,H,27/06/12,BIGNONA,ba5f3949-1ae7-438a-accd-ba6081488e49
9e7a60bdd17a4cc89370d3b5068232a9,T_8UCUM,MAMADOU LAMINE,DRAME,H,27/11/08,BIGNONA,2ca38955-1375-4f48-9d0f-5776d5f35aaa
17a65beeb1ba4d26849196c9718a6acf,8JQ84RAN,SIRE,BADJI,F,04/06/10,BIGNONA,39d4c182-823c-4af2-af40-6b4606efeece
c12f0591b2e4470b8fe88a97e2f4be5a,T_66BEM,KADESSA,BAYO,F,12/09/12,BIGNONA,c12b5b2d-8b8b-4274-9fbd-8d38d7bca536
fcf0522fa403471588f337126cd6608a,8YBW6PCJ,OUMOUL KHAIRY,CAMARA,F,23/10/09,BIGNONA,2ca38955-1375-4f48-9d0f-5776d5f35aaa
8507ef5d93c744379a27c5cb8965ee46,T_89E42M,BOUBACAR,CAMARA,H,13/12/11,BOUNKILING,2ca38955-1375-4f48-9d0f-5776d5f35aaa
736f00ca10164aadbbc6cff21f3503c6,T_WD6HT,OTILIA GERMAINE DIALIKA,COLY,F,14/11/12,SEBIKOTANE,89bcf47f-c492-4d35-976d-7a5035097b7a
2835ee2ae67c405eb4c49db1098dbcec,T_R7UEW,REMI CLEMENT BOURAMA,BADIANE,H,25/07/07,KAFOUNTINE,3778ae72-a8dc-4f7e-912e-50c1b49d0c97
dbf3290ba3ce45e981fe6c0b243d0970,T_A4JB4,AISSATOU,DIATTA,F,21/02/08,BIGNONA,c12b5b2d-8b8b-4274-9fbd-8d38d7bca536
86cc58e80fe5430c9d0c20c3263081d0,T_9T922,MAMADOU ABALINGOR,DIEME,H,13/12/06,BIGNONA,2ca38955-1375-4f48-9d0f-5776d5f35aaa
a21165cfd2064d0bb89bd10748ef612b,8MW994R3,REMI PHILIPPE,COLY,H,13/01/08,TENGHORI,3778ae72-a8dc-4f7e-912e-50c1b49d0c97
2ebd898dfdf143cb91deb5f1e72ee309,7RTTMCAC,ARABYATOU,KEITA,F,13/04/08,BIGNONA,18f98f31-a476-4844-8c98-fd5458b9713f
ac101f0d0ee94608bc92b5c74f216560,9H47BR74,ALIOU,CISSE,H,28/06/11,BIGNONA,2ca38955-1375-4f48-9d0f-5776d5f35aaa
9937b5101f86423c97ce39fb747db9c4,3NTHDPPD,CHERIF,DIALLO,H,11/01/08,BIGNONA,39d4c182-823c-4af2-af40-6b4606efeece
10557f3f3ea340429db73c9177a2d18a,3HTPJ3U3,BOUBACAR,DIENG,H,03/05/09,BIGNONA,174c812e-2a3f-46ef-94d2-3c56c0cfa1e8
d6e4d1ad2d3e42bb9c7e9f3c8d2e2780,8F9QQ9FC,BARTHELEMY,LOPEZ,H,31/07/08,BIGNONA,89bcf47f-c492-4d35-976d-7a5035097b7a
2e6bb85775b74f11bb8edab01841e53c,9EBCADHG,FAYE DAME SECK,COLY,H,05/03/10,BINDAGO,3778ae72-a8dc-4f7e-912e-50c1b49d0c97
95427656e69f4432a1abe195b88a4d6f,T_E8KW3,HAMADY ABOUBACAR,BADJI,H,06/04/04,Dakar,39d4c182-823c-4af2-af40-6b4606efeece
5d61c3eb48e3412ba61b0501b026b324,T_U7779,DABA,DIEDHIOU,F,15/02/08,NIALOR,e3d13f36-bd71-4331-a639-466801f7abb5
44055bdb85c24c95bbcfe45dfd30f73e,T_2M3MV,MARIAMA,SANE,H,03/01/08,DAKAR,c12b5b2d-8b8b-4274-9fbd-8d38d7bca536
d0d254ed566a4da5b28257f30e4cfa35,T_C3W3N,CHERIF YOUNOUSSE,COLY,H,25/01/09,BIGNONA,174c812e-2a3f-46ef-94d2-3c56c0cfa1e8
a470d999cebc4f848af08b13d32f351a,T_EMN7J,TIDIANE,SANE,H,30/10/05,DIEGOUNE,174c812e-2a3f-46ef-94d2-3c56c0cfa1e8
983b8a36551d4cfc860348ddce782b73,T_HJB2D,EDOUARD AMADOU,TAMBA,H,03/01/07,DAKAR,89bcf47f-c492-4d35-976d-7a5035097b7a
d086221aca0f4952ac2d1599a0f18877,T_MP2KP,FATOU BINTOU,BODIAN,F,31/12/07,SEDHIOU,e70b56e4-3115-4898-8e8d-236c0c5e5f86
3ce0c7fceda94dcfaad1ca828ca981fe,3PHHYWYX,BINTOU,CISSE,F,01/04/06,BIGNONA,89bcf47f-c492-4d35-976d-7a5035097b7a
dbab5756dfec4494bcc346871b18ccca,3BQA6VUE,FANTA,SANE,F,05/12/06,DAKAR,39d4c182-823c-4af2-af40-6b4606efeece
ed272d221bff41aca4304b04eee3548c,T_NW2NRM,MOUNTAGA,DIALLO,H,19/06/10,BIGNONA,ba5f3949-1ae7-438a-accd-ba6081488e49
a48b976c4a9b4fc6998de81bb178eb76,6A6CTCP4,MAME SIRE,SANE,F,04/01/09,KIGNINDING,ba5f3949-1ae7-438a-accd-ba6081488e49
89b0a7f0d19d4553ab05951fa6ab3bf6,T_P973H,KHADY,KEITA,F,15/05/13,BIGNONA,3778ae72-a8dc-4f7e-912e-50c1b49d0c97
35b8731ea4ea4ed88dd4890ea39ba28f,T_M3GT2,LOUIS BERNARD,SAGNA,H,31/12/06,TENGHORI,2ca38955-1375-4f48-9d0f-5776d5f35aaa
16302512f5154dbf95613ff7967a5b5c,T_8W9JH,MAMADOU LAMINE,GOUDIABY,H,29/01/07,BIGNONA,174c812e-2a3f-46ef-94d2-3c56c0cfa1e8
3d06d1cd66254f0d958ac8d3654a724f,T_DE4RA,AMADOU,SANE,H,08/04/06,BIGNONA,18f98f31-a476-4844-8c98-fd5458b9713f
9f13923e022f4086bf8ae2a23085b2c6,T_VAHPB,ABDOULAYE,DIAGNE,H,16/07/10,BIGNONA,174c812e-2a3f-46ef-94d2-3c56c0cfa1e8
db473bc8c51f49e7bf204f018d56c336,T_KDNWK,ADAMA,CAMARA,H,21/08/07,BIGNONA,3778ae72-a8dc-4f7e-912e-50c1b49d0c97
f4e4a19abce446a7ac1ad0d34010d744,T_7KDDW,SERIGNE FALLOU KASSE,SANE,H,10/02/08,BIGNONA,39d4c182-823c-4af2-af40-6b4606efeece
6f916e777fbc48ff9b7e7ba4a3c05005,3P7WDQR3,MARIETOU,DIEME,F,04/04/09,DIAGONGUE,e3d13f36-bd71-4331-a639-466801f7abb5
1936fae5f21844e19010ebd4274dbb83,8KHXJENC,AROUNA VINCENT LAYE,SAGNA,H,20/02/09,DJIGUINOUM,174c812e-2a3f-46ef-94d2-3c56c0cfa1e8
39a04b44b6b9420880e199330682e5aa,8CFK7XQG,AISSATOU,DIEDHIOU,F,01/05/10,BIGNONA,3778ae72-a8dc-4f7e-912e-50c1b49d0c97
3fdc19ecabd548fbad94359fa215d34a,3A7GCC6M,IDRISSA,MANGA,H,12/04/09,DIARONE,174c812e-2a3f-46ef-94d2-3c56c0cfa1e8
e3ca4aa24c82412faf94ee859ef9fb13,3QA3NE9J,COUMBA ADAMA,SANE,F,25/01/12,BIGNONA,2ca38955-1375-4f48-9d0f-5776d5f35aaa
177782cd3fb24018ac0e6a40e815ef2e,T_GV2KH,NDEYE SIRE,SANE,F,18/03/13,DIONDJI,ba5f3949-1ae7-438a-accd-ba6081488e49
728b758888d14ceea1fe691291101102,T_C3RFG,PAPA YOUSSOUPH KEBA,DIATTA,H,15/11/11,DIATOCK,39d4c182-823c-4af2-af40-6b4606efeece
653d952a9fbc4f54a7c747659f5700e5,T_NKTTF,MOUHAMED NIANG,SANE,H,08/11/02,DIAMAGUENE,3778ae72-a8dc-4f7e-912e-50c1b49d0c97
1d8a040481ed40fba2c2b9035f48fa23,T_3UHP8,IBRAHIMA,DIEME,H,20/10/06,OULAMPANE,89bcf47f-c492-4d35-976d-7a5035097b7a
9d33540b620d4e43bc5c0177e36bd1ef,T_69NJK,CHARLES GUSTAVE,GOUDIABY,H,28/06/05,DAKAR,ba5f3949-1ae7-438a-accd-ba6081488e49
02505d740f2a40ea9b0fbe6b167226e0,T_JVBMUM,MOHAME ARFANG M,BADJI,H,12/05/11,BIGNONA,e3d13f36-bd71-4331-a639-466801f7abb5
3fbec9751750470c8f0cd6e0f0b85898,T_KJHRG,OUSSEYNOU,SEYDI,H,23/01/03,Dakar,39d4c182-823c-4af2-af40-6b4606efeece
396c138000a044ecafe3b48e87377858,T_WCU2C,MAMADOU,SANE,H,26/02/02,YEUMBEUL,e3d13f36-bd71-4331-a639-466801f7abb5
d3538bbc98664819bc820e7978e800d6,T_3AAF6,AISSATOU,DIA,F,28/02/06,BIGNONA,89bcf47f-c492-4d35-976d-7a5035097b7a
be58d5522ee54838b0eef4956bead234,T_AC82E,AISSATOU BA,DIATTA,F,03/02/09,TOBOR,ba5f3949-1ae7-438a-accd-ba6081488e49
214a4df98cd543649df7e4da732d5a33,T_73VW7,OUSSEYNATOU,BADJI,F,23/03/05,Bignona,18f98f31-a476-4844-8c98-fd5458b9713f
e52841e708244fc4858c1f0db360ede4,T_ABGAA,LAMINE,SANE,H,14/03/04,BIGNONA,3778ae72-a8dc-4f7e-912e-50c1b49d0c97
6d650100719549918e47858a03593899,T_NGV7C,NDEYE MAMA,MANGA,F,30/10/09,BIGNONA,39d4c182-823c-4af2-af40-6b4606efeece
925d39fd27ee4f4e84033e0125d3a6d6,9RNQF8QD,ALICE ARAINDORE,GOUDIABY,F,15/07/09,THIROYE SUR MER,e3d13f36-bd71-4331-a639-466801f7abb5
a4a85b00e90843ba837a200f2c2f9e29,9BHDFT6T,CHRISTIAN MICHEL,SANE,H,26/03/11,KAOLACK,3778ae72-a8dc-4f7e-912e-50c1b49d0c97
8b8bd9f0c39b4d3dbe6a3bdd3cf2b0ad,9JPKBB9X,IBRAHIMA,DABO,H,07/09/05,BIGNONA,89bcf47f-c492-4d35-976d-7a5035097b7a
caac804576894fe2ab573d92bd202b91,3UCUG3TK,ROKHYIYA DAHILOU,COLY,F,27/01/12,BIGNONA,e70b56e4-3115-4898-8e8d-236c0c5e5f86
fb8afbeb8acc4c6982d9cab67dad93d1,4HR3G7JN,SIDY,CISSE,H,18/11/11,BIGNONA,39d4c182-823c-4af2-af40-6b4606efeece
dcc7435f6ec1434eb1db4f47ea24b790,9WGRU9X3,BOUBACAR,DABO,H,24/03/12,SONKOCOUNDA,3778ae72-a8dc-4f7e-912e-50c1b49d0c97
decad6d56a1d4f6ab5b93f6ddcbfb042,4YCWRVXQ,SYLVIE FLORA,GOUDIABY,F,14/07/11,DAKAR,89bcf47f-c492-4d35-976d-7a5035097b7a
91c8aae416b84ced8b207a6f87f4d004,T_KFHDE,ALPHONSE DAVID HERMANN,BADJI,H,03/05/07,DAKAR,ba5f3949-1ae7-438a-accd-ba6081488e49
c99e2dddba8a4362a3139082ede317ff,T_R6MER,AWA,SANE,F,11/10/06,ZIGUINCHOR,39d4c182-823c-4af2-af40-6b4606efeece
253423cd91264f7595549024de6fb264,T_DCJC2,MOUSKOYE BIBY,DJIBA,F,15/11/05,BRINDIAGO,3778ae72-a8dc-4f7e-912e-50c1b49d0c97
87df8ff006c04f55833d819304c13249,T_UGGNR,NDYE FATOU,TOURE,F,19/03/08,BIGNONA,e70b56e4-3115-4898-8e8d-236c0c5e5f86
da197f4765bd448ebc583b9492afe72c,6JVNKQW4,ELI LAURENT,COLY,H,13/06/07,BIGNONA,89bcf47f-c492-4d35-976d-7a5035097b7a
3fcfa2feaa334469b9d902efbb7a1fd7,7A4EFHTC,ARONA,BIAYE,H,24/06/11,BIGNONA,e3d13f36-bd71-4331-a639-466801f7abb5
29dc217829054301b7cb3990a4baf1d4,4J8GJTUT,AMADOU,COLY,H,07/06/10,BIGNONA,ba5f3949-1ae7-438a-accd-ba6081488e49
8a69733d31b743ce857cf00294ea3f36,T_MAK4JM,ALIMA,DIAHITE,F,09/11/13,SILATHIAYE,e70b56e4-3115-4898-8e8d-236c0c5e5f86
15163890d4e74d3183cf560b38b06487,T_BT8ND,MAIMOUNA,SIDIBE,F,20/02/02,Bignona,18f98f31-a476-4844-8c98-fd5458b9713f
4ceb1edf755c4be582bd734b7cf0f3d7,T_TUNCW,OUSMANE,COLY,H,05/01/05,Bignona,39d4c182-823c-4af2-af40-6b4606efeece
bed21a92a0c4415ba0c2a45295771fc1,T_RR69D,MARIE JEANNE,SIMIDOU,F,15/11/06,BIGNONA,18f98f31-a476-4844-8c98-fd5458b9713f
8b3036f6f52c4cc79d1a2c4bb294cc18,T_V94UM,ASTOU,SAGNA,F,16/02/07,BIGNONA,ba5f3949-1ae7-438a-accd-ba6081488e49
6251ea97fa6542928ee6696b16cca200,T_ATT6V,SERIGNE SALIOU,COLY,H,18/02/04,PIRAN,89bcf47f-c492-4d35-976d-7a5035097b7a
5084c370c51b4062845dae9a3978ed83,T_UWRWU,CHEICK SIDYA,DIALLO,H,10/04/08,TENDIEME,2ca38955-1375-4f48-9d0f-5776d5f35aaa
e40c3af5ad94453fb121e61a50ec9171,T_JFE4F,FATOU NICOLE ABINDIONA,BADJI,F,21/06/11,KARTHIACK,174c812e-2a3f-46ef-94d2-3c56c0cfa1e8
971fd10ad88a4ce2b614602428f0540c,7FHYKYQW,MAME CHEIKH,SECK,H,02/12/06,BIGNONA,18f98f31-a476-4844-8c98-fd5458b9713f
6f6f50fae4b7488e95c01a4240f348c0,6A4AQYD9,ADJI FATOU,DRAME,F,10/04/12,BIGNONA,3778ae72-a8dc-4f7e-912e-50c1b49d0c97
39221ef075ba4a9aa32b6999f0a6dd71,T_HTKDNM,ADRIEN MICHEL,DIEDHIOU,H,09/03/13,BIGNONA,c12b5b2d-8b8b-4274-9fbd-8d38d7bca536
a0bda22dda5b45148aabea558f0f4fe1,T_GADD2,ELHADDJI MALICK MBENGUE,DIATTA,H,15/09/11,BIGNONA,3778ae72-a8dc-4f7e-912e-50c1b49d0c97
c821b6beccbf4fc19afdb9681c4e7c34,T_7U2JK,ALIOU,COLY,H,28/08/10,ESSOME SILATHIAYE,3778ae72-a8dc-4f7e-912e-50c1b49d0c97
af0efa63b65142778dfe5071851cdc87,T_PVN92,KHADY,SOUGOU,F,05/01/05,BIGNONA,174c812e-2a3f-46ef-94d2-3c56c0cfa1e8
4a5cd3270b984b3d85e8bad58fb8764f,T_CME9N,PIERRE DENIS NICOLAS,SAGNA,H,15/02/05,DAKAR,18f98f31-a476-4844-8c98-fd5458b9713f
ebc011bd140f4171a6afb8ea2ea4f68c,T_ME2PG,YOUBA,DIATTA,H,22/05/08,KATEUMTEUM,c12b5b2d-8b8b-4274-9fbd-8d38d7bca536
15bacbdaf8b2489eb28250bbc4ad1f12,T_46V4N,KARFA,DRAME,H,13/01/06,BIGNONA,e70b56e4-3115-4898-8e8d-236c0c5e5f86
12e55f590ff243d398c877e12272dda0,T_92HEE,AWA,DIALLO,F,08/10/06,BIGNONA,39d4c182-823c-4af2-af40-6b4606efeece
412ae54d4add4eed91e50f460e81bfec,T_VUTHN,AWA,SANE,F,10/06/09,BIGNONA,2ca38955-1375-4f48-9d0f-5776d5f35aaa
b71817991ffd465a9eaa8151f240d800,T_3CMCN,ANGELIQUE AWA,COLY,F,10/12/08,BIGNONA,39d4c182-823c-4af2-af40-6b4606efeece
cc7692a89f2048ffba3c3db006b48629,T_WEHDA,SALY,SANE,F,13/01/09,DIAMAGUENE SICAP MBAO,3778ae72-a8dc-4f7e-912e-50c1b49d0c97
246aa9b7a1384230b195f48f4736e008,T_RDBCT,MOUSSOUBA,BADJI,F,01/01/07,BIGNONA,e70b56e4-3115-4898-8e8d-236c0c5e5f86
825291a3903e4971979138317a633564,T_K8GMT,AISSATOU,DABO,F,04/05/06,BIGNONA,e3d13f36-bd71-4331-a639-466801f7abb5
a28c9b82cfc24044a7d95a1711fa520b,T_BUBCH,SARATA,BADIANE,F,29/08/06,DAKAR,ba5f3949-1ae7-438a-accd-ba6081488e49
f9aecb44f75d4d0394136aad4e28f034,T_BA7K8,CHARLES MADJINA JUNIOR,BADJI,H,15/12/07,BIGNONA,89bcf47f-c492-4d35-976d-7a5035097b7a
7d49686f5de94142ae93a6c312312509,T_6BFBJ,ALASSANE,DIALLO,H,07/02/07,BIGNONA,3778ae72-a8dc-4f7e-912e-50c1b49d0c97
ded28fda09dc404b9fd56675fcd2ab9a,9RDT8PH6,FATOU,DIALLO,F,11/12/07,BIGNONA,c12b5b2d-8b8b-4274-9fbd-8d38d7bca536
8699474399f04f3ebc8e050298dfe657,3H9T97EG,YOUSSOUPHA,CISSE,H,16/04/10,BIGNONA,89bcf47f-c492-4d35-976d-7a5035097b7a
edc4210727f34db5863622791410a02b,8UAVQBN9,BOUBACAR GILBERT,SANE,H,16/02/10,KAOLACK,3778ae72-a8dc-4f7e-912e-50c1b49d0c97
c8517a525834479496e1c47dc9ef19fb,4VKAPD9E,ALIMA,DIASSY,F,11/02/10,BIGNONA,2ca38955-1375-4f48-9d0f-5776d5f35aaa
a3cd92995d9a4a0382fd7a4676aa2f89,T_JFCCAM,PAUL,DACOSTA,H,12/04/12,KAOLACK,3778ae72-a8dc-4f7e-912e-50c1b49d0c97
750012990b594735b920020fab62e756,T_JBP4V,LEON PIERRE BACHERE,COLONA,H,21/11/06,BIGNONA,c12b5b2d-8b8b-4274-9fbd-8d38d7bca536
f5e88180494d4122a7680a5ef9a52965,T_7BK29,ADAMA,DIALLO,F,17/05/05,KATEUM TEUM,2ca38955-1375-4f48-9d0f-5776d5f35aaa
3b4bb9f2e5a04ea0aed456f84952361b,T_6GM98,ADAMA,DANSO,F,01/02/08,BIGNONA,e3d13f36-bd71-4331-a639-466801f7abb5
cf6e9db06371452a8a4b43279e736e0b,T_72BNA,DIEYNABA,DEME,F,14/03/07,MBOUR,2ca38955-1375-4f48-9d0f-5776d5f35aaa
fa9e56eb9b2a49bea4b1e131bd51acf4,T_3WMCM,FATOU THIAM,COLY,F,23/04/09,BIGNONA,174c812e-2a3f-46ef-94d2-3c56c0cfa1e8
72d0679ae2e64bb994b94491b5eea7fc,6VQWYHMJ,BACARY,COLY,H,08/05/06,COLOMBA,39d4c182-823c-4af2-af40-6b4606efeece
2264e1ef2dbe4d59bc1023f828abd9bf,7G44V39Y,OUMY,CAMARA,F,01/04/12,BIGNONA,c12b5b2d-8b8b-4274-9fbd-8d38d7bca536
ed25564948154927847511651985982e,6QDTNVBB,AWA,SANE,F,10/06/09,BIGNONA,ba5f3949-1ae7-438a-accd-ba6081488e49
cce9ecb842544b3f97f203ae1f313b7b,3RE9BT9K,BINTA,BODIAN,F,07/04/10,BIGNONA,ba5f3949-1ae7-438a-accd-ba6081488e49
32f9be7bcf18450184429b80ed644a37,7DR3CAV7,ABDOU RAHMANE,YATASSAYE,H,16/07/08,BIGNONA,e70b56e4-3115-4898-8e8d-236c0c5e5f86
a98b68b2c2844c529502523995e6daec,6YVT4R47,ADAMA,CAMARA,H,21/08/07,BIGNONA,e3d13f36-bd71-4331-a639-466801f7abb5
aabfe589a1ba43a193b82f686748a695,9QEN9NEC,IBRAHIMA,BARRY,H,15/10/09,SIBICOUROTO2,e70b56e4-3115-4898-8e8d-236c0c5e5f86
1d0108f3f58144cda9765e4d999a6a34,T_73GDHM,CHERIF,DIAKHITE,H,06/12/10,BIGNONA,e70b56e4-3115-4898-8e8d-236c0c5e5f86
938096c387ed430a89cbebec9bfd7b95,9QCQEJDG,ADAMA LO,GOUDIABY,F,18/07/11,BOUGOUTOUB,e70b56e4-3115-4898-8e8d-236c0c5e5f86
ac05fb952279450e9f1b92946272d2ac,T_6MDFV,OUSMANE,SAGNA,H,16/09/04,Djiral,18f98f31-a476-4844-8c98-fd5458b9713f
8774cfec66894491bf344a0ad1cf9a66,T_V7UM3,IDRISSA,BADIANE,H,24/04/05,Bignona,174c812e-2a3f-46ef-94d2-3c56c0cfa1e8
a4f26e0ff06e4d2e80921fe1dbc4a516,T_J7EVR,ADAMS FAYE,COLY,H,22/05/05,BIGNONA,174c812e-2a3f-46ef-94d2-3c56c0cfa1e8
d2d7a23a2d59411f86b28da6cf120ca6,T_C4CD9,ABDOUL LATIF,DIEME,H,24/01/09,BIGNONA,ba5f3949-1ae7-438a-accd-ba6081488e49
37597164030e40b2946872542bd13cbe,T_KKDT8,MAMADOU,MANGA,H,10/08/09,TENGHORI,ba5f3949-1ae7-438a-accd-ba6081488e49
0698f74c6fb744a68374be34b57ecc18,T_BNJM4,YOUSSOUPHA,SANE,H,05/01/10,TENGORI,2ca38955-1375-4f48-9d0f-5776d5f35aaa
d3f512c6877b401988475497887bde6a,T_HRM2M,DJIBY POUYE,DIEME,H,09/02/09,BIGNONA,2ca38955-1375-4f48-9d0f-5776d5f35aaa
d388078aa0ac4381afc97fb7051df547,T_U2HVD,EL HADJI ASSANE,FALL,H,12/08/10,GUINAWRAIL,39d4c182-823c-4af2-af40-6b4606efeece
36aaadedeb94495fb15f75970bc2bfa4,T_DVR3M,SEYNABOU ASSANE,DIOUF,F,16/09/10,KAOLACK,89bcf47f-c492-4d35-976d-7a5035097b7a
4c2b50a67a8145fdb56be1e26e6d58f4,T_R4K2E,LOUIS OMAR,DIEME,H,10/01/11,KAOLACK,39d4c182-823c-4af2-af40-6b4606efeece
03d4e92683be4cf19ef2ea08c7ae9402,T_J9A4DM,SALY,BADJI,F,25/05/13,BIGNONA,e3d13f36-bd71-4331-a639-466801f7abb5
a628208b974f40cd8e487acd76a25fe4,T_3FMKAM,AISSATOU,DIOP,F,05/12/11,BIGNONA,c12b5b2d-8b8b-4274-9fbd-8d38d7bca536
74ab5ec5ca7d402abfcfc7985966f9bd,T_22TJK,JOEL JOSEPH SIDY,SANE,H,21/04/03,Bignona,c12b5b2d-8b8b-4274-9fbd-8d38d7bca536
cfb84d6c44254e09bf44d6ccb5ac85e2,T_9RUMV,MARIE ODILE FATIMA,GOUDIABY,F,14/09/05,DAKAR,2ca38955-1375-4f48-9d0f-5776d5f35aaa
4ed13b7778c24e1d95ca292d95c9efdc,T_W6GKH,FATOUMATA,DJITE,F,15/01/07,BIGNONA,39d4c182-823c-4af2-af40-6b4606efeece
3ee3766be8014abd965ba0a90727545c,T_CKBCC,FATOUMATA NACISSE,DIEDHIOU,F,01/01/05,Bignona,2ca38955-1375-4f48-9d0f-5776d5f35aaa
5ab13cf8247144a6adc36ae5b0bef9e9,T_NC6DV,ABDOULAYE,GOUDIABY,H,14/01/07,BIGNONA,ba5f3949-1ae7-438a-accd-ba6081488e49
7a5bf29f77cf4d268751b6e484365c4e,T_T27DV,AISSATOU,BA,F,06/03/05,Bignona,174c812e-2a3f-46ef-94d2-3c56c0cfa1e8
970f33f738b746ffbe88a8ae6ee9dadd,T_27NGR,SADIBOU,COLY,H,18/08/06,BIGNONA,e3d13f36-bd71-4331-a639-466801f7abb5
0db0058551f84216b9b12d617c0897d9,9CPE3PKN,NDEYE KHADIDIATOU,SANE,F,26/01/08,BIGNONA,18f98f31-a476-4844-8c98-fd5458b9713f
9b244a008e3949e283817e656905b21c,7VMGFDJQ,AWA,DABO,F,10/01/07,BIGNONA,18f98f31-a476-4844-8c98-fd5458b9713f
f8e8ce4db01146d4a7526998e8942032,T_8CH6E,JEAN LAMINE,BANGOURA,H,02/10/08,TAMBACOUNDA,18f98f31-a476-4844-8c98-fd5458b9713f
dc6c7756949543d594abc9a5eb137d70,6GQBAAXX,MOUSSOUBA,BADJI,F,01/01/07,BIGNONA,e3d13f36-bd71-4331-a639-466801f7abb5
84b4c1785e4a40e3b6814cdeed07a9a1,8WJ4U9UM,MOHAMED MOUSTAPHA,DIALLO,H,10/09/11,KAOLACK,ba5f3949-1ae7-438a-accd-ba6081488e49
b80bc81e1623446183ef2a665de89a74,T_U76UG,ADAMA,SECK,F,04/10/10,TENGHORI,18f98f31-a476-4844-8c98-fd5458b9713f
aefde7ecd44845eb8dd0a4abcc67f169,T_RRR8N,MAMAN GNIMA,KANDE,F,04/09/12,BESSIRE,e70b56e4-3115-4898-8e8d-236c0c5e5f86
c3175f8e590b4df98909895c0823eabc,3WXXG88X,ABDOU,GOUDIABY,H,15/01/09,BIGNONA,e70b56e4-3115-4898-8e8d-236c0c5e5f86
8b3701291abf40dd967e3cbe844d3e91,T_HW6A3,CHRISTOPH,BADJI,H,15/06/12,PIRAN,174c812e-2a3f-46ef-94d2-3c56c0cfa1e8
b280cc214e134228ba53487104a57a48,T_CN2T2,ABDOULAYE SADIO,SANE,H,10/06/07,BIGNONA,c12b5b2d-8b8b-4274-9fbd-8d38d7bca536
73c201cb4fc34191a2febe6950e918df,T_2UCKC,MOHAMED,TOURE,H,02/02/09,BIGNONA,18f98f31-a476-4844-8c98-fd5458b9713f
6fdd5234df884352879377335541bb18,6VP3PFRW,MOUSSA BALLA,SONKO,H,10/02/08,BIGNONA,e70b56e4-3115-4898-8e8d-236c0c5e5f86
c794c0178e79400a86132ba57c94c804,T_EENJD,IBRAHIMA,SANE,H,01/01/06,BIGNONA,e70b56e4-3115-4898-8e8d-236c0c5e5f86
faf501ddb2b34335bd0026d420ebfad6,7MUGFHF8,FATOU BINTOU,DIEDHIOU,F,21/08/10,BADIANA,89bcf47f-c492-4d35-976d-7a5035097b7a
084e3a50e0544bcb890c062239c0360c,T_DFBFD,INSA,MANGA,H,24/01/07,BIGNONA,e3d13f36-bd71-4331-a639-466801f7abb5
e74e0c10cc5d4451bad2b165a9e18e19,T_VHFB7,FALILOU,BA,H,23/09/12,BIGNONA,39d4c182-823c-4af2-af40-6b4606efeece
0ecbc15589674e55a382b02752441343,T_JT4MN,BINTA,BADJI,F,10/09/10,SINEDONE,18f98f31-a476-4844-8c98-fd5458b9713f
6660aec23f4841ca86222fa55f452a18,T_8JVMA,OUSMANE,DIATTA,H,27/08/08,BIGNONA,c12b5b2d-8b8b-4274-9fbd-8d38d7bca536
f025ec9f2ee3405a92a0bc98bf397056,T_6CGE2,AMADY,BADJI,H,08/08/06,TABI,c12b5b2d-8b8b-4274-9fbd-8d38d7bca536
97646ee36f884f4bba2a8ed4204542b6,T_DWC4W,THERESE THIOUDA,SAGNA,F,12/01/08,BIGNONA,ba5f3949-1ae7-438a-accd-ba6081488e49
1f6b75481c834507a809f3164f00c550,T_MM6ERM,SALIMATA,GUISSE,F,03/01/12,BIGNONA,e70b56e4-3115-4898-8e8d-236c0c5e5f86
b350ca8f60654f08a799eaa04f3d2635,7NHBDFJU,ADJIA MABINTOU,SYLLA,F,22/09/11,BIGNONA,c12b5b2d-8b8b-4274-9fbd-8d38d7bca536
6d3edae89c0445888b1f05477da7cccd,T_9FM9N,SEKOU JUNIOR,SONKO,H,01/03/11,BIGNONA,174c812e-2a3f-46ef-94d2-3c56c0cfa1e8
f10599c6e3ce441e91393006e76bae8f,T_EU4HU,BOUNAMA SYLLA,SAGNA,H,29/08/07,BIGNONA,c12b5b2d-8b8b-4274-9fbd-8d38d7bca536
18f31e77c42a45f281640049cd847898,T_M4PTK,PASCAL SYLVA BALANKOUI,SAGNA,H,16/04/06,BIGNONA,c12b5b2d-8b8b-4274-9fbd-8d38d7bca536
07bb21e397f245cebea2619252de7f61,T_AH6WC,KHADIDIATOU,BADJI,F,04/03/09,BIGNONA,ba5f3949-1ae7-438a-accd-ba6081488e49
962174d45f834689b1dc5e62ee22d85c,T_TVAVD,FATOU,CISSE,F,18/03/06,BIGNONA,c12b5b2d-8b8b-4274-9fbd-8d38d7bca536
fd3ddf7e344643a9a75280be38f9075a,3CHY8XFB,MAIMOUNA COULIBALY,TRAORE,F,10/02/09,BIGNONA,89bcf47f-c492-4d35-976d-7a5035097b7a
95bfcbcabcd04d0b9efe0aab46dad27b,3CPNXDGY,MOUSTAPHA,BADJI,H,05/06/09,BIGNONA,2ca38955-1375-4f48-9d0f-5776d5f35aaa
af1248ef8b1f4ef3971d847b8ae81f3c,T_N8PNWM,MARIAMA,SANE,F,31/12/05,BADIOURE,89bcf47f-c492-4d35-976d-7a5035097b7a
efbe9b74216140ae9e8f977ef8315ab3,T_EM6HM,MANSATA,DIEME,F,06/02/07,BIGNONA,ba5f3949-1ae7-438a-accd-ba6081488e49
30dd19fc6d514cc08e5864ec2e44c388,T_WPNKT,ISAK RIGOBERD,MANGA,H,28/01/07,BIGNONA,18f98f31-a476-4844-8c98-fd5458b9713f
7a9bb5d61fce406791758e1f03934b45,T_EDE64,MAMADOU,DJIGHALY,H,10/01/07,BOUMOUDA,2ca38955-1375-4f48-9d0f-5776d5f35aaa
821adb5b77904891bcf99934eea72d09,6AX6AAH7,YANCOUBA BALDE,SONKO,H,30/01/10,BIGNONA,e70b56e4-3115-4898-8e8d-236c0c5e5f86
f5ac958f849e490fb36cbb01c553c625,T_NUDWJ,NOUHA,SANE,H,06/04/06,BIGNONA,ba5f3949-1ae7-438a-accd-ba6081488e49
57b67b71f78e499096c4229f793ec858,9CA3WJN3,YANCOUBA,DIALLO,H,01/01/12,MLOMP,e70b56e4-3115-4898-8e8d-236c0c5e5f86
a22d0772de724e52a273051a082641e0,6YNDYVN7,MOUHAMED LAMINE,TRAORE,H,18/01/11,BIGNONA,39d4c182-823c-4af2-af40-6b4606efeece
02378b74f4974d2c89016e5928654864,T_K9M37,FATOUMATA BINTA,DIALLO,F,25/10/11,MARSASSOUM,2ca38955-1375-4f48-9d0f-5776d5f35aaa
2f66c3725fcf441fa9d38e6b4003e675,T_T4F2J,MOUSSA,SANE,H,01/01/05,BIGNONA,18f98f31-a476-4844-8c98-fd5458b9713f
c3f009f68d774ff5b9c899b110b00af7,T_D7N88,YOUNOUSS,SONKO,H,27/12/03,BARANLIR,174c812e-2a3f-46ef-94d2-3c56c0cfa1e8
3610452f0cd4463bb8767db0b6d8e6a8,9FDMQBAM,AMI,GOUDIABY,F,15/05/09,PIRAN,39d4c182-823c-4af2-af40-6b4606efeece
8cc4a91c072b4cb78133196a174a9dd1,T_BR4G7,ADAMA,CISSE,F,10/01/06,BIGNONA,ba5f3949-1ae7-438a-accd-ba6081488e49
26febc3e477f45208a00336d24aa0958,T_PDBKV,IZATOU,DIALLO,F,19/10/04,Bignona,c12b5b2d-8b8b-4274-9fbd-8d38d7bca536
1ce965924ea44eecb77b9393a2b00a2c,8FW8EBUN,HABIB,DIOP,H,29/03/10,BI,c12b5b2d-8b8b-4274-9fbd-8d38d7bca536
f2fc4d2e170c44f8a75f07b2caef71bc,3AAB3EJN,YOUSSOUPHA,SANE,H,05/05/10,BIGNONA,e3d13f36-bd71-4331-a639-466801f7abb5
4326e2c5e8694f5489a74324ccf7240c,T_D34P2,SEYNABOU,SANE,F,24/04/03,BIGNONA,c12b5b2d-8b8b-4274-9fbd-8d38d7bca536
f78cc112f6174af592da147b430741e6,T_KHCPD,PIERRE MARIE,BADIANE,H,31/07/06,BIGNONA,18f98f31-a476-4844-8c98-fd5458b9713f
35afd8b463104e17be3c1e567f4574d4,T_7P299,EL HADJI BABACAR,DIEDHIOU,H,02/03/04,Bignona,2ca38955-1375-4f48-9d0f-5776d5f35aaa
849ed571d5c14e96bfc5dd512dc79109,T_7DE9V,JEAN PHILIPE,BADJI,H,15/01/06,PIRAN,18f98f31-a476-4844-8c98-fd5458b9713f
5867c75113f143d6ab64fbce6085293e,T_9R4UG,CECILE CHARLONE,SAGNA,F,16/06/08,BIGNONA,89bcf47f-c492-4d35-976d-7a5035097b7a
4f450f43c3304abdbef8a86504c3cb41,T_JAW4E,BERTH CAROLE,BADJI,F,27/07/06,BIGNONA,c12b5b2d-8b8b-4274-9fbd-8d38d7bca536
48194f9c843a421fa9b88072fd8aa3e9,T_H867A,MOUSTAPHA,BADJI,H,05/06/09,BIGNONA,c12b5b2d-8b8b-4274-9fbd-8d38d7bca536
e8a7fc37c0844128beb40416a3e9082a,T_9G29J,DAME,LOME,H,04/09/11,KILINKO,e3d13f36-bd71-4331-a639-466801f7abb5
363cd61225094506a1daf80d22cf7737,T_7227R,ABDOU,DRAME,H,20/04/04,Bignona,e3d13f36-bd71-4331-a639-466801f7abb5
3f9d5257508444e09a3f34d45c165adc,T_E93PM,OUMY,CAMARA,F,25/12/06,OUDOUGCAR,3778ae72-a8dc-4f7e-912e-50c1b49d0c97
747c930efb564346939a7a690fedc1ee,T_MKDK7,DIANKE,DIARRA,F,27/06/07,BIGNONA,e70b56e4-3115-4898-8e8d-236c0c5e5f86
381f1af2ff244294af571a6acd7e601f,T_KW2P2,IBRAHIMA,DIEDHIOU,H,27/08/09,TENGHORI,3778ae72-a8dc-4f7e-912e-50c1b49d0c97
2712c28146a24db2a97a96ccab90b30b,T_R9B6J,MOUSTAPHA,SAMBOU,H,07/06/11,BIGNONA,e70b56e4-3115-4898-8e8d-236c0c5e5f86
2d5c91eb1ebc43d2bf6439d4310dc975,448WCMDF,AIDA,SANE,F,05/09/06,BIGNONA,3778ae72-a8dc-4f7e-912e-50c1b49d0c97
52a36d031c564de6a2bbd1f41de9e8ab,8FTCG89B,BOURAMA,SANE,H,10/01/11,DIAFILON,e3d13f36-bd71-4331-a639-466801f7abb5
7c064f25fbad426fbbcd86f032b8d46e,3GQTF78M,ISSA,BASSE,H,12/10/10,BIGNONA,e70b56e4-3115-4898-8e8d-236c0c5e5f86
86c675f11b7f483886dac1e98a07e905,T_V8E9D,DIENEBA,SONKO,F,18/01/04,SIMBANDI BOURASSOU,89bcf47f-c492-4d35-976d-7a5035097b7a
9291fab0344b4429b9fcbd3906ac7454,T_D4EGU,OMAR,COLY,H,05/03/11,BANDJIKAKY,174c812e-2a3f-46ef-94d2-3c56c0cfa1e8
bd5c68462ea04deb88604d8ad0372959,T_FPBFU,ISSA,BASSE,H,12/10/10,BIGNONA,18f98f31-a476-4844-8c98-fd5458b9713f
af354a93e89345ccbec020c0ca87be3a,T_9WEC3,THIERNO MAMOUDOU,DIALLO,H,28/02/06,BIGNONA,174c812e-2a3f-46ef-94d2-3c56c0cfa1e8
e489c0d16c434ae1bec8d8f2ab802082,T_AH6WC,KHADIDIATOU,BADJI,F,04/03/09,BIGNONA,c12b5b2d-8b8b-4274-9fbd-8d38d7bca536
b3a4524ff6e34f98b4dcb94174913f4f,T_KNCN8M,ISIDOR EDMOND,SANE,H,29/01/10,BIGNONA,ba5f3949-1ae7-438a-accd-ba6081488e49
28cbcec08c1046eba50753ddff622eaf,T_RWUAP,AWA,SAGNA,F,06/06/09,BIGNONA,18f98f31-a476-4844-8c98-fd5458b9713f
3fe1d4b4924b41c797fd34f3849ae549,4VC44J3U,SEYDINE ALIOU BADARA SADIA,SANE,H,21/04/11,DAKAR,89bcf47f-c492-4d35-976d-7a5035097b7a
0aa7a0ded7ab4ef7a741a0c8fe977c91,T_RGKKT,PENDA,BALDE,F,28/03/06,KOLDA,18f98f31-a476-4844-8c98-fd5458b9713f
a5b51d06724344d7a887c95642ce3757,T_KW92A,SAMSIDINE,SEYDI,H,06/03/07,BIGNONA,c12b5b2d-8b8b-4274-9fbd-8d38d7bca536
5a6c0f7d8db94d288889384e8d15eeb2,3X93JA3Y,ASSINE GNANO MAXIME ALKALI,ASSINE,H,09/03/11,ZIGUINCHOR,e3d13f36-bd71-4331-a639-466801f7abb5
16e4ed7f9b144010ac8259f1bc4ab1c8,T_3BCKE,EDGARE OLIVIER HURBAIN,COLY,H,14/01/12,BIGNONA,174c812e-2a3f-46ef-94d2-3c56c0cfa1e8
19dad4d799f0408aae29909e8f269016,T_TD99M,MOUHAMED IBRAHIMA,NGOM,H,14/04/07,NIORO DU RIP,18f98f31-a476-4844-8c98-fd5458b9713f
a027158162a04485810be737d09c81bb,T_BR6VT,CHEIKH,MANE,H,05/01/06,BIGNONA,18f98f31-a476-4844-8c98-fd5458b9713f
fdf21c3aa0034644af1f93c4a0202ce2,6WWEDH9M,KHADIDIATOU,SYLLA,F,10/12/08,BIGNONA,89bcf47f-c492-4d35-976d-7a5035097b7a
f9feefa1ed1e4b408ab0bbad2d25ace5,3NJTQ3XJ,MOUHAMADOU,SOW,H,04/08/11,KEUR MASSAR,ba5f3949-1ae7-438a-accd-ba6081488e49
cd64edccf1674c0db98930a4df4cf4fa,7FVHYVJK,ALIOU,DIATTA,H,01/11/09,BOULINDIEN,39d4c182-823c-4af2-af40-6b4606efeece
83fb0cdeaa7341ea8b21380fc53c295d,T_DND2VM,IBRAHIMA,DIALLO,H,18/10/11,BIGNONA,3778ae72-a8dc-4f7e-912e-50c1b49d0c97
2116afb468ef41f6831a83638d68fb7b,T_EFHFJ,MAMADOU LAMINE,KEITA,H,19/01/09,BIGNONA,39d4c182-823c-4af2-af40-6b4606efeece
96506b62ab9d4ac3b1e471c8e3f35290,T_3BCKE,EDGARE OLIVIER HURBAIN,COLY,H,14/01/12,BIGNONA,2ca38955-1375-4f48-9d0f-5776d5f35aaa
f4f3bede3e614847b5a2ead04c9a79f4,T_JEH28,OUSSEYNOU,BA,H,29/10/04,BIGNONA,174c812e-2a3f-46ef-94d2-3c56c0cfa1e8
65f31aac8c7a4ff6b43dcea5dbcf0915,T_UTRG7,DIARIETOU,KANTE,F,15/02/07,BIGNONA,3778ae72-a8dc-4f7e-912e-50c1b49d0c97
30a0f65e94734958ae721a9e2244038e,T_C7HK6,IBRAHIMA,DOUCOURE,H,17/04/06,BIGNONA,3778ae72-a8dc-4f7e-912e-50c1b49d0c97
7ad858c9cfa54f288e7cb7a1f835d991,T_87VCUM,IBRAHIMA,CISSOKHO,H,05/07/12,BIGNONA,c12b5b2d-8b8b-4274-9fbd-8d38d7bca536
33bafd15134b46c3b68253f9846b2355,T_EB884,IDRISSA,NDIAYE,H,07/02/03,Bignona,e70b56e4-3115-4898-8e8d-236c0c5e5f86
a9bbc90b356a468bb277d65a6bf27d71,6JWG6FPH,PAPE LHADJI BACARY,DIEME,H,09/09/11,BIGNONA,c12b5b2d-8b8b-4274-9fbd-8d38d7bca536
47deb14261a84b68bb8589ef378659e2,T_C9GWK,MAMADOU LAMINE,KONTE,H,15/06/07,BIGNONA,e70b56e4-3115-4898-8e8d-236c0c5e5f86
8d765694ae764990a40721b2c1ace4f3,T_7PG6BM,ELHADJI BABOU,NDIAYE,H,06/08/13,BIGNONA,39d4c182-823c-4af2-af40-6b4606efeece
8da92a666e824e6f9ca1180a6fdff9b0,T_KKDT8,MAMADOU,MANGA,H,10/08/09,TENGHORI,174c812e-2a3f-46ef-94d2-3c56c0cfa1e8
342a7fc171a44e889e91f6530c5bab68,T_M64VM,DIEYNABA,BADIANE,H,22/11/04,BIGNONA,e3d13f36-bd71-4331-a639-466801f7abb5
36199d4f288442a098b18f2de0fcb26c,T_KWF8U,MOUHAMADOU ALIOU,DIALLO,H,21/09/08,BIGNONA,ba5f3949-1ae7-438a-accd-ba6081488e49
cf2a27f44bac468282bf1f9779767d73,T_C6EU6,VIEUX MALANG,SANE,H,09/08/08,NIAGUE,3778ae72-a8dc-4f7e-912e-50c1b49d0c97
3e117eec52c4420db8b2d336eda782d7,6UTGMWVD,FATOU BINETOU,BADIANE,F,27/07/08,DIOURBEL,ba5f3949-1ae7-438a-accd-ba6081488e49
dd50fabe673b418dbc8ed095f9544293,T_6BFBJ,ALASSANE,DIALLO,H,07/02/07,BIGNONA,89bcf47f-c492-4d35-976d-7a5035097b7a
6a2b32b69937487da5c2a08074379636,T_BJPD4,SERIGNE FALLOU KASSE,SANE,H,10/02/08,BIGNONA,e70b56e4-3115-4898-8e8d-236c0c5e5f86
569699dcb21343c487572581e657fefd,6HJYMJN7,BABA,DIOUF,H,11/02/08,BIGNONA,e3d13f36-bd71-4331-a639-466801f7abb5
db2932cf45f8465693cf8f36ba3aff84,T_29AGP,AWA,DABO,F,01/12/04,DIAGNONDING,3778ae72-a8dc-4f7e-912e-50c1b49d0c97
cb62ddedb5c14686a258fd196494a371,T_MMUKJ,OUMOU KALSOUM,SAGNA,F,04/03/07,BIGNONA,2ca38955-1375-4f48-9d0f-5776d5f35aaa
b112660f2c234cb39722ea921a9dbc4d,6YDYPPPV,MAMADOU MALA,BA,H,06/01/11,BIGNONA,e70b56e4-3115-4898-8e8d-236c0c5e5f86
301347ac2659495396daa3fe02d22fea,T_9F6BB,SOULEYMANE,SANE,H,20/10/11,TENDIMANE,ba5f3949-1ae7-438a-accd-ba6081488e49
f4690a1e0b7341b98a63a71b012e373c,7YVG99KW,NDEYE AMI,DRAME,F,24/12/11,BOUNE,ba5f3949-1ae7-438a-accd-ba6081488e49
7b6a10d1afb741e4a19366bf1e66ad9c,T_RFD92M,MAMOUDOU,DIALLO,H,17/08/10,BIGNONA,e3d13f36-bd71-4331-a639-466801f7abb5
90f1d15c386c484fa8d0ec8f205dcd1a,T_CBBCB,ABBA,DIATTA,H,05/11/04,Bignona,e70b56e4-3115-4898-8e8d-236c0c5e5f86
74183bbdcd99422ba0661a4d8757f672,T_HAVH2,ARABIATOU,TAMBA,F,14/01/07,KEUR MASSAR,174c812e-2a3f-46ef-94d2-3c56c0cfa1e8
21d67d21f4394536ad511b0faae83738,T_P7HH4,MOUHAMADOU SADIO,CAMARA,H,21/01/04,Bignona,e70b56e4-3115-4898-8e8d-236c0c5e5f86
789a5b182dcf49d78449f1ae63791f65,6YNDYVN7,MOUHAMED LAMINE,TRAORE,H,18/01/11,BIGNONA,3778ae72-a8dc-4f7e-912e-50c1b49d0c97
b41c6d08c2934d96b1588503c9ef2416,9VRYP6TM,MAMADOU LAMINE,SAGNA,H,22/08/09,BIGNONA,18f98f31-a476-4844-8c98-fd5458b9713f
2d1b5dae394440f8be45c13fd694f1ea,6J9CXCPY,SAMBA,BADJI,H,04/04/11,TENGHORI,89bcf47f-c492-4d35-976d-7a5035097b7a
e92800d5cfa245958d04956bac9b1133,3CHY8XFB,MAIMOUNA COULIBALY,TRAORE,F,10/02/09,BIGNONA,e70b56e4-3115-4898-8e8d-236c0c5e5f86
d131c986182b46c198107bf15c6ec489,T_RN479,FATOU BALBINA,TOUNKARA,F,12/12/08,BIGNONA,e3d13f36-bd71-4331-a639-466801f7abb5
68870e20bc554022ad19685bc33422d0,T_D3F44M,SYLVAIN JEAN JACQUES,BADIANE,H,15/04/13,BIGNONA,18f98f31-a476-4844-8c98-fd5458b9713f
b75f858126ce46379feefbc898e33b4f,T_NW2NRM,MOUNTAGA,DIALLO,H,19/06/10,BIGNONA,39d4c182-823c-4af2-af40-6b4606efeece
703e6443b7e94e2496780d0bc03632cb,9HGNEM74,ABDOULAYE,SANE,H,06/07/12,TENGHORI,ba5f3949-1ae7-438a-accd-ba6081488e49
db8712d5bc2f47b3b1c21386ece6ada7,T_FJC42,SOULEYMANE,KEITA,H,01/02/07,BIGNONA,89bcf47f-c492-4d35-976d-7a5035097b7a
529468231bf448cf9f098c7cc1eff81c,T_K6FGE,AMINATA,SOW,F,09/04/08,BIGNONA,e3d13f36-bd71-4331-a639-466801f7abb5
aadd008a48b64a3c9b1fe3d557f0f0e9,T_242JN,ALIOUNE,BADJI,H,08/09/10,BIGNONA,39d4c182-823c-4af2-af40-6b4606efeece
c07e0a603f7a460c8dc081f394979d7d,T_8W6BC,BAKARY,GOUDIABY,H,01/01/09,BOUYEME,2ca38955-1375-4f48-9d0f-5776d5f35aaa
571115489c1c4580a7bf968b9ddc350a,T_VN6BF,MAMADOU,CISSE,H,16/10/07,SAREMBIROU,3778ae72-a8dc-4f7e-912e-50c1b49d0c97
658f9ba67a0f4393bdd5a899ddb4da00,T_G439W,MOHAMED FADEL,DIEME,H,10/01/05,BIGNONA,89bcf47f-c492-4d35-976d-7a5035097b7a
c8221dc97b5f48d3b7686238b5e473a2,T_JJRPP,SALOUM,SANE,H,02/08/05,BIGNONA,18f98f31-a476-4844-8c98-fd5458b9713f
137c0dcb7b2a4396b6f238ebc27ca209,T_UHJ69,EL HADJI MALICK,DIATTA,H,29/01/13,TENGHORI,3778ae72-a8dc-4f7e-912e-50c1b49d0c97
aafde8495942470e91460bb6daf7f6bc,T_HAVH2,ARABIATOU,TAMBA,F,14/01/07,KEUR MASSAR,39d4c182-823c-4af2-af40-6b4606efeece
0c00a52c0df744ca9087ccfe4fa9bc13,T_TJBW4M,BECAYE,DIAFOUNE,H,12/01/11,ABENE,89bcf47f-c492-4d35-976d-7a5035097b7a
f8d4b617792e4f2fbc9ca701f7b86947,T_CKBCC,FATOUMATA NACISSE,DIEDHIOU,F,01/01/05,Bignona,3778ae72-a8dc-4f7e-912e-50c1b49d0c97
1eec1279a8944de98a06ba8174438bf5,T_HTAAV,TOUSSAINT LEON,MANGA,H,30/04/07,BIGNONA,3778ae72-a8dc-4f7e-912e-50c1b49d0c97
e788af9a1f5f4d01b22aa593a07e1f4a,7EYAQUVV,MAMADOU YAYA TOUNKARA,CISSOKHO,H,05/02/11,BIGNONA,c12b5b2d-8b8b-4274-9fbd-8d38d7bca536
d22669b9a2a744adbe97cf9080523708,T_KWF8U,MOUHAMADOU ALIOU,DIALLO,H,21/09/08,BIGNONA,18f98f31-a476-4844-8c98-fd5458b9713f
a880519dacc74b66acf12a9b528a83b6,3M8WRG8B,ALIOUNE,BADJI,H,08/09/10,BIGNONA,3778ae72-a8dc-4f7e-912e-50c1b49d0c97
500d68bb061c44debb15aff89a5c21ba,T_EFKCB,TOURADOU,DAHABA,H,15/08/05,BIGNONA,e70b56e4-3115-4898-8e8d-236c0c5e5f86
f4b288a78b134bf985929b2c62a9621e,T_7THCR,MAIMOUNA,COLY,F,05/04/05,BIGNONA,18f98f31-a476-4844-8c98-fd5458b9713f
6f1da807cc6f4487b317d490f0e2169d,T_EM6HM,MANSATA,DIEME,F,06/02/07,BIGNONA,18f98f31-a476-4844-8c98-fd5458b9713f
8324666281394275a7251723b95414c3,8E4JKJFF,ALIOU BADARA,CAMARA,H,03/10/10,OUONCK,2ca38955-1375-4f48-9d0f-5776d5f35aaa
9038a0d3443f473eb20ec201f879fe61,T_FRBDT,SEYNABOU,SANE,H,25/01/08,OUFOULO,e3d13f36-bd71-4331-a639-466801f7abb5
2dcf9dfc97ed4a70a1f1da166a4b44f9,4GVRB7G7,IBRAHIMA,SANE,H,14/11/11,BIGNONA,3778ae72-a8dc-4f7e-912e-50c1b49d0c97
ec4661bd269f4843940e70bd34ccd450,T_427BU,SAOUDATOU,KANTE,F,04/04/06,BIGNONA,39d4c182-823c-4af2-af40-6b4606efeece
0d8a6dee313748ddbc7a8952ee2c37f3,T_4T9BT,MARIETOU CISSE,DIATTA,F,12/02/13,BIGNONA,3778ae72-a8dc-4f7e-912e-50c1b49d0c97
cb77daa7dce0419ab2f4b0112b2dd1e5,T_EHKMU,FATOU,KEBE,F,27/08/08,BIGNONA,89bcf47f-c492-4d35-976d-7a5035097b7a
12972cff2eb4414ea008d771287c4766,9VQQVGQ3,ABDOULAYE,DIALLO,H,29/12/11,BIGNONA,c12b5b2d-8b8b-4274-9fbd-8d38d7bca536
e68cd49780ef4225914b578aa001867f,6TG739GF,EDOUARD,SAGNA,H,30/04/09,DACAR,18f98f31-a476-4844-8c98-fd5458b9713f
14e1ede82c734991a10739e4f640e09f,T_V3MK9,CHARLES,GOMIS,H,20/08/08,DAKAR,3778ae72-a8dc-4f7e-912e-50c1b49d0c97
dccad332118642988884447fffd17daa,6WHEFAR6,CHERIF YANKHOBA,SANE,H,15/11/11,DIEDGOUNE,3778ae72-a8dc-4f7e-912e-50c1b49d0c97
61e3a61e997140ed99119cbd8aaf96d9,T_WGKF7,AWA,GOUDIABY,F,22/09/04,BIGNONA,ba5f3949-1ae7-438a-accd-ba6081488e49
f7a6e6757a9b43158d41b04b5e9d9c54,8T3AEBED,OLIVIER SIGOBE GEROME,COLY,H,11/01/10,TENGHORI,39d4c182-823c-4af2-af40-6b4606efeece
e52cc522335942ff82ddc6dcc5225313,T_UU4KC,ALIMATOU,SANE,F,15/07/06,BOUYAL,89bcf47f-c492-4d35-976d-7a5035097b7a
b76e2f5e9e9049aabafe93d165176559,T_6HWUD,ALI,DIALLO,H,16/06/10,TENGHORI,2ca38955-1375-4f48-9d0f-5776d5f35aaa
bf62fb9c632d4ec6a229677a821c9661,T_KUWUN,IBRAHIMA,MARIA,H,26/11/11,TENGHORI,39d4c182-823c-4af2-af40-6b4606efeece
73bc13ba711d401784cddc8f2da3a981,6GMB93V7,MAME ROSALIE JUSTINE,DIEDHIOU,F,01/01/10,BIGNONA,18f98f31-a476-4844-8c98-fd5458b9713f
5e11a6464757482da4036bcd3d741b1c,T_G3D9M,LAMINE,BODIAN,H,07/08/06,BIGNONA,3778ae72-a8dc-4f7e-912e-50c1b49d0c97
6ebb4a42035b48dd8ec7d49ebf33a01e,T_UTAUA,MOUHAMED NABI,DIATTA,H,25/04/07,DAKAR,2ca38955-1375-4f48-9d0f-5776d5f35aaa
e952c8afcc504c3986311ed40d4742ae,7C9GMUFU,JEANCHARLES,SANE,H,01/01/10,BIGNONA,e70b56e4-3115-4898-8e8d-236c0c5e5f86
87d5c22b9fa6465486ec3b1bd3aa8043,T_9VEGC,MARIAMA NGANE,GOUDIABY,F,26/10/04,RAO,174c812e-2a3f-46ef-94d2-3c56c0cfa1e8
60d1534a48f245c5b3416b751e72aee2,T_G3FHC,AWA,GOUDIABY,F,18/01/06,BIGNONA,39d4c182-823c-4af2-af40-6b4606efeece
ab3a5381b724486aa5ddb41b7210aec8,T_W89KV,ALIOU,COLY,H,12/02/10,TENGHORI,e70b56e4-3115-4898-8e8d-236c0c5e5f86
1915bc575dba450facf984093b72d46d,T_6CGE2,AMADY,BADJI,H,08/08/06,TABI,c12b5b2d-8b8b-4274-9fbd-8d38d7bca536
fd6955d80c0d4ffbab46a755a25b009c,T_DWMWW,ADAMA,GOUDIABY,F,18/01/06,BIGNONA,39d4c182-823c-4af2-af40-6b4606efeece
1ba670e0929c4e548ece5e1bb9396e28,T_VE8KV,BAYE ALY,NDIAYE,H,10/06/11,BIGNONA,2ca38955-1375-4f48-9d0f-5776d5f35aaa
f963500ca7c64cb9a5c537d1bbda9d81,T_CV9J2,MOHAMED,DIOP,H,18/08/02,Bignona,3778ae72-a8dc-4f7e-912e-50c1b49d0c97
49fd8c5f5e884387a0b613d1ac11bb78,T_JW73P,ANSOUMANA BOUBACAR JUBRAN,TALL,H,23/07/04,Kafountine,3778ae72-a8dc-4f7e-912e-50c1b49d0c97
62382448bc124102911e15d5e2c52771,T_2JADA,AMADOU OURY,DIALLO,H,10/05/06,BIGNONA,c12b5b2d-8b8b-4274-9fbd-8d38d7bca536
a4aa6651bdb844dab38292d98797af44,T_73B4F,AMY,WAGNE,F,10/02/06,BIGNONA,3778ae72-a8dc-4f7e-912e-50c1b49d0c97
5847e0ec787a4c92873556d9dd722bac,8KCVUAE9,CHEIH OUMAR,SAMOURE,H,08/03/12,BIGNONA,c12b5b2d-8b8b-4274-9fbd-8d38d7bca536
47328f2eb8b74c41bc7a99278ea31e50,T_3D8JK,KARFA,DRAME,H,03/09/11,BIGNONA,39d4c182-823c-4af2-af40-6b4606efeece
1db136b467e046ac82324833f1e318c9,T_H6G7J,OUMAR,SOW,H,12/04/08,BIGNONA,174c812e-2a3f-46ef-94d2-3c56c0cfa1e8
3754a600d32d4016bd88be8ce05038da,T_3P9TW,SOULEYMANE,SAKHO,H,05/05/09,BIGNONA,e3d13f36-bd71-4331-a639-466801f7abb5
515ee5dcea27480dbf714f22bc0a75ee,T_HGRUH,BOURAMA,SANE,H,10/01/11,DIAFILON,174c812e-2a3f-46ef-94d2-3c56c0cfa1e8
ee384e0f44d247aa9c68075604e6f9cf,T_EAGCM,MARIAMA,BADJI,H,05/04/08,DAKAR,e3d13f36-bd71-4331-a639-466801f7abb5
4d8bf395e3794afd991d36da4d0564ee,T_GHJC4,MAKAMANG LAMINE,HANE,H,24/05/07,PIKINE,ba5f3949-1ae7-438a-accd-ba6081488e49
299184b3f30840099176be88e07cb0fa,3QENCNNH,MAMADOU LAMINE,DRAME,H,15/07/11,BIGNONA,3778ae72-a8dc-4f7e-912e-50c1b49d0c97
0bf21d722f7445549aa6a20f4c55f856,T_AGRAU,ABDOULAYE,CISSE,H,01/02/06,DAKAR,3778ae72-a8dc-4f7e-912e-50c1b49d0c97
40b4ff02ec134842bb96127ffb178c89,T_A9NV3,SECKOU JUNIOR SONKO,COLY,H,18/03/11,BIGNONA,89bcf47f-c492-4d35-976d-7a5035097b7a
b3d5b2716c6c4d75ac607a1551eb8bd8,T_8WNUAM,THOMAS VINCENT DE PAUL,SAMBOU,H,15/01/12,BIGNONA,e3d13f36-bd71-4331-a639-466801f7abb5
63a1a61220284a7e8d55e383ffffd42d,T_W3FTT,MATAR,SANE,H,20/11/05,DIAMAGUENE,18f98f31-a476-4844-8c98-fd5458b9713f
697998e7161e47a8a4de097fca6107dd,T_M7WM6,AISSATOU COULIBALY,DIEME,F,02/02/05,BIGNONA,39d4c182-823c-4af2-af40-6b4606efeece
16e6844e35ec42fdba42297d2e55cf55,T_7H6V8,LUCIEN JARDEL,DACOSTA,H,25/03/07,BIGNONA,3778ae72-a8dc-4f7e-912e-50c1b49d0c97
326f80575bd64f3586dd9ce458861095,3XXH9DJU,LAMINE,SANE,H,28/10/10,KOLDA,18f98f31-a476-4844-8c98-fd5458b9713f
43c745eb805b481782dc4da492de9e6d,9VRYP6TM,MAMADOU LAMINE,SAGNA,H,22/08/09,BIGNONA,18f98f31-a476-4844-8c98-fd5458b9713f
7ab840e72f8949e5a75634bf4db461da,T_EM6HM,MANSATA,DIEME,F,06/02/07,BIGNONA,ba5f3949-1ae7-438a-accd-ba6081488e49
5c27de11b5924c3b92a1eeb2ae56e0ce,T_PHDHU,KHALIPHA,MANE,H,21/01/08,DAKAR,3778ae72-a8dc-4f7e-912e-50c1b49d0c97
be030e8a964840ac91300bddbe7e16ba,T_7THCR,MAIMOUNA,COLY,F,05/04/05,BIGNONA,ba5f3949-1ae7-438a-accd-ba6081488e49
20d7a2c0af654b689b3aeb80782ec86f,9CPE3PKN,NDEYE KHADIDIATOU,SANE,F,26/01/08,BIGNONA,e70b56e4-3115-4898-8e8d-236c0c5e5f86
05b6a067ecc54e2da51685645f679020,8XWGMBGY,MOUSSA,CISSOKHO,H,09/04/12,BIGNONA,e70b56e4-3115-4898-8e8d-236c0c5e5f86
7817bac4c096483f9abf974fc21b01d9,T_4J4J4,SEYNI,DIALLO,F,10/12/06,BIGNONA,ba5f3949-1ae7-438a-accd-ba6081488e49
83d780cd0ca24d5f8b1f87c20691236c,T_3MDE7,SYLVIN DAVIDO,COLY,H,01/03/08,PIRAN,e70b56e4-3115-4898-8e8d-236c0c5e5f86
515919130d774ce99d29d38c96a1ed38,T_KNKMD,IBRAHIMA,KEITA,H,27/01/10,BIGNONA,c12b5b2d-8b8b-4274-9fbd-8d38d7bca536
5ce9f31d975d4ddca45853878f0c3976,T_N9NHM,IBRAHIMA,SANE,H,14/11/11,BIGNONA,e3d13f36-bd71-4331-a639-466801f7abb5
70ce856256044ccc8221a529d930d431,9CRE66FT,ALIMA,CAMARA,F,27/06/11,BIGNONA,174c812e-2a3f-46ef-94d2-3c56c0cfa1e8
eccb50cf5d694a1c9bd6ea050957ed12,3CHF6XJG,LALYA,DIEDHIOU,F,05/11/99,GUEDIEWAYE,18f98f31-a476-4844-8c98-fd5458b9713f
ec843cde9c1f40aab46f001fdb19e61d,8QH9KXDU,AISSATOU,KABO,F,16/03/10,BIGNONA,89bcf47f-c492-4d35-976d-7a5035097b7a
57ea62054aed4178a972495464d1ebaa,T_VCKJ9,NOUHA,DIEDHIOU,H,12/08/07,BIGNONA,18f98f31-a476-4844-8c98-fd5458b9713f
90be25eb92ab4cc79269eeb50f2e0116,8NGUKAMD,BACARY BOUBA,FATY,H,27/01/11,BIGNONA,3778ae72-a8dc-4f7e-912e-50c1b49d0c97
3cdd616b1c6a437d8d7c89f69f52a6b5,T_KME2HM,AWA FABIANA,COLY,F,10/05/13,BIGNONA,39d4c182-823c-4af2-af40-6b4606efeece
39be1de5a8574b6ebbcedef84283de05,7MRJXWCU,JEAN PIERRE BABACAR,COLY,H,25/06/99,BIGNONA,e3d13f36-bd71-4331-a639-466801f7abb5
cb4aaf75dc56481ab7022d841ef6dc1d,T_ENAK4,SEYNABOU,DRAME,F,30/04/06,BIGNONA,c12b5b2d-8b8b-4274-9fbd-8d38d7bca536
1eba25cbdec845fe8d6628d9b4ec51b0,T_6UADT,DEMBO,SANE,H,10/02/09,BIGNONA,3778ae72-a8dc-4f7e-912e-50c1b49d0c97
8dcf6a519d2d44dc963f6155ffcbc6dd,T_RPCND,KHADIDIATOU,BADIANE,F,24/06/08,ZIGUINCHOR,c12b5b2d-8b8b-4274-9fbd-8d38d7bca536
ef62d3a1939e4a3cbb39d4757ea8d753,T_WFEVP,YOUSSOUPHA,SANE,H,05/05/10,BIGNONA,ba5f3949-1ae7-438a-accd-ba6081488e49
2b919b28486a4155b278ef4c6cbd3bcc,8DMMMFE3,SOULEYMANE,SOW,H,15/02/07,BIGNONA,89bcf47f-c492-4d35-976d-7a5035097b7a
ab37d2c0cd254ba6bff28774217d1b7f,T_EFHFJ,MAMADOU LAMINE,KEITA,H,19/01/09,BIGNONA,39d4c182-823c-4af2-af40-6b4606efeece
577531a65e434956a6536f7488d5a3d0,9RH7R6E6,BACARY,DANSO,H,05/02/06,BIGNONA,39d4c182-823c-4af2-af40-6b4606efeece
5b7f3bce01534d82896cd2c41b93cb63,T_9G29J,DAME,LOME,H,04/09/11,KILINKO,2ca38955-1375-4f48-9d0f-5776d5f35aaa
f8d17b8863f1426885f37c2639d02482,T_A9NV3,SECKOU JUNIOR SONKO,COLY,H,18/03/11,BIGNONA,89bcf47f-c492-4d35-976d-7a5035097b7a
5687b482ab284dddb552ae5a5ec3ffea,T_R6AURM,ALIOU BADARA,DIEME,H,08/04/10,BIGNONA,174c812e-2a3f-46ef-94d2-3c56c0cfa1e8
6f4988d60b8c43879bbe8c4975ee1e42,T_V94UM,ASTOU,SAGNA,F,16/02/07,BIGNONA,e3d13f36-bd71-4331-a639-466801f7abb5
ecc24d4038a24d62b03772ecdf3ac687,T_4J4J4,SEYNI,DIALLO,F,10/12/06,BIGNONA,c12b5b2d-8b8b-4274-9fbd-8d38d7bca536
82aa27429ee844bca28f752e499c6716,T_KH4E6,BOUBACAR,DIENG,H,03/05/09,BIGNONA,c12b5b2d-8b8b-4274-9fbd-8d38d7bca536
cac476a84d7c4cc7bb3a0690ad752f8c,7AVBEVM7,MAMADOU MOUSSA,MBENGUE,H,04/04/12,BIGNONA,39d4c182-823c-4af2-af40-6b4606efeece
f2519f7652b84e16bf7ba0bd242fe074,7YVG99KW,NDEYE AMI,DRAME,F,24/12/11,BOUNE,e70b56e4-3115-4898-8e8d-236c0c5e5f86
e00662986f344b4d927cd58abc095338,T_FRBDT,SEYNABOU,SANE,H,25/01/08,OUFOULO,174c812e-2a3f-46ef-94d2-3c56c0cfa1e8
11685093c0954d579136c3815ddb6a58,T_6PUUW,FATOUMATA,CAMARA,F,31/05/08,OUFOULO,e70b56e4-3115-4898-8e8d-236c0c5e5f86
a82d30fc905b4f05a63e33eec941c888,T_4T9BP,MAMADOU,GOUDIABY,H,26/12/07,BIGNONA,2ca38955-1375-4f48-9d0f-5776d5f35aaa
7e92f017585a49ec9a1b344e1b511af8,8GUBWHTA,SANA,SAGNA,H,14/09/09,KAGNAROU,e70b56e4-3115-4898-8e8d-236c0c5e5f86
8110b2bc36664196b24448468414adb2,T_BHN89,MAMADOU SIRE,DIALLO,H,23/04/07,BIGNONA,174c812e-2a3f-46ef-94d2-3c56c0cfa1e8
7679118303e0489dbf2344abcb1010f9,7YVG99KW,NDEYE AMI,DRAME,F,24/12/11,BOUNE,c12b5b2d-8b8b-4274-9fbd-8d38d7bca536
7c304897c2fd43cf9c613354992bba97,T_W23BV,MOUSSA,DIEDHIOU,H,15/09/09,TENGHORI,3778ae72-a8dc-4f7e-912e-50c1b49d0c97
6e92236835bf4181bf2fac875b99aac6,T_JFV64M,ABDOU,NIANG,H,01/01/12,BIGNONA,e70b56e4-3115-4898-8e8d-236c0c5e5f86
9b8b9770815b4a758ff99f13be647c36,T_C3297,OUSSEYNOU,AW,H,02/04/09,BIGNONA,39d4c182-823c-4af2-af40-6b4606efeece
aac41bf8631a43899f4e53b8a6208ab6,7FBFKHDT,SERIGNE OMAR,SECK,H,10/02/07,BIGNONA,ba5f3949-1ae7-438a-accd-ba6081488e49
56fee490049b488dab9192d0b0b13553,6U8HMKBB,OUSMANE,TOURE,H,31/12/11,TENGHORI,e3d13f36-bd71-4331-a639-466801f7abb5
ce8ca51aba7044908519b4152534d77a,T_P6WD7,MOHAMADOU LAMINE,TRAORE,H,30/04/11,BIGNONA,174c812e-2a3f-46ef-94d2-3c56c0cfa1e8
9084f6b9e0224e43a6007f1fc732c490,T_427BU,SAOUDATOU,KANTE,F,04/04/06,BIGNONA,39d4c182-823c-4af2-af40-6b4606efeece
cefdf3edddbf4fcbaa1d00340476e1ac,T_G4H6F,SOULEYMANE DIOUNKOUNG,SANE,H,04/06/08,BIGNONA,18f98f31-a476-4844-8c98-fd5458b9713f
7248d0e8b9b948718174aaa34f8ca07a,7FVHYVJK,ALIOU,DIATTA,H,01/11/09,BOULINDIEN,e3d13f36-bd71-4331-a639-466801f7abb5
8ac5af623d9b40ac976e6890b1309833,4CVTVCHD,YOUSSOUPHA,DRAME,F,29/09/11,BIGNONA,ba5f3949-1ae7-438a-accd-ba6081488e49
f3372cd4417943be947337c5773140ec,T_CKTP8M,CHEIKH TIDIANE,TRAORE,H,18/09/11,BIGNONA,3778ae72-a8dc-4f7e-912e-50c1b49d0c97
ca0ee47dab5d459b9830b63398f5ae98,T_9THNH,LEOPOLD JAKOB,SAGNA,H,20/08/13,BIGNONA,174c812e-2a3f-46ef-94d2-3c56c0cfa1e8
85ac27b0732540b084723231b41bc479,T_EV8CV,OUSMANE,SALL,H,10/02/07,BIGNONA,174c812e-2a3f-46ef-94d2-3c56c0cfa1e8
8c898c125c4649148010c3c31d545b45,T_DND2VM,IBRAHIMA,DIALLO,H,18/10/11,BIGNONA,18f98f31-a476-4844-8c98-fd5458b9713f
74fa947f415448e5a9e964994e4c2765,8MHGUXET,NDEYE MAMA,MANGA,F,30/10/09,BIGNONA,18f98f31-a476-4844-8c98-fd5458b9713f
d9253ae088564cfd8d38556178698fc6,T_E66EJ,AISSATOU BOBO,BADJI,F,12/12/06,BIGNONA,18f98f31-a476-4844-8c98-fd5458b9713f
f12d998495cb43f98df8eed272dab066,T_HHD69,LAMINE DRAME,BADJI,H,24/08/06,BIGNONA,c12b5b2d-8b8b-4274-9fbd-8d38d7bca536
5fbc459729884eb5930b9fe4776a8b82,T_NNW7H,FRANCOIS ARNAUD,SAMBOU,H,07/02/09,BIGNONA,39d4c182-823c-4af2-af40-6b4606efeece
063514d2359f49318aa5e459012ae0e5,T_9DMM8,OUSMANE,TOURE,H,31/12/11,TENGHORI,ba5f3949-1ae7-438a-accd-ba6081488e49
6d4a9f0879664d688233aba64f7818f5,T_FEC6A,DAOUDA,KANTE,H,11/04/07,BIGNONA,18f98f31-a476-4844-8c98-fd5458b9713f
cad0ed8882fc49e1bfd0f113d4d15aa4,T_4GD94,SALIMATA,SAGNA,F,11/11/11,BIGNONA,39d4c182-823c-4af2-af40-6b4606efeece
1475ac70f8d240f49227d5e8c74281b2,T_FHNHB,MOUSSA,SIDIBE,H,18/02/12,BIGNONA,3778ae72-a8dc-4f7e-912e-50c1b49d0c97
c6e1802606f14af2861b7d198304d056,T_EWK9A,MARIAMA,DIEME,F,27/01/08,BIGNONA,2ca38955-1375-4f48-9d0f-5776d5f35aaa
65bfa2764b2948efa738417d21f91d3f,T_9UTNE,DADY IDRISSA ARINDE,DIATTA,H,30/12/07,DIATOCK,c12b5b2d-8b8b-4274-9fbd-8d38d7bca536
70d3a7a362904949b5f86b2cf5175122,T_R2VNF,MARIAMA,BIAYE,F,20/02/08,BOUMOUDA,2ca38955-1375-4f48-9d0f-5776d5f35aaa
87e81618d2fa4a009fa0af69fbde1cd2,6KMM6VA6,MAME SALY,SANE,F,03/05/08,BIGNONA,174c812e-2a3f-46ef-94d2-3c56c0cfa1e8
b39f5f1f2a5c43538ae0dab5df19f063,4JWFMP8G,SALIOU DIANG,DIALLO,H,02/09/11,BIGNONA,39d4c182-823c-4af2-af40-6b4606efeece
e8d3db86275946a7be01e1bdd2dbbe80,7AHEX6HF,BINTA,KOUYATE,F,10/02/09,BIGNONA,c12b5b2d-8b8b-4274-9fbd-8d38d7bca536
ab69f37539b246a598c288c4124142ba,T_ABEVD,MAMADOU SAIFOULAHI,DIALLO,H,11/02/09,BIGNONA,e70b56e4-3115-4898-8e8d-236c0c5e5f86
537861ae28e24ea4a5fca2ce896f0f80,T_24JDN,ASSANE,AW,H,02/04/09,BIGNOA,39d4c182-823c-4af2-af40-6b4606efeece
d02278a3faf044c6928c195d1a50fc18,T_28V76,FATOU,DIEDHIOU,F,12/03/06,FRANCOUNDA BODIAN,e70b56e4-3115-4898-8e8d-236c0c5e5f86
37015e633286476f8c85190c5607c3b7,9RHNB8NA,FALLOU,DIEME,H,23/02/09,BIGNONA,89bcf47f-c492-4d35-976d-7a5035097b7a
5869427f85444aacbfdf2ff4daebecb9,T_N69E9,BASSIROU,CISSE,H,19/09/05,OUSSOUYE,3778ae72-a8dc-4f7e-912e-50c1b49d0c97
52b05dc6884340d1ba0aa0cbd5112c9b,T_KGJPK,ABDOULAYE,BA,H,15/02/08,BIGNONA,3778ae72-a8dc-4f7e-912e-50c1b49d0c97
28e1f4e9e3cc4dbc85e542b6b1761ecc,T_C6EU6,VIEUX MALANG,SANE,H,09/08/08,NIAGUE,39d4c182-823c-4af2-af40-6b4606efeece
c3101d831e03483690b234bd20254be8,T_NKAED,MOUHAMADOU FALILOU MBACKE,SOW,H,04/12/08,BIGNONA,174c812e-2a3f-46ef-94d2-3c56c0cfa1e8
4ebbae7c93574c36aadc0bb2bd9fd787,6MN7YXRJ,ELIMINE BADJI,SALL,F,11/04/09,DODEL,18f98f31-a476-4844-8c98-fd5458b9713f
cd608f10772848fcb11b79fc682c3f42,T_W7BNJ,SOULEYMANE,SAMBA,H,23/12/04,DAKAR,39d4c182-823c-4af2-af40-6b4606efeece
f8b1f27358dc483c8158c9edc0ed0f00,T_E93PM,OUMY,CAMARA,F,25/12/06,OUDOUGCAR,174c812e-2a3f-46ef-94d2-3c56c0cfa1e8
014be34cf4914a5aa9444b7990ac67ba,T_DN3HE,ISMAILA,TRAORE,H,04/04/08,TENGHORI,18f98f31-a476-4844-8c98-fd5458b9713f
f7ab1976485e49deb85aa10f1a240355,7JYV6948,MARIE THERESE NANY,COLY,F,09/08/06,BINGONA,ba5f3949-1ae7-438a-accd-ba6081488e49
9f8c4d6e975b4adda4d0a9139865e3cd,T_9322P,AMADOU,BAYO,H,01/10/04,BIGNONA,e3d13f36-bd71-4331-a639-466801f7abb5
f4b248b731264b299b6d1a86154b40e1,T_NE6PH,ARABYATOU,KEITA,F,13/04/08,BIGNONA,ba5f3949-1ae7-438a-accd-ba6081488e49
0ff66af2dd90465fbe528ad8dd748ec4,T_KGT2E,JEAN PASCAL,SAMBOU,H,18/09/03,Bignona,e70b56e4-3115-4898-8e8d-236c0c5e5f86
50e946a2ca494c5aa96cd4bad20ffb22,4XWG368E,BECAYE,DIOP,H,05/09/09,BIGNONA,18f98f31-a476-4844-8c98-fd5458b9713f
8b020c82e22848d6a1502e568cc46152,T_HG7RB,AKEBE,DIATTA,H,08/12/05,BOUKOTTE DIOLA,e3d13f36-bd71-4331-a639-466801f7abb5
2ee3f618b95d481f9ecc2bd0c6df3149,T_E8UWN,ABDOURAHMANE,DIALLO,H,06/05/08,KOLDA,174c812e-2a3f-46ef-94d2-3c56c0cfa1e8
c7f8154048da4e75b640dd480e4e6d54,T_A4JB4,AISSATOU,DIATTA,F,21/02/08,BIGNONA,89bcf47f-c492-4d35-976d-7a5035097b7a
a7c904b055b34d56b6e51a4774cf785e,T_HU233,ADAMA OUDE,BADJI,F,22/06/11,BOUREK,e3d13f36-bd71-4331-a639-466801f7abb5
71b0afa9443245bb9196f0b49fadf70a,T_W38AJM,SEYNABOU,SANE,F,07/03/10,BIGNONA,39d4c182-823c-4af2-af40-6b4606efeece
fd1d25194a8e4723ad4d7d6a743644e9,T_V98E7,MAMADOU LAMINE,DRAME,H,30/11/07,BIGNONA,e3d13f36-bd71-4331-a639-466801f7abb5
c381f996b3f8454fbaafafc067b752bf,T_MAWNR,KADIA ANNA,DIALLO,F,04/02/06,BIGNONA,18f98f31-a476-4844-8c98-fd5458b9713f
86bfa2b32e164348bd00a8aa9bb15750,T_GEDEV,AMY NDIAYE,GAYE,F,27/01/07,BIGNONA,3778ae72-a8dc-4f7e-912e-50c1b49d0c97
f89f980a57094248b64feb118e62bb2e,T_CFN7R,BABACAR,NDIAYE,H,21/10/05,BIGNONA,89bcf47f-c492-4d35-976d-7a5035097b7a
013b6068171445488ddd27fbb097d54b,9ECMP3XE,ALIOU BADRA,BADJI,H,14/06/09,BIGNONA,174c812e-2a3f-46ef-94d2-3c56c0cfa1e8
b9ed0242962d41e2b479f57e7518afcc,T_84FTG,MARIAMA DIOULDE,DIALLO,F,06/02/07,BIGNONA,89bcf47f-c492-4d35-976d-7a5035097b7a
fdf064a13ad54e6bbdc5bc0ff8dd9928,T_NFNF2,MOUHAMED MALANG,DJIBA,H,27/10/06,DIAMAGUENE,18f98f31-a476-4844-8c98-fd5458b9713f
5e70dc7fa3ac4f999a58e8643248578e,T_2RWVF,MARIAMA,MANE,F,18/11/06,BIGNONA,89bcf47f-c492-4d35-976d-7a5035097b7a
a2f8cd532eb147cb8ae758c9854baffd,T_6WM37,OUSSEYNOU,SYLLA,H,20/05/08,BIGNONA,c12b5b2d-8b8b-4274-9fbd-8d38d7bca536
86ac4a9f87264e73a33b20a5f418337d,T_6N6NTM,SOULEYMANE,SAGNA,H,08/05/14,BIGNONA,c12b5b2d-8b8b-4274-9fbd-8d38d7bca536
08ab347e34254490a0f14b1d0dabf76c,T_WV8HHM,DAOUDA,BODIAN,H,30/10/12,BIGNONA,e70b56e4-3115-4898-8e8d-236c0c5e5f86
bfde5b7ea4fc439a9f5c039bf7bdc08b,T_R7ER3,MAME DIARRA,GAYE,F,01/10/11,DAKAR,e3d13f36-bd71-4331-a639-466801f7abb5
516d06a4f6e647ce9a3ca323dfdd032f,T_AJ6FM,AISSATOU,DIEBATE,F,10/11/09,DAKAR,89bcf47f-c492-4d35-976d-7a5035097b7a
72d0d3e885aa40dfa478ed9c98c1bc1c,7T9T9BM3,FAMARA,SANE,H,09/10/07,BIGNONA,c12b5b2d-8b8b-4274-9fbd-8d38d7bca536
d962a08c939d4fa38ecf9c63809316e9,8RAY39PY,PAUL JOSEPH LIBOIRE,MANGA,H,25/03/11,BIGNONA,3778ae72-a8dc-4f7e-912e-50c1b49d0c97
bdbef61f38884481b7b432f07729394a,4M8DVMBN,BINTA,DIEME,F,01/01/10,DAKAR,18f98f31-a476-4844-8c98-fd5458b9713f
e51c949c1c644990962e9b4d12e3b77e,T_NBUN6,CHEIKH,DIASSY,H,10/09/06,BIGNONA,2ca38955-1375-4f48-9d0f-5776d5f35aaa
706e058add734ba793d12a3310b016d4,T_G4GNN,COUMBA SADIO,NIASSY,F,09/11/07,BIGNONA,174c812e-2a3f-46ef-94d2-3c56c0cfa1e8
5eca2cea00654556b10c1f4b3434d918,8HY44NGJ,OIVIER FERDINAND,SANE,H,29/06/09,BIGNONA,e3d13f36-bd71-4331-a639-466801f7abb5
41cc262830524aeb9000b2af6085a98b,9WGRU9X3,BOUBACAR,DABO,H,24/03/12,SONKOCOUNDA,2ca38955-1375-4f48-9d0f-5776d5f35aaa
2a56f833ae834adf8603250cfe9d73da,6T4BXXM9,HABIB,KASSE,H,17/10/09,BIGNONA,89bcf47f-c492-4d35-976d-7a5035097b7a
fbcccd1a36494620ae33aba031d18e64,T_WDNFH,GNIMA,SAMBOU,F,13/10/04,MANDOUARD2,174c812e-2a3f-46ef-94d2-3c56c0cfa1e8
f10d76033392487f9767b7b5ae4d920e,T_V3G82,SOUADOU,DIALLO,F,25/12/10,BIGNONA,2ca38955-1375-4f48-9d0f-5776d5f35aaa
7942e9912cff4115ab3fec9a662f9e5b,T_RNGCCM,AISSATOU,BA,F,13/02/13,BIGNONA,89bcf47f-c492-4d35-976d-7a5035097b7a
cb8eadabb2c14de6a9f9296379064753,T_CAURC,BINETA,FATY,F,15/03/09,DIAFILON,ba5f3949-1ae7-438a-accd-ba6081488e49
20dc86a042414e9da002d9f5f8d8b797,8X9UQDBR,DAOUDA,NDIAYE,H,24/08/09,NDIATHIANG,e3d13f36-bd71-4331-a639-466801f7abb5
f82d93d26f074315a5e19ef0ecc8181d,T_FTGTU,FATMA SECK,DIAGNE,F,26/07/08,RUFISQUE,e70b56e4-3115-4898-8e8d-236c0c5e5f86
762fda3be6a848edb3bbcd8a5c5794e6,T_2M7GA,ABDOUL AZIZ,DIEME,H,05/05/14,BIGNONA,174c812e-2a3f-46ef-94d2-3c56c0cfa1e8
4106deff85c44a168d6a8c4947bbd587,T_AGRAU,ABDOULAYE,CISSE,H,01/02/06,DAKAR,18f98f31-a476-4844-8c98-fd5458b9713f
50751fb5b45347b495b64086f54ac75c,T_F267J,BOUBACAR,BA,H,14/06/08,DJIGUINOUM,174c812e-2a3f-46ef-94d2-3c56c0cfa1e8
6bb9b6e8ab194763a234cfe58248826a,T_KDJB7,FATOU KINE,TOURE,F,03/03/10,SAMSAMBA,e70b56e4-3115-4898-8e8d-236c0c5e5f86
bd4728a2042c4c3399db30a2d7faf788,T_MUHTF,MOHAMADOU MAHDY,CISSE,H,08/10/03,Bignona,e3d13f36-bd71-4331-a639-466801f7abb5
127fecf7be0e4021baaf7ebf97ea0631,T_7DBUG,DIEYNABA,KORBOUNG,F,12/07/06,DJIBANAR,3778ae72-a8dc-4f7e-912e-50c1b49d0c97
ae71794a7aab44bfb7605b2bda437a7e,T_8VDW6,ALIOU PAITY,SANE,H,08/11/06,BIGNONA,39d4c182-823c-4af2-af40-6b4606efeece
81bf96725efa49bf92921c684925d17f,T_W8K26,AWA,SAGNA,F,26/07/11,BIGNONA,c12b5b2d-8b8b-4274-9fbd-8d38d7bca536
6e3ec519cd454ef9b53a133da3134754,T_THGKP,AISSATOU,BIAYE,F,18/02/06,BIGNONA,89bcf47f-c492-4d35-976d-7a5035097b7a
67b0b82d5e94453aa2403022f9a12e96,T_TT9P3,SIRA,BALDE,F,13/12/06,BIGNONA,39d4c182-823c-4af2-af40-6b4606efeece
9228b6d7084d4433a6ae98f7765d6e25,T_PFJ29,AWA,SANE,F,26/02/05,BADIOURE,18f98f31-a476-4844-8c98-fd5458b9713f
c0b991f9c0f9427a95c60f4d01641a22,T_BR4G7,ADAMA,CISSE,F,10/01/06,BIGNONA,174c812e-2a3f-46ef-94d2-3c56c0cfa1e8
7cfdb082f5df4b16b0b6db4ef9b650dd,T_V9NME,DJIBRILE SADIO,DIOP,H,24/12/07,TENGHORI,e70b56e4-3115-4898-8e8d-236c0c5e5f86
b0ea21e8fbde4fb4b7444c114a67aadd,3NJVWUEQ,IBRAHIMA,DIALLO,H,08/11/08,BIGNONA,ba5f3949-1ae7-438a-accd-ba6081488e49
e286729ef4d74e2785acc36946ddd5c9,9KW4KMDH,MAMADOU LAMINE,GOUDIABY,H,29/01/07,BIGNONA,e3d13f36-bd71-4331-a639-466801f7abb5
170d13ba123f4870a2271846ff323a87,T_VJCBV,SYLVIN DAVIDO,COLY,H,22/12/07,PIRAN,c12b5b2d-8b8b-4274-9fbd-8d38d7bca536
cc8887693f924343b8c8afb4608ad47a,4TC9CP9A,MAME MAODO MALICK,TAMBA,H,27/07/11,BOUNE,174c812e-2a3f-46ef-94d2-3c56c0cfa1e8
0afc93666af744799a3a09854fdcf01f,T_MMV77,ALAIN DIEUDONNE,SAGNA,H,18/09/07,BIGNONA,39d4c182-823c-4af2-af40-6b4606efeece
357b46e965744d7cb7333d7b2fac11b4,T_G3H4A,OUSMANE,SAGNA,H,01/01/08,THIAROYE SUR MER,e70b56e4-3115-4898-8e8d-236c0c5e5f86
faa56dcaf87f4f639eea558029f63161,4AEXXRWU,AISSSATOU BENTHE,DIALLO,F,31/12/10,TENGHORI,39d4c182-823c-4af2-af40-6b4606efeece
80eba03446a54bdcb8334432e01decbf,T_E6CF9,MARIAMA,KANTE,F,25/12/07,BIGNONA,174c812e-2a3f-46ef-94d2-3c56c0cfa1e8
f128d0d7b10f49db9a944924e876df3a,9MF3KXWE,AWA,SAGNA,F,26/07/11,BIGNONA,c12b5b2d-8b8b-4274-9fbd-8d38d7bca536
0dc48f98b694415c80536d820fb8d801,T_EWJN7,ALICE MARTA,SAGNA,F,03/03/03,Piran,e3d13f36-bd71-4331-a639-466801f7abb5
647eeb4885dd4f1aa950ff5ff7338234,T_9K8NH,THIERNO IBRAHIMA TABASKI,BIAGUI,H,12/02/05,BIGNONA,2ca38955-1375-4f48-9d0f-5776d5f35aaa
222bfb03323641029b54e0664b45e9da,T_338HM,KHADIDIATOU,BADJI,F,17/12/10,BIGNONA,c12b5b2d-8b8b-4274-9fbd-8d38d7bca536
2e769d8566114570902ab7d4fcbb5d55,T_MAA4B,FATOU,CISSOKHO,F,31/12/06,BIGNONA,c12b5b2d-8b8b-4274-9fbd-8d38d7bca536
0df13ddc76024ad087e1a88001758077,T_PE9P7,FATOUMATA,SANE,F,12/02/04,Bignona,ba5f3949-1ae7-438a-accd-ba6081488e49
7259945e5b434458a2cea833b8e79c02,T_VJEKH,PATRICIA ELISABETH,BADIANE,F,02/10/05,BIGNONA,e3d13f36-bd71-4331-a639-466801f7abb5
5b44306e42a348f7acf875bb31e192a5,T_VN8K4,YOUSSOUPH,MANGA,H,03/03/06,BIGNONA,e3d13f36-bd71-4331-a639-466801f7abb5
d7ec2afce3e64015a1a953c94902ff18,T_VHUPB,CESAR JUSTIN EDOUARD,COLY,H,05/06/08,PIRAN,c12b5b2d-8b8b-4274-9fbd-8d38d7bca536
d03928557b4b46b9aed388b0e54325ad,T_HRKG9,ANNA,BADJI,F,03/03/07,BIGNONA,ba5f3949-1ae7-438a-accd-ba6081488e49
b8b7be43785d4c029915b19f57bc99dc,T_A2MBM,PAPE SAMBA,DIEME,H,02/06/12,BOUNE,18f98f31-a476-4844-8c98-fd5458b9713f
9680688418ad4c9a96be3000f51fbab7,T_MDBVB,JEAN FIDELE,BADJI,H,18/09/06,KARTIACK,e70b56e4-3115-4898-8e8d-236c0c5e5f86
a066e4f04d7046a5b4e3ffbb3bd206fc,T_7PG6BM,ELHADJI BABOU,NDIAYE,H,06/08/13,BIGNONA,174c812e-2a3f-46ef-94d2-3c56c0cfa1e8
75d6223755434256a768599767c99e5e,T_6R749,TABARA,TOUNKARA,F,23/10/09,YEUMBEUL,2ca38955-1375-4f48-9d0f-5776d5f35aaa
6e5bbdfeb59f47199c858be6805e4f97,T_RD2RG,CECILE CHARLEINE,SAGNA,F,16/06/08,BIGNONA,89bcf47f-c492-4d35-976d-7a5035097b7a
2eea289cc2c8433787b3789c75fb5375,T_RCJKA,OMAR,COLY,H,20/06/06,GUINAW RAILS,39d4c182-823c-4af2-af40-6b4606efeece
b1669443d1d74c159c725588bfc57e35,T_JTFJ6,MAMADOU MALAL,BA,H,06/01/11,BIGNONA,c12b5b2d-8b8b-4274-9fbd-8d38d7bca536
4a40a753b4744263891b9165cbdac4b9,T_JG9MV,MAMADOU LAMINE (DAKAR),SANE,H,18/11/05,DAKAR,e70b56e4-3115-4898-8e8d-236c0c5e5f86
16de6fe903d94a64bea03d8d476f16f2,T_NUA8G,RAMATOULAYE PENDA,SEYDI,F,08/01/06,BIGNONA,89bcf47f-c492-4d35-976d-7a5035097b7a
6dfafc22534a42fdb1a74565101b6980,T_GANNC,IBRAHIMA,SONKO,H,10/01/07,SELETY,e70b56e4-3115-4898-8e8d-236c0c5e5f86
3ce14d0637b64df9afcafae1ac19f80b,T_DWMWW,ADAMA,GOUDIABY,F,18/01/06,BIGNONA,c12b5b2d-8b8b-4274-9fbd-8d38d7bca536
de9ceae2a92743db8f4c5a41b18b0673,T_ETJDK,MAME SIRE,SANE,F,04/01/09,KIGNINDING,c12b5b2d-8b8b-4274-9fbd-8d38d7bca536
d9c6f77fa99140999e108b358bb1548c,T_MRRV3,VIRGINIE,COLY,F,04/04/09,PIRAN,e3d13f36-bd71-4331-a639-466801f7abb5
5cf1ed6d9f574836ad7759d3777430a9,T_4MGK8,MICHEL GABRIEL,DIOU,H,03/10/06,BIGNONA,2ca38955-1375-4f48-9d0f-5776d5f35aaa
228f0168e5254f2ea06df7540e9e614c,T_U8UTV,FAMARA,SANE,H,09/10/07,BIGNONA,e3d13f36-bd71-4331-a639-466801f7abb5
217ac0ddaf604bc7a41b38bdff4319d6,T_WMEG4,FAYE DAME SECK,COLY,H,05/03/10,BINDAGO,39d4c182-823c-4af2-af40-6b4606efeece
46c4605d812642548d877d583b5f7a3f,3WJTXW8U,CHEIKH TIDIANE CHERIF,GUIRASSY,H,01/12/10,BIGNONA,c12b5b2d-8b8b-4274-9fbd-8d38d7bca536
b2c639848593459584c9a3c7c485f746,T_CN87D,ABDOU TALL,BADJI,H,03/05/06,BIGNONA,ba5f3949-1ae7-438a-accd-ba6081488e49
8846c37dce0e47988848bb0dbf6d8536,T_K6FGE,AMINATA,SOW,F,09/04/08,BIGNONA,c12b5b2d-8b8b-4274-9fbd-8d38d7bca536
9e4185f5d99648b9bab8dab059c1c2dd,6RD9B6GN,MALICK,NIANG,H,02/07/09,BIGNONA,c12b5b2d-8b8b-4274-9fbd-8d38d7bca536
41c0bc9c110c426eb9b9032b7cf55ac5,T_UKKJN,BILAL,NDIAYE,H,13/12/05,BIGNONA,18f98f31-a476-4844-8c98-fd5458b9713f
44bb2a698d38420a94360b931e4f7770,T_8VAF6,BACARY BOUBA,SIDIBE,H,30/08/06,BIGNONA,e3d13f36-bd71-4331-a639-466801f7abb5
52743a4c05f34c96a5daf973fff0642b,T_WMHDP,OUSMANE,DIALLO,H,26/11/14,TENGHORI,39d4c182-823c-4af2-af40-6b4606efeece
47878e4c1b9f47549f324e8ccd8bc1c9,T_C8CTV,CLEMENCE,BADJI,F,27/10/06,BINDAGO,e3d13f36-bd71-4331-a639-466801f7abb5
6c57446560e6464ebe55b27e5f100d8a,T_3R9DD,GNIMA,KEITA,F,09/02/10,BIGNONA,ba5f3949-1ae7-438a-accd-ba6081488e49
7689c618427f4e40bd45bfaeb3b5c5f0,8BBXM3V6,TAHI,DANSO,F,23/07/11,BIGNONA,18f98f31-a476-4844-8c98-fd5458b9713f
4aaace4aa02e4480b0a55dbcc7560936,T_84FTG,MARIAMA DIOULDE,DIALLO,F,06/02/07,BIGNONA,c12b5b2d-8b8b-4274-9fbd-8d38d7bca536
6edd38bc5c9c4f5bae089db194691364,T_RGKKT,PENDA,BALDE,F,28/03/06,KOLDA,2ca38955-1375-4f48-9d0f-5776d5f35aaa
8adf0095fcdc4ba29deffd29de7b39c1,T_3BHJJ,IBRAHIMA SARR,MBALLO,H,22/12/11,TENGHORI,18f98f31-a476-4844-8c98-fd5458b9713f
c04d8d66e03f4ba0869326de367e8426,8C68REXN,COUMBA,DIEDHIOU,F,12/01/09,WANGARAN,e3d13f36-bd71-4331-a639-466801f7abb5
1106718daf65434f9ab425276fd3995f,T_BE3V7,AMADOU,BADJI,H,19/10/06,ZIGUINCHOR,e3d13f36-bd71-4331-a639-466801f7abb5
9f10ff573f6442e3941d4a1e4d55ecde,T_CDFKE,BACARY,CAMARA,H,21/01/09,TENGHORI,89bcf47f-c492-4d35-976d-7a5035097b7a
a0811218933a45b190c42f0712094ae3,6P6YAMU8,SALIMATA,COLY,F,18/03/08,PIRAN,39d4c182-823c-4af2-af40-6b4606efeece
0755265f900e4dfe9052de3db6b48d18,T_3EH3C,CESAR,DIEDHIOU,H,19/05/12,KOUTENGHOR,e70b56e4-3115-4898-8e8d-236c0c5e5f86
3a8ee8303b26467cbdb4940e8d1cd61d,T_GM8NA,ABDOULAYE DJIBY,DIALLO,H,28/08/03,DAKAR,39d4c182-823c-4af2-af40-6b4606efeece
e8b6b2fbec2441f3b3c0a4ee2aac100e,T_AUNBF,RAMATOULAYE,DABO,F,12/04/08,BIGNONA,c12b5b2d-8b8b-4274-9fbd-8d38d7bca536
239c82740f454a76913779b720770f06,T_MM9EN,EDITH MARIETTE NOELLA,SAGNA,F,25/12/05,Piran,18f98f31-a476-4844-8c98-fd5458b9713f
ee8d3506876d48fbb0a43931bb4bab3b,T_N9T4H,FATOU BINTOU,CAMARA,F,16/09/09,BIGNONA,2ca38955-1375-4f48-9d0f-5776d5f35aaa
342019342bbc4e9690389e41e652bb6a,T_E2DWE,DIENEBA,GUISSE,F,01/12/11,TENGHORI,e3d13f36-bd71-4331-a639-466801f7abb5
38b68435e0fb4df68b82beea335a54dc,9B3FGM89,IDIATOU,DIALLO,F,27/07/12,BIGNONA,174c812e-2a3f-46ef-94d2-3c56c0cfa1e8
cd0de4ea23c64ec7a2f3bc9193451fbd,4U976EKD,SUZANNE ANAIS,BODIAN,F,14/09/08,BIGNONA,c12b5b2d-8b8b-4274-9fbd-8d38d7bca536
f158eadab2944c20b4ae59ebe4814ea0,T_N6C38,THIERNO,AW,H,26/03/06,BIGNONA,3778ae72-a8dc-4f7e-912e-50c1b49d0c97
a94ef464a1ff48938a65205d18f72c19,T_FGMBE,FANTA,KEITA,F,18/02/05,BIGNONA,e70b56e4-3115-4898-8e8d-236c0c5e5f86
ff37cc4a097c4feca464905a049bb198,T_FVMBB,NAFY,DABO,F,25/03/07,NDIAMA,174c812e-2a3f-46ef-94d2-3c56c0cfa1e8
743bfee1b95b435faeab03584fc8c778,T_TW3VF,CHEIKH,DIASSY,H,10/09/06,BIGNONA,174c812e-2a3f-46ef-94d2-3c56c0cfa1e8
33b2a4fe52e74f6f8d498c187d15a749,T_AD2V4,POUNADO,DIOUF,H,03/02/11,GUEDIAWAYE,18f98f31-a476-4844-8c98-fd5458b9713f
77c7961685224eed885f5af7d2748907,8FHU74XT,HASSIATOU,DIALLO,F,30/03/11,BIGNONA,e3d13f36-bd71-4331-a639-466801f7abb5
bd63b548f838408989e10379060f5da7,3FGQV7MY,NDEYE AMY,DIENG,F,13/08/10,BIGNONA,3778ae72-a8dc-4f7e-912e-50c1b49d0c97
ea5031dece004dc197ef551330a24197,T_P3T7U,IBRAHIMA,DOUCOURE,H,28/04/06,BIGNONA,89bcf47f-c492-4d35-976d-7a5035097b7a
e9b702e1f0f44e509b23404577e4f73a,T_JMR4T,MAMY MBERY,SANE,F,22/01/09,SIANDIAN,e70b56e4-3115-4898-8e8d-236c0c5e5f86
07709645301c4504959ab2136e23801d,T_P236G,VIEUX SALOUM,DIALLO,H,22/04/03,BIGNONA,174c812e-2a3f-46ef-94d2-3c56c0cfa1e8
8ca0b4a28cec44edb6d1993ccf4392a8,T_BJPD4,SERIGNE FALLOU KASSE,SANE,H,10/02/08,BIGNONA,ba5f3949-1ae7-438a-accd-ba6081488e49
ac58211f00ec4234bb6cbfb1b6ef5b72,T_MUDK4,MAMADOU MOUSTAPHA,FATY,H,01/05/09,BIGNONA,3778ae72-a8dc-4f7e-912e-50c1b49d0c97
a16686ae7dc846b39781d1af36d7f6ff,T_DGTUT,CHEIKH TIDIANE,DIEME,H,03/08/06,BIGNONA,ba5f3949-1ae7-438a-accd-ba6081488e49
eb414431fe384f5bb831481ea68b534f,T_GK2UM,MOURATE,SECK,H,27/11/07,BIGNONA,39d4c182-823c-4af2-af40-6b4606efeece
4aa50311b265458bad70ff898c96b2fe,T_DHH9U,LAMINE,COULIBALY,H,10/01/09,BIGNONA,e70b56e4-3115-4898-8e8d-236c0c5e5f86
689ba118718846bca34fb2c3982e8291,8CV9HT8D,MAME DIARRA,DIOP,F,14/09/07,BIGNONA,ba5f3949-1ae7-438a-accd-ba6081488e49
68f15699ce1a4f259ffdb2f5041d34cc,T_2DMBEM,MOUSSA,CISSOKHO,H,09/04/12,BIGNONA,174c812e-2a3f-46ef-94d2-3c56c0cfa1e8
a0d9f43f9d784a2189c6b16ef1cacc50,T_4G277M,ALPHOUSSEYNI,TOURE,H,12/01/12,BIGNONA,2ca38955-1375-4f48-9d0f-5776d5f35aaa
04855f2efaa340bdb527de788a20eaef,T_GHJC4,MAKAMANG LAMINE,HANE,H,24/05/07,PIKINE,ba5f3949-1ae7-438a-accd-ba6081488e49
b71720cbaf71453e8c4e79e1acfa4fc3,4YYHKPWJ,SONA,BODIANG,F,13/09/06,DIOUBOUR,c12b5b2d-8b8b-4274-9fbd-8d38d7bca536
7c399cbd2b2b4b4f85d836e800ef8109,6MTMBY83,AWA,MANE,F,05/09/11,BIGNONA,e3d13f36-bd71-4331-a639-466801f7abb5
41ad437fc12d4c76a0faf5ec4b234856,3XXH9DJU,LAMINE,SANE,H,28/10/10,KOLDA,174c812e-2a3f-46ef-94d2-3c56c0cfa1e8
f8845f1a4d7d47a3924f7f6068ec32f0,6WJGDBEK,FATOU (MAMADOU),DIEME,F,06/07/10,KEFESSE,c12b5b2d-8b8b-4274-9fbd-8d38d7bca536
c49df27dffd549349bc82dbd2ff70c75,T_MMUKJ,OUMOU KALSOUM,SAGNA,F,04/03/07,BIGNONA,ba5f3949-1ae7-438a-accd-ba6081488e49
b836207964e94e82b3809cba64c2bb97,T_ARHGT,MOUHAMED FAYE,SECK,H,05/09/12,BIGNONA,ba5f3949-1ae7-438a-accd-ba6081488e49
7fbdc4680b714c9a990e5296d47eb0b3,T_929NA,PEDRO CHRISTIAN,GOMIS,H,25/03/05,BIGNONA,39d4c182-823c-4af2-af40-6b4606efeece
af3e4b41194c48738dfd88256ca5ca7f,T_9DBN7,MARIE THERESE,SAGNA,F,16/11/04,BIGNONA,89bcf47f-c492-4d35-976d-7a5035097b7a
a7a3f8b5b51c4852901bb05c6c81a972,T_DAU8G,PAPE SEKOU,DIALLO,H,28/12/08,BIGNONA,c12b5b2d-8b8b-4274-9fbd-8d38d7bca536
2d675ef6d24049b9bb3b75168ce2b63a,T_37MR2,AISSATOU,DIEDHIOU,F,25/04/10,KAMOYA BADJICOUNDA,18f98f31-a476-4844-8c98-fd5458b9713f
a2eddfee021547bcb09a143c97fbf7ef,T_MMMR3,BOUBACAR,DIEDHIOU,H,25/07/06,BIGNONA,e70b56e4-3115-4898-8e8d-236c0c5e5f86
96b981c86bc14d368df4e21e09a4344c,T_9ERJA,MARIAMA,DJIBA,F,15/01/07,BIGNONA,e3d13f36-bd71-4331-a639-466801f7abb5
f6eca99ae6b246b88beb694b5367caaa,8DHXC7MB,MANSATA,DIALLO,F,01/05/11,BARANDAMA,e70b56e4-3115-4898-8e8d-236c0c5e5f86
aef9ba8dc55f41e8bbcfeac3f8ca6d27,T_RPRBD,IBRAHIMA,SANE,H,19/07/11,PIKINE,e3d13f36-bd71-4331-a639-466801f7abb5
33dac9666ce24955a4ddc7b8c8866d55,T_JREPU,MAMADOU SENGHOR,SANE,H,25/05/11,KAGNAROU,174c812e-2a3f-46ef-94d2-3c56c0cfa1e8
bc88f8ff56574daa846f64dbbaf1d6da,T_U9UWW,FILY,SANE,F,01/08/07,DJINIPERE,c12b5b2d-8b8b-4274-9fbd-8d38d7bca536
ee76a26f857241ae978759136ab5fe59,T_EE64N,TIDA,MBAYE,F,30/11/04,BIGNONA,174c812e-2a3f-46ef-94d2-3c56c0cfa1e8
430a5022a44441b6b02d50ab267525a1,T_NFNF2,MOUHAMED MALANG,DJIBA,H,27/10/06,DIAMAGUENE,2ca38955-1375-4f48-9d0f-5776d5f35aaa
bf9c9a5bcb5c4438a23774ccc086f8c9,T_C9GWK,MAMADOU LAMINE,KONTE,H,15/06/07,BIGNONA,ba5f3949-1ae7-438a-accd-ba6081488e49
880bbe212f834115a7c19faed7e579a0,T_P7H9J,NDEYE ASTOU,NDIAYE,F,05/01/08,BIGNONA,c12b5b2d-8b8b-4274-9fbd-8d38d7bca536
8a48dd6e4a4f493e8ba3c5fb3cb357b1,T_4PR8F,MOUSSA,BADJI,H,18/02/07,BIGNONA,174c812e-2a3f-46ef-94d2-3c56c0cfa1e8
5c31118f1a4943bfa105f3085cc0420f,9KW4KMDH,MAMADOU LAMINE,GOUDIABY,H,29/01/07,BIGNONA,e70b56e4-3115-4898-8e8d-236c0c5e5f86
0dbb738b5f8c4ff1a2c109b0e2a138cf,T_6BBJK,MAMADOU LAMINE,SADIO,H,12/02/04,Bignona,174c812e-2a3f-46ef-94d2-3c56c0cfa1e8
d4da9449effc4f46a270b2be8f213dd8,T_VAHPB,ABDOULAYE,DIAGNE,H,16/07/10,BIGNONA,174c812e-2a3f-46ef-94d2-3c56c0cfa1e8
424ee03625524844ae62e81767c55eab,T_F267J,BOUBACAR,BA,H,14/06/08,DJIGUINOUM,3778ae72-a8dc-4f7e-912e-50c1b49d0c97
cb88ec40bc2549749d9d013067db66b9,7VDJMNAH,BOUBACAR FILIDIER,DRAME,H,29/10/09,BIGNONA,2ca38955-1375-4f48-9d0f-5776d5f35aaa
3318106ae8fd4002a13c1f6019d64ef5,T_C2KDAM,AISSATOU DIAIDIA,DIALLO,F,07/12/11,BIGNONA,e70b56e4-3115-4898-8e8d-236c0c5e5f86
aee28ab35e0446339cf991ea849221f0,T_D8TJJ,DJIBY,GOUDIABY,H,03/03/03,Bignona,2ca38955-1375-4f48-9d0f-5776d5f35aaa
d36fc1303efd45ddb32782bdf7e0a780,T_JERRM,AMPA SIMON,DIATTA,H,31/01/06,CAROUNATE,89bcf47f-c492-4d35-976d-7a5035097b7a
995fb4650ad8425991352fe890f0573b,T_7WAVG,BINTA ABOMA,COLY,F,03/05/05,COLOMBA,c12b5b2d-8b8b-4274-9fbd-8d38d7bca536
4bfe545dc7f245e99420b3ad15221975,T_VAGP3,ADAMA,DIEME,F,01/02/04,EGUILAYE,c12b5b2d-8b8b-4274-9fbd-8d38d7bca536
d40f210979764fcda298bb98ac6a764a,7AVBEVM7,MAMADOU MOUSSA,MBENGUE,H,04/04/12,BIGNONA,e70b56e4-3115-4898-8e8d-236c0c5e5f86
8d56fce459084d0ea0dd361641deb3c4,9VRYP6TM,MAMADOU LAMINE,SAGNA,H,22/08/09,BIGNONA,ba5f3949-1ae7-438a-accd-ba6081488e49
7b5f37f364954ddaaa50a3c419986676,T_RKJMBM,BABACAR,BADJI,H,08/01/10,OULAMPANE,ba5f3949-1ae7-438a-accd-ba6081488e49
be030e04f54344af8e7a3de7876bd44a,T_M4PTK,PASCAL SYLVA BALANKOUI,SAGNA,H,16/04/06,BIGNONA,e3d13f36-bd71-4331-a639-466801f7abb5
2b3ff081ef4942f7b502ff96cb723e2c,T_29AGP,AWA,DABO,F,01/12/04,DIAGNONDING,39d4c182-823c-4af2-af40-6b4606efeece
20e8cd48b7fc4c25a0c1ce3f390dd6fb,T_M63V3M,PAPE SOULEYMANE THIORO,CISSE,H,18/07/12,BIGNONA,2ca38955-1375-4f48-9d0f-5776d5f35aaa
173f46867fba4dca8910193ced776d04,T_9RJ42,CHEIKH OMAR,TOURE,H,04/12/06,BIGNONA,e3d13f36-bd71-4331-a639-466801f7abb5
ba137a2a0ca740f99eada24b3c6f9990,T_CJ9K9,MOHAMADOU LAMINE,BADJI,H,31/07/08,BANJUL(GAMBIE),2ca38955-1375-4f48-9d0f-5776d5f35aaa
c8f61d9e7c254149a924f02a0bc814dc,T_B6KA2,SOUKEYNA,CAMARA,F,24/12/04,Bignona,c12b5b2d-8b8b-4274-9fbd-8d38d7bca536
42fe903cb7fe4291b3a596736b6c047b,8CA9YPBF,BOUBACAR SIDY,COLY,H,22/09/10,KARTIACK,174c812e-2a3f-46ef-94d2-3c56c0cfa1e8
ee61953f4b7748018c4e2fd0a75f2c3e,T_E66P7,NAZAIRE,BADJI,H,19/06/07,DIOUROU,89bcf47f-c492-4d35-976d-7a5035097b7a
a0b9b239c4ff470c9824d3b2c85859d2,T_7DDV7,JEAN MAURICE,DIEME,H,26/02/13,DIOUROU,18f98f31-a476-4844-8c98-fd5458b9713f
9101a43b83ea4ec2b73d8e8e0aef32e5,T_3D4VP,OMER FIACRE ANDRE,BADJI,H,19/08/02,Bignona,e70b56e4-3115-4898-8e8d-236c0c5e5f86
47289701e8de4281ad70b1920126db30,T_7VG6F,RICHARD,DIEME,H,12/12/06,Bignona,89bcf47f-c492-4d35-976d-7a5035097b7a
0a42317de5674a648ffa7d9123d7a067,T_TGNHU,FAMARA,DEMBA,H,15/01/07,BIGNONA,c12b5b2d-8b8b-4274-9fbd-8d38d7bca536
c27835b5a85b4b0caf3540add1bf4f3e,T_9P4B2,MAME SALY,SANE,F,03/05/08,BIGNONA,c12b5b2d-8b8b-4274-9fbd-8d38d7bca536
b844b7e8d89d4264b9d2ca613ab977c2,8WEPEUCV,MAMADOU LAMINE,COLY,H,19/09/08,BIGNONA,174c812e-2a3f-46ef-94d2-3c56c0cfa1e8
d10af9b5fe4946dda229cf5be9a7d50c,4J68DHNQ,BOUBACAR,KONTA,H,30/01/11,BIGNONA,174c812e-2a3f-46ef-94d2-3c56c0cfa1e8
316fccc0a3744b8da11532e6a8b927d2,4DMV7KM9,MAMADOU,SANE,H,18/05/08,MARSSASSOUM,174c812e-2a3f-46ef-94d2-3c56c0cfa1e8
fa6cc1f8611e4ab5a774d333e44ceb37,T_GF67V,FATOUMATA BINTOU,NDIAYE,H,08/10/06,BIGNONA,174c812e-2a3f-46ef-94d2-3c56c0cfa1e8
a826e583e8bc4e66b76a4980e3a67c16,9VUDH4XB,MAMADOU,SAGNA,H,20/02/11,BIGNONA,174c812e-2a3f-46ef-94d2-3c56c0cfa1e8
86d705f8a0774ac5af0e32865f42c4ef,T_66WHK,APPOLINAIRE,BASSENE,H,06/08/09,BOUHOUYOU,174c812e-2a3f-46ef-94d2-3c56c0cfa1e8
f8f7cee1743f440299fb4b504a4cfa84,T_T6KE7,AMINATA,GOUDIABY,F,05/10/13,BIGNONA,e3d13f36-bd71-4331-a639-466801f7abb5
2ae23a19116e4008842eff14be6b06b6,T_KW8MB,ELISABETH BANNA,MANGA,F,25/03/13,MLOMP HAER,e70b56e4-3115-4898-8e8d-236c0c5e5f86
8216f8382fb74f3a94a027642e8c0f89,T_6NU4F,ALBERT,COLY,H,24/12/05,BIGNONA,3778ae72-a8dc-4f7e-912e-50c1b49d0c97
7a9183fcc0d64eda9753ddf8ae1711cb,T_VJMEM,RAMATOULAYE,SAGNA,F,21/06/06,BIGNONA,ba5f3949-1ae7-438a-accd-ba6081488e49
ef023ac930924776bfaa8ec5265216ac,T_U9UWW,FILY,SANE,F,01/08/07,DJINIPERE,39d4c182-823c-4af2-af40-6b4606efeece
81aeb27dedbe4e6b9690d1e2beec8265,T_7RRWE,ALIOU BADARA,CAMARA,H,03/10/10,OUONCK,c12b5b2d-8b8b-4274-9fbd-8d38d7bca536
0ce3df7640154d9a8837a85b9d6634c9,T_36MRU,PAPE SDIY,TOURE,H,09/07/10,BIGNONA,e70b56e4-3115-4898-8e8d-236c0c5e5f86
e44d0478ad0e48af97072886e8fec37c,T_4D4R4,NDEYE SOKHNA,CAMARA,F,04/05/06,BIGNONA,89bcf47f-c492-4d35-976d-7a5035097b7a
a018f857b99b412da3270ad53cebb6c2,T_762DP,NDEYE MAREME SODA,BODIAN,F,14/08/07,DIATTANG,39d4c182-823c-4af2-af40-6b4606efeece
a8abd69f6c6d4d3ea27f37089f48a85e,T_RJRBF,ASSANE,SANE,F,09/10/06,BIGNONA,e3d13f36-bd71-4331-a639-466801f7abb5
84c7415800224ac3b52d85c62bd17b36,T_TGNHU,FAMARA,DEMBA,H,15/01/07,BIGNONA,89bcf47f-c492-4d35-976d-7a5035097b7a
b00d91c268774778b1e0516f3a8b72a7,7C9GMUFU,JEANCHARLES,SANE,H,01/01/10,BIGNONA,2ca38955-1375-4f48-9d0f-5776d5f35aaa
986e3e2c8fe84155bdb3ce5faff68445,T_W38AJM,SEYNABOU,SANE,F,07/03/10,BIGNONA,ba5f3949-1ae7-438a-accd-ba6081488e49
f32376105ff14114a75de3bf56b4a011,T_GH4CG,IBRAHIMA,SAMB,H,31/10/11,NIAKOULRAB,c12b5b2d-8b8b-4274-9fbd-8d38d7bca536
571ff85baf6d442a9da3aeb6b2d94563,T_EWJN7,ALICE MARTA,SAGNA,F,03/03/03,Piran,89bcf47f-c492-4d35-976d-7a5035097b7a
829d9baca2b64415909b845b217a79aa,T_G3FHC,AWA,GOUDIABY,F,18/01/06,BIGNONA,2ca38955-1375-4f48-9d0f-5776d5f35aaa
f17ba8e9a5374e4aa008a411ac327a50,T_BT989,FANTA,CAMARA,F,09/09/07,BIGNONA,39d4c182-823c-4af2-af40-6b4606efeece
3ad2143c8d33498fadb7996289ecc086,T_VN8K4,YOUSSOUPH,MANGA,H,03/03/06,BIGNONA,39d4c182-823c-4af2-af40-6b4606efeece
a1beeb6094aa403097ffeedcd96c4485,T_D4EGU,OMAR,COLY,H,05/03/11,BANDJIKAKY,89bcf47f-c492-4d35-976d-7a5035097b7a
c98d7561f4ce4904ab8900c6a0ce4ca2,T_K6F8N,AWA DIA,DIEDHIOU,F,04/03/06,BOUREK,e70b56e4-3115-4898-8e8d-236c0c5e5f86
d915190d726649868ff617ac77468279,T_EUKTR,MARIAMA,DIOP,F,24/04/07,BIGNONA,3778ae72-a8dc-4f7e-912e-50c1b49d0c97
cb981b466f274bb182d3cca9ffbc9b7e,T_D67K7,NDEYE KHADIDIATOU,SANE,F,26/01/08,BIGNONA,2ca38955-1375-4f48-9d0f-5776d5f35aaa
fa372e11f8a6490a825e7038251d250d,T_7EWW9,OUSMANE,DRAME,H,24/09/04,Bignona,3778ae72-a8dc-4f7e-912e-50c1b49d0c97
d18e53297c2a4033beefd275b9f349a5,T_DPRPH,ADAMA,MANE,F,13/10/03,DIAO SIMACOUNDA,2ca38955-1375-4f48-9d0f-5776d5f35aaa
c5d4382761344c5dbef7310cb45e9622,T_6TPJH,ALPHA OUMAR,DIALLO,H,25/09/21,BIGNONA,ba5f3949-1ae7-438a-accd-ba6081488e49
5f3bb4b8bebe406d899bbb3ddb8abd0c,T_H6G7J,OUMAR,SOW,H,12/04/08,BIGNONA,39d4c182-823c-4af2-af40-6b4606efeece
2312ef08f8e849b1b43b26120ade0567,9F4TDQJH,AMINATA,MANE,F,11/05/06,BIGNONA,39d4c182-823c-4af2-af40-6b4606efeece
7615ebf3095d4bae84453d3cbc0dea6e,T_KNCN8M,ISIDOR EDMOND,SANE,H,29/01/10,BIGNONA,174c812e-2a3f-46ef-94d2-3c56c0cfa1e8
b57fab5326c646a1bc434707eb5a1a20,T_FVMBB,NAFY,DABO,F,25/03/07,NDIAMA,2ca38955-1375-4f48-9d0f-5776d5f35aaa
1f36d86e134d4667bf5915d423a05319,T_JAVBM,FELIX,COLY,H,08/06/08,BIGNONA,e70b56e4-3115-4898-8e8d-236c0c5e5f86
47aacbc5de9a433582bbe10b5f92f543,T_7JAUR,SALOMON DAVID,MANGA,H,06/03/09,BIGNONA,c12b5b2d-8b8b-4274-9fbd-8d38d7bca536
ebe4c138ad7d43efa7c45c493842e2ce,T_3KUPW,FATOU,MANE,F,28/05/05,BIGNONA,c12b5b2d-8b8b-4274-9fbd-8d38d7bca536
37823d7650a7445582d27de44c83144e,T_EWK9A,MARIAMA,DIEME,F,27/01/08,BIGNONA,89bcf47f-c492-4d35-976d-7a5035097b7a
84f4f6b8ce3e463cb093b6f2a51459a9,8PDM9M36,MOUHAMED,TOURE,H,07/10/11,KEUR BIRANE,89bcf47f-c492-4d35-976d-7a5035097b7a
79abfb2a195042929da9db2c095a023a,T_3D8JK,KARFA,DRAME,H,03/09/11,BIGNONA,2ca38955-1375-4f48-9d0f-5776d5f35aaa
cfaeb970d6d04273b1771899e69c5e69,T_67HVT,PIERRE EDOUARD,COLY,H,16/09/06,BIGNONA,e70b56e4-3115-4898-8e8d-236c0c5e5f86
6cf70cc6ddf94e4ebc573097c1cbe04b,T_P8MR8,MOUHAMADOU,SOW,H,04/08/11,KEUR MASSAR,e70b56e4-3115-4898-8e8d-236c0c5e5f86
fdb2a9ad94634450b183f3b99ec6c84a,T_MKJV4,HENRIETTE,NGOM,F,05/01/03,DAKAR,89bcf47f-c492-4d35-976d-7a5035097b7a
8c9f54d4eff241dd80ef8c04da7d84bd,T_DGTUT,CHEIKH TIDIANE,DIEME,H,03/08/06,BIGNONA,39d4c182-823c-4af2-af40-6b4606efeece
8dbe8704125b4411863a2038c2b3eac6,9FCVPAJC,MALICK,BADJI,H,13/04/09,DJILACOUNE,e3d13f36-bd71-4331-a639-466801f7abb5
bf59bfb9e7ea47ce862f75732d90d5eb,9RDT8PH6,FATOU,DIALLO,F,11/12/07,BIGNONA,174c812e-2a3f-46ef-94d2-3c56c0cfa1e8
4acae79747ef4e3da0f903bade30fc62,T_RAFPU,BARA,BATHILY,H,01/01/11,BIGNONA,89bcf47f-c492-4d35-976d-7a5035097b7a
526e8cb5af14499a879dc706926dca99,T_J7WDT,SADIO TOMBON,DIEME,F,25/11/06,EGUILAYE,e3d13f36-bd71-4331-a639-466801f7abb5
905085e7338b4cb08c2738d36973baa1,T_DN3HE,ISMAILA,TRAORE,H,04/04/08,TENGHORI,18f98f31-a476-4844-8c98-fd5458b9713f
8ae5e25dd23e46468b34f9f8f1d5bb06,T_B7AJF,TIDA,SAGNA,F,28/01/05,KOLDA,e70b56e4-3115-4898-8e8d-236c0c5e5f86
433a918bceed4329ab31b462003fbd4a,T_MARG9,FATOU,DIALLO,F,11/12/07,BIGNONA,ba5f3949-1ae7-438a-accd-ba6081488e49
047468ea781248ca82c6380a514e4c25,T_B2FRF,CHERIF,DIALLO,H,11/01/08,BIGNONA,39d4c182-823c-4af2-af40-6b4606efeece
8995e7aa6bd94227b8ec9d160880378f,T_4VNUJ,CHRISTOPH ARMAND,SAGNA,H,11/06/07,DIOUROU,18f98f31-a476-4844-8c98-fd5458b9713f
dcb17d914031475c8bf030c23d9cdbd3,T_3EH3C,CESAR,DIEDHIOU,H,19/05/12,KOUTENGHOR,89bcf47f-c492-4d35-976d-7a5035097b7a
31ebf21a9db84cca8dfae009a7aa3255,T_CA7HWM,ALIOUNE,TOURE,H,15/11/11,BIGNONA,e3d13f36-bd71-4331-a639-466801f7abb5
87ae85ca51ab434d8e2cbabd410d9fba,T_DBEKD,BRUNO AUGUSTIN BARNABE,DIEME,H,19/02/03,Bignona,18f98f31-a476-4844-8c98-fd5458b9713f
6b2391666f6a4c44855a70f6db2537a1,T_9D3JB,MOUSSA BALLA,SONKO,H,10/02/08,BIGNONA,c12b5b2d-8b8b-4274-9fbd-8d38d7bca536
ef56e45452654464945a5a3d17fbfeec,T_T477D,SECKOU,SANE,H,08/08/08,SIBICOUROTO,3778ae72-a8dc-4f7e-912e-50c1b49d0c97
a29d414608e0493e86c5f0861d8d02e7,T_CUM7D,NDEYE AWA,SANE,F,06/03/09,BIGNONA,18f98f31-a476-4844-8c98-fd5458b9713f
e96718a879484661a22648ae41793ff8,6HR9FRJY,VIRGINIE,COLY,F,04/04/09,PIRAN,89bcf47f-c492-4d35-976d-7a5035097b7a
47bd008ef7c94a4bb0bd1cc425a4786c,9YH4NHVE,SARATA,SAGNA,F,16/09/02,BIGNONA,89bcf47f-c492-4d35-976d-7a5035097b7a
41dc3f996f5a45759383c6df5e5c142e,9TRHHP8A,NDEYE,SANE,F,02/03/09,DJILONGUIA,18f98f31-a476-4844-8c98-fd5458b9713f
84ef1f7e9fe54de2908e5369327870c4,T_7V27E,NDEYE GNIMA,SAMOURE,F,26/12/06,BIGNONA,39d4c182-823c-4af2-af40-6b4606efeece
75cb402612bd4eb79a956ce8dccc859d,T_TUC6F,NESTORE ROLANDE,BADJI,H,22/01/04,Piran,2ca38955-1375-4f48-9d0f-5776d5f35aaa
d3345518c6f1430f8acf2b792ef28cb8,T_99TUW,ABDOULAYE,SANE,H,04/04/08,BIGNONA,18f98f31-a476-4844-8c98-fd5458b9713f
5aa40538fdd342a2bd3c415cabca7dd3,T_CN2T2,ABDOULAYE SADIO,SANE,H,10/06/07,BIGNONA,ba5f3949-1ae7-438a-accd-ba6081488e49
730a8cf139384c7099955d45461d3df4,T_37MR2,AISSATOU,DIEDHIOU,F,25/04/10,KAMOYA BADJICOUNDA,3778ae72-a8dc-4f7e-912e-50c1b49d0c97
1e69715802974b0a9da8f071f2a0e47b,8QMV7A8R,KHOUDIA,DIATTA,F,06/01/11,BIGNONA,3778ae72-a8dc-4f7e-912e-50c1b49d0c97
90d5b69e20af4a97beaf6b28935347e3,T_DJ9BD,LAMINE,CAMARA,H,25/02/13,BIGNONA,3778ae72-a8dc-4f7e-912e-50c1b49d0c97
2056714218f846b7969076b4cfd8fe6f,T_8WNUAM,THOMAS VINCENT DE PAUL,SAMBOU,H,15/01/12,BIGNONA,89bcf47f-c492-4d35-976d-7a5035097b7a
ec93f78d55b84c8fa707cf2ebadc6415,T_WU6ME,MARIAMA CIRE,CAMARA,F,01/07/06,BIGNONA,89bcf47f-c492-4d35-976d-7a5035097b7a
28de10e685ab4d6b81a7ab8cfa9314c1,T_WECER,FATOU DIARRA,SANE,F,03/03/09,DIAFILONG,39d4c182-823c-4af2-af40-6b4606efeece
20a8bbf63a984b9f8e4a82383f796e8a,T_9MN8B,MAMADOU,SAMBOU,H,16/06/04,Bignona,39d4c182-823c-4af2-af40-6b4606efeece
b9aa00985c0343e1bcac7d9389370ef6,T_RDEG4,AISSATOU DIALLO,SOW,F,04/11/04,Bignona,174c812e-2a3f-46ef-94d2-3c56c0cfa1e8
ca9e89220755488896ef0e87b0b7803f,3RWQEW66,SARATA,BADIANE,F,29/08/06,DAKAR,39d4c182-823c-4af2-af40-6b4606efeece
0501f4abbe054baa930ebcfb517d392c,T_UB92D,MOUHAMED,TOURE,H,10/09/09,BIGNONA,ba5f3949-1ae7-438a-accd-ba6081488e49
4815d234e1d9428e8192c65ce894557f,T_RKT6N,MAMADY,DIEDHIOU,H,19/02/14,BIGNONA,18f98f31-a476-4844-8c98-fd5458b9713f
f811b7838af54fb0b8ea207392aa3755,T_8AD6C,DAOUDA JUNIOR,GOUDIABY,H,02/05/06,Bignona,2ca38955-1375-4f48-9d0f-5776d5f35aaa
7fd4c13a44c340b2895fcc42d57488c7,T_VNFMT,ASSANE,SECK,H,01/03/07,BIGNONA,ba5f3949-1ae7-438a-accd-ba6081488e49
e201e7823be04cf29adb22f40cce30cd,T_W676U,SOULEYMANE,SAKHO,H,05/05/09,BIGNONA,89bcf47f-c492-4d35-976d-7a5035097b7a
81808071a06d4b079e98ede802e0b251,T_EHKMU,FATOU,KEBE,F,27/08/08,BIGNONA,ba5f3949-1ae7-438a-accd-ba6081488e49
8ecfe081c1ea426194b3c00ea83a5a72,T_T4NPH,SAFIETOU,MANGA,F,21/07/11,TENGHORI,c12b5b2d-8b8b-4274-9fbd-8d38d7bca536
b7ad07ea85b5468b8f71f696cfcc0374,4EKJXM74,ALEXANDRE,COLY,H,02/02/10,DIAMAGUENE,e3d13f36-bd71-4331-a639-466801f7abb5
c9093aaac0dc449ca264ef1ea95a67f4,3FC8MHFQ,ABLAYE,COLY,H,01/01/12,BIGNONA,ba5f3949-1ae7-438a-accd-ba6081488e49
072ceef099ed434db9fb0a48bb6b0147,3QENCNNH,MAMADOU LAMINE,DRAME,H,15/07/11,BIGNONA,ba5f3949-1ae7-438a-accd-ba6081488e49
3ababfcfb40544e49d003b6c815f0800,T_NKJRU,CHRISTINE GUINEGONDE,BADJI,F,04/02/06,PIRAN,39d4c182-823c-4af2-af40-6b4606efeece
b53c2e1124c745a4a4458f836d8dd698,T_R2398,FATOUMATA,DIA,F,10/05/03,Dakar,ba5f3949-1ae7-438a-accd-ba6081488e49
bd117445dc2c4a66aec0b2576a579aa4,T_28EDC,FATOU,DIALLO,F,04/09/06,BIGNONA,e3d13f36-bd71-4331-a639-466801f7abb5
79d475f897b54dc7ae412db08b7b15e7,T_GB29T,AWA,SAMBOU,F,05/02/05,BIGNONA,ba5f3949-1ae7-438a-accd-ba6081488e49
ced80a330e144593a9233488238aeb1c,T_C3W3N,CHERIF YOUNOUSSE,COLY,H,25/01/09,BIGNONA,2ca38955-1375-4f48-9d0f-5776d5f35aaa
89a899b7fb334b05b6fb497904ac7506,T_99TUW,ABDOULAYE,SANE,H,04/04/08,BIGNONA,e70b56e4-3115-4898-8e8d-236c0c5e5f86
bbb2f7e7313e49db84565b1262d6fc47,T_9F93D,MARIE LOUISE,DIEME,F,07/01/04,Bignona,2ca38955-1375-4f48-9d0f-5776d5f35aaa
bcb0887683e94aa2ac370d17a66a94ae,T_2JF9C,KODOU,BADJI,F,25/03/05,KOBA SELETY,39d4c182-823c-4af2-af40-6b4606efeece
ac65e3c9adcf4dbda957bf56d964c186,T_JB39D,PAPA ABDOU,TRAORE,H,08/07/06,BIGNONA,3778ae72-a8dc-4f7e-912e-50c1b49d0c97
76b575e3d36a4180b7b1e433e117bd0f,T_NF6T9,AMI,GOUDIABY,F,15/05/10,PIRAN,3778ae72-a8dc-4f7e-912e-50c1b49d0c97
60f737a66d7944ed848b42bb9f74cc66,3KUKRKA7,IBRAHIMA,DIATTA,H,29/09/07,BIGNONA,2ca38955-1375-4f48-9d0f-5776d5f35aaa
46f093dbba6540598bc956fabf838544,T_V3UJP,MARIAMA JACKY,BADJI,F,08/08/12,BIGNONA,174c812e-2a3f-46ef-94d2-3c56c0cfa1e8
fc965496e7a241c0ac3edef86a400260,T_6E6B6,MOUSSA,BADIANE,H,14/03/07,ZIGUINCHOR,e3d13f36-bd71-4331-a639-466801f7abb5
58d6cd22b9034bc0956229131b16712a,T_RPEFD,ELI LAURENT,COLY,H,13/06/07,BIGNONA,2ca38955-1375-4f48-9d0f-5776d5f35aaa
5bff2fca534348dd8f6eed1f2b63982e,T_WPNKT,ISAK RIGOBERD,MANGA,H,28/01/07,BIGNONA,3778ae72-a8dc-4f7e-912e-50c1b49d0c97
dad35cd7107f4b83a47d1c17c6f0a168,T_G4EBK,PENDA,KEITA,F,24/05/04,BIGNONA,18f98f31-a476-4844-8c98-fd5458b9713f
4757f9c29130493e902ca42dc22fc192,4PRKE6VX,MARIETOU,DIEDHIOU,F,14/04/07,MANDOUARD2,39d4c182-823c-4af2-af40-6b4606efeece
b8812b8577a44193adb4d6d0ab322ac2,4PN73CVQ,DJIBRIL,BOYE,H,12/01/10,BIGNONA,89bcf47f-c492-4d35-976d-7a5035097b7a
084eaa59830b460b9b2b9a543bdc55d3,6RNRTMA9,KHADY NDIAYE,GOUDIABY,F,18/10/09,KAGNAROU,e70b56e4-3115-4898-8e8d-236c0c5e5f86
47a0c1645b2b420a8514c358fad2a48e,T_BVHD8,FATOU FANTA,COLY,F,28/06/06,BIGNONA,89bcf47f-c492-4d35-976d-7a5035097b7a
f7f2c9de6dee460d977a41cba494f427,T_HFGED,FATOU,DJIBA,F,09/01/03,NDIAGNE,174c812e-2a3f-46ef-94d2-3c56c0cfa1e8
0304927d32a8464aa30fb1d24aed031e,T_TPBJU,SALIMATA,COLY,F,18/03/08,PIRAN,89bcf47f-c492-4d35-976d-7a5035097b7a
e3cc603b6d6548dd9144f6f2b0f2b470,T_9WEC3,THIERNO MAMOUDOU,DIALLO,H,28/02/06,BIGNONA,c12b5b2d-8b8b-4274-9fbd-8d38d7bca536
a65ba9749489407fb82a72439f7e7d33,T_6TH83,IBRAHIMA SOLY,SANE,H,09/02/12,THIES,e70b56e4-3115-4898-8e8d-236c0c5e5f86
71b9b85955f7499e8eec40f39a6286c7,T_VD27H,CHEIKH,DIENG,H,15/01/05,BIGNONA,18f98f31-a476-4844-8c98-fd5458b9713f
cdce18be0a4944b8acb2c63d5651821a,T_MVU8V,AWA,DIALLO,F,12/06/04,BIGNONA,89bcf47f-c492-4d35-976d-7a5035097b7a
d066feeabf854f5895c33fdc782bc703,T_N3T7F,ALPHA,DIEME,H,24/09/04,Bignona,c12b5b2d-8b8b-4274-9fbd-8d38d7bca536
7b093edd21d9472280e054e5c8670248,T_K7CA6,MAMADOU MOUSLIHOU,DIALLO,H,20/03/10,BIGNONA,e70b56e4-3115-4898-8e8d-236c0c5e5f86
e5023989cdb04bb0844325e1be975525,T_7N7RE,MOUHAMED,DABO,H,21/12/12,GUEDIAWAYE,e70b56e4-3115-4898-8e8d-236c0c5e5f86
447f28855b274f4bb17ec281f687df57,T_7E8AW,TOUMANY,CISSE,H,15/09/04,PIKINE,e70b56e4-3115-4898-8e8d-236c0c5e5f86
a7643d537fae4ca08ab8cd178d6e7660,T_G9EDV,FLORA EDWIGE DOROTE,BADJI,F,29/02/08,BIGNONA,89bcf47f-c492-4d35-976d-7a5035097b7a
841910d6863a4bcba0f86aad4c88511f,T_PWHVB,IBRAHIMA,DIATTA,H,29/09/07,BIGNONA,c12b5b2d-8b8b-4274-9fbd-8d38d7bca536
08e42f9a87f142409a29c59c9bee6549,T_46PDH,MAHMOUD,NIASSY,H,20/10/05,BIGNONA,2ca38955-1375-4f48-9d0f-5776d5f35aaa
cbb32446ad1148a0bcff2b7c1f15d567,T_RPNVM,BAYE LYME SEMOU,BANORA,H,16/03/04,Ziguinchor,e70b56e4-3115-4898-8e8d-236c0c5e5f86
2591d2d2567740018af580189d8c38e9,T_HBFFT,MA AWA,KONTE,F,08/04/08,BIGNONA,c12b5b2d-8b8b-4274-9fbd-8d38d7bca536
d03792765a5545e1b0686d4e8f0e990c,T_VHVGG,THIERNO SAMBA,DIAO,H,03/10/09,TENGHORI,e3d13f36-bd71-4331-a639-466801f7abb5
ea775e9d21e5432489b5e99da5451a70,7UQBVU6F,DALOBA,DIASSY,F,15/10/06,BIGNONA,3778ae72-a8dc-4f7e-912e-50c1b49d0c97
166c1e7242224d26a97e3cf5c88479c7,T_K4HBA,SIDYA,BADJI,H,16/12/13,BIGNONA,2ca38955-1375-4f48-9d0f-5776d5f35aaa
95fb86b3e69d4e9fba36d8cfb0ac6eb0,T_9DVAK,OUSMANE SECKOU,DIOP,H,16/03/06,BIGNONA,c12b5b2d-8b8b-4274-9fbd-8d38d7bca536
fee5237556f8415e8f5c21532f1ae1a9,T_R363P,MAKHAN,DANFAKHA,H,24/05/05,BIGNONA,3778ae72-a8dc-4f7e-912e-50c1b49d0c97
4880b2f5fbbc46a0954235273fd92e35,T_NP847,VICTOR,SAGNA,H,15/01/06,BIGNONA,3778ae72-a8dc-4f7e-912e-50c1b49d0c97
c6bf128d830c4795aa7362b163c23937,T_7TBWW,CHRISTINE BERNADETTE,COLY,F,06/05/09,SOUTOU,e3d13f36-bd71-4331-a639-466801f7abb5
3feeef5ecabf4a43828f1e8b230630b3,T_6RM9M,EDOUARD,SAGNA,H,30/04/09,DAKAR,39d4c182-823c-4af2-af40-6b4606efeece
5c9af74c235249b8b9d4e16f7d302eb4,T_NM2VH,SEYDOU,DIEME,H,02/03/13,BELAYE,e3d13f36-bd71-4331-a639-466801f7abb5
6aeffddf39444884a67136576a84bb24,T_WP6KU,BINTA,DIOCOU,F,12/08/03,Bignona,e70b56e4-3115-4898-8e8d-236c0c5e5f86
96caef671302468ba794b99fa7edd2c6,T_FWM32,ABOUBACAR KARAMO,CAMARA,H,25/10/06,BIGNONA,174c812e-2a3f-46ef-94d2-3c56c0cfa1e8
432b50d1d817461fb91333bb750ae857,T_RCTNC,NDEYE AMINATA,DIATTA,F,11/10/07,BIGNONA,e70b56e4-3115-4898-8e8d-236c0c5e5f86
b4941e3f7f2e46c4b1ddd95a3baa89fb,9Q8RWXUE,MARIAMA,DRAME,F,23/09/11,BIGNONA,c12b5b2d-8b8b-4274-9fbd-8d38d7bca536
93757850a1634a3fbc84020bf444693a,8X9TGMXY,SENEBOU,DIOKHANE,F,13/07/11,BIGNONA,ba5f3949-1ae7-438a-accd-ba6081488e49
7114a1b94e4b453fa3d4605bbb4b4b32,T_HTAAV,TOUSSAINT LEON,MANGA,H,30/04/07,BIGNONA,174c812e-2a3f-46ef-94d2-3c56c0cfa1e8
7b87a2aad1ae4e6daa2bec01081c5c24,3PHHYWYX,BINTOU,CISSE,F,01/04/06,BIGNONA,18f98f31-a476-4844-8c98-fd5458b9713f
a0b6aff651604e859b4f5ca2a8827849,8MPJWNM6,NGAGNE DEMBA,SOUMARE,H,26/11/10,BIGNONA,c12b5b2d-8b8b-4274-9fbd-8d38d7bca536
02c0e36e8c83465eb998c7919da9dc51,T_CCFFD,JULES PASCAL,DIEME,H,14/02/04,Bignona,89bcf47f-c492-4d35-976d-7a5035097b7a
b0a1f2f263b94df3a371c4220dfefade,T_NJ49U,NIALING,DRAME,F,05/05/09,NIAMONE,e70b56e4-3115-4898-8e8d-236c0c5e5f86
a9557363671c48e5bdfac9a74f27bf65,T_BKWJD,ALIOU BADARA,SANE,H,05/06/04,BAGAYA,89bcf47f-c492-4d35-976d-7a5035097b7a
06e447f54a5f43f0824970608b420990,T_GMJ2C,OUSSEYNATOU,BADJI,F,23/03/05,BIGNONA,174c812e-2a3f-46ef-94d2-3c56c0cfa1e8
9b55951b8050470282fe03dd790455ef,9VUDH4XB,MAMADOU,SAGNA,H,20/02/11,BIGNONA,e3d13f36-bd71-4331-a639-466801f7abb5
354a96e0487042a09fb8a16ff56487b6,6BCTYHNV,MOUSSA FATY,TOURE,H,23/03/10,BIGNONA,c12b5b2d-8b8b-4274-9fbd-8d38d7bca536
fd86964e52094452a188d377a643138e,9GNMJUKH,BANNA,DRAME,F,11/08/10,BIGNONA,3778ae72-a8dc-4f7e-912e-50c1b49d0c97
357481e0c8bd4cdfb64990e6bd246f6c,T_MAK4JM,ALIMA,DIAHITE,F,09/11/13,SILATHIAYE,174c812e-2a3f-46ef-94d2-3c56c0cfa1e8
7dc26c69f54b46c180a115f0b22c67c7,9YH4NHVE,SARATA,SAGNA,F,16/09/02,BIGNONA,18f98f31-a476-4844-8c98-fd5458b9713f
80bbc61ed63d4d0bbd01666a4e7043b3,T_MNBA7,OUSMANE,BODIAN,H,13/03/03,COUBANACK,e70b56e4-3115-4898-8e8d-236c0c5e5f86
1f1a0307b9dd4716a6ec07aa1d11a09b,T_4PR8F,MOUSSA,BADJI,H,18/02/07,BIGNONA,e3d13f36-bd71-4331-a639-466801f7abb5
f625f0760bbe4229a0613f24e28bc678,T_EAGCM,MARIAMA,BADJI,H,05/04/08,DAKAR,18f98f31-a476-4844-8c98-fd5458b9713f
744f1c4cc3424f0d8b7d4600b8876d06,T_B8RPK,CHEIKH TIDIANE AIDARA,MANE,H,15/05/03,DAKAR,39d4c182-823c-4af2-af40-6b4606efeece
791a17502c644df48dbdb605e9a3fc35,T_W6U4T,MOHAMED,DIOP,H,02/11/06,BIGNONA,39d4c182-823c-4af2-af40-6b4606efeece
c7fe127cd9874fb7b0384932c0328771,T_4K6DP,OMAR MATAR,TAMBA,H,11/06/09,BIGNONA,39d4c182-823c-4af2-af40-6b4606efeece
633cd46359184fd195a852101f6b27b7,T_9D3JB,MOUSSA BALLA,SONKO,H,10/02/08,BIGNONA,39d4c182-823c-4af2-af40-6b4606efeece
d764413af39c46ee9f6f378605b34aa2,6EQ4ACBP,MARIE LOUISE,BADJI,F,13/11/08,BIGNONA,174c812e-2a3f-46ef-94d2-3c56c0cfa1e8
7dc01838912f41fab628404996e941c7,9PDNK6XY,ALIOU,SAGNA,H,01/12/10,TENGHORI,2ca38955-1375-4f48-9d0f-5776d5f35aaa
539da18ad6784e788d37e60ffde536d4,T_7GNE7,FA SYLLA,SANE,H,20/05/07,MAROUGOUNE,c12b5b2d-8b8b-4274-9fbd-8d38d7bca536
62dbf6ec141f4167b8039dabaed0647d,T_U3DJJ,FATOU,SONKO,F,19/03/06,PIKINE,18f98f31-a476-4844-8c98-fd5458b9713f
7c5b1d860d024486ae81418e375bad67,T_RB6JH,FANTA,KAMARA,F,15/06/06,BIGNONA,3778ae72-a8dc-4f7e-912e-50c1b49d0c97
8dea094092254baf988a8988129bc2a2,T_KPV43,MARIAMA,GASSAMA,F,25/01/07,FRANCOUNDA DIOLA,89bcf47f-c492-4d35-976d-7a5035097b7a
3ea5d219d1d249a5a58e4affe4d207df,7NXBBBRM,MAME DIARRA,DIALLO,F,15/01/11,BIGNONA,e70b56e4-3115-4898-8e8d-236c0c5e5f86
f8b8887debb342a99db95e5ce6e4aa98,T_C2KDAM,AISSATOU DIADIA,DIALLO,F,07/12/11,BIGNONA,3778ae72-a8dc-4f7e-912e-50c1b49d0c97
ea8f2e169160400894ef5775a26aa452,T_JG9KP,SERIGNE SALIOU,COLY,H,18/02/04,Piran,e3d13f36-bd71-4331-a639-466801f7abb5
277b8883ac5f495c84592d6c8c546306,T_6W8PV,FANTA,BODIAN,F,08/12/06,BIGNONA,89bcf47f-c492-4d35-976d-7a5035097b7a
231a4d6f12ae4043b1c58c3f6bb9b3e2,T_PF492,ABDOU AZIZ,SANE,H,17/05/13,BIGNONA,39d4c182-823c-4af2-af40-6b4606efeece
1d5d2316dc76412e9471f2bf52ee694d,T_8232U,SEYNABOU,DIATTA,F,15/10/06,THIONCK-ESSYL,e3d13f36-bd71-4331-a639-466801f7abb5
221ce2b1862b41f09d8a4bfa2c02156f,T_VBNVB,DIALIKA,MANE,F,05/10/06,BIGNONA,39d4c182-823c-4af2-af40-6b4606efeece
bc8997fab456462482f38371f58207bc,T_UB76J,MAMADOU LAMINE,TAMBA,H,03/04/09,KEUR MASSAR,174c812e-2a3f-46ef-94d2-3c56c0cfa1e8
ac32de3306da4b338c39c29c0e554078,9VN733HK,AWA,MANGA,F,05/01/08,BIGNONA,18f98f31-a476-4844-8c98-fd5458b9713f
08403b2eff0144feb13a1f17c4f720ba,T_42H2K,LAMINE SENGHORE,BADJI,H,04/04/05,BAGAYA,3778ae72-a8dc-4f7e-912e-50c1b49d0c97
d53a4fdf4c8e4ab69bcb730ed7c3b469,T_FMVRN,MATHIAS ANSELME JACQUES,BADJI,H,14/10/06,BIGNONA,174c812e-2a3f-46ef-94d2-3c56c0cfa1e8
4cf66a11ee954612952ff31d963c335d,T_DW7TV,AISSATOU,DOUCOURE,F,15/03/05,BIGNONA,174c812e-2a3f-46ef-94d2-3c56c0cfa1e8
1d041fc0f73c4ac0aaf1ebac3e07d8d4,6XXKFW48,MARIETOU,COLY,F,23/02/08,BIGNONA,e3d13f36-bd71-4331-a639-466801f7abb5
3d92935f6ea14c27aedb04f8782753c3,6ED8Q94B,SAFIETOU,MANGA,F,21/07/11,TENGHORI,c12b5b2d-8b8b-4274-9fbd-8d38d7bca536
34562c2d7e3a414c82fa350d7fbb2da7,7MC6WWBM,AMADOU BASSIROU,BA,H,23/12/10,BIGNONA,174c812e-2a3f-46ef-94d2-3c56c0cfa1e8
26c4ab24dbe44e8ea2b668a78ee1b342,T_HUGHC,OUSMANE,DIALLO,H,04/05/13,BIGNONA,e70b56e4-3115-4898-8e8d-236c0c5e5f86
044c51fa48a946c7ad58e3a812183ea7,T_2N99V,GNIMA,DIAMBANG,F,28/06/04,BIGNONA,2ca38955-1375-4f48-9d0f-5776d5f35aaa
4d546aa1737e4d1cbfe5d47bfda71602,T_8WGCV,ALIOU BADARA,BADJI,H,14/06/09,BIGNONA,2ca38955-1375-4f48-9d0f-5776d5f35aaa
9bb5ffc0777c478189862f8ddb29fa53,8X3TFQ64,MAMADI,SAKHO,H,24/09/08,BIGNONA,e70b56e4-3115-4898-8e8d-236c0c5e5f86
ff84a6d7bba8424daea39ec4247c08e1,T_4HDMPM,YACINE DIA,SENE,F,08/12/12,BIGNONA,2ca38955-1375-4f48-9d0f-5776d5f35aaa
5429f9f9bc684844a54d1ee22f886af9,T_999EB,AMINATA,SANE,F,21/01/00,FRANCOUNDA,18f98f31-a476-4844-8c98-fd5458b9713f
ff71b7c8f449404d8ee9ef868a504453,T_GV9KE,BABACAR,GUEYE,H,25/11/06,DAKAR,2ca38955-1375-4f48-9d0f-5776d5f35aaa
81566215d7f84c068c7601ced72be8f2,T_T477D,SECKOU,SANE,H,08/08/08,SIBICOUROTO,c12b5b2d-8b8b-4274-9fbd-8d38d7bca536
7812f660f5704f89b029e39c56b5d563,T_3NNRR,MALICK,DIEME,H,17/04/07,BIGNONA,e70b56e4-3115-4898-8e8d-236c0c5e5f86
833ca4cc87884a259fc08a787207f956,T_VM4PF,MALAMINE,DRAME,H,06/07/03,Bignona,2ca38955-1375-4f48-9d0f-5776d5f35aaa
5cd23aa2c66f46938b329666b5558959,T_WGNPK,LYDIE CLAIRE FATOU KINE,BARRO,F,22/08/03,Bignona,ba5f3949-1ae7-438a-accd-ba6081488e49
2fabd074a070411b9fa45dc0e5573a3f,T_HRKG9,ANNA,BADJI,F,03/03/07,BIGNONA,ba5f3949-1ae7-438a-accd-ba6081488e49
b012b781174646c9987c67f4530f8bf6,T_P7ATP,GNIMA,BADJI,F,28/07/09,BIGNONA,18f98f31-a476-4844-8c98-fd5458b9713f
88cdd8f4646d470ba4066bae22f27026,4BCDAEHF,GNIMA,KEITA,F,09/02/10,BIGNONA,39d4c182-823c-4af2-af40-6b4606efeece
0b50edbb5fd347fa99725aecfe3aab88,4GVRB7G7,IBRAHIMA,SANE,H,14/11/11,BIGNONA,174c812e-2a3f-46ef-94d2-3c56c0cfa1e8
89c7b60075734fd590f31851893cb72b,T_6BTRTM,BERNARD,DIEDHIOU,H,11/03/11,BIGNONA,39d4c182-823c-4af2-af40-6b4606efeece
84b2548e5e48454285359ee7b315b5d3,T_GH28M,PAPE MALANG,MANDIAN,H,06/01/12,BIGNONA,39d4c182-823c-4af2-af40-6b4606efeece
7f49892f6eb64dd0bed834b4a1b95d04,T_P6AUE,MAME PENDA,MASSALY,F,03/12/03,Bignona,89bcf47f-c492-4d35-976d-7a5035097b7a
cefb256afbfc4c5da64bc44f0cbf416c,T_E28RJ,BABACAR,SANE,H,21/01/08,BIGNONA,89bcf47f-c492-4d35-976d-7a5035097b7a
757c30cf88544a0daf6b5f3034ee99b9,T_N2VVV,SIRA,SAGNA,F,10/10/09,GOUDOMP,18f98f31-a476-4844-8c98-fd5458b9713f
7d42b932bbe647fa8e43dd7632c93775,T_DWC4W,THERESE THIOUDA,SAGNA,F,12/01/08,BIGNONA,39d4c182-823c-4af2-af40-6b4606efeece
f49d6a588dd842798b10af62798a3b72,T_MP2KP,FATOU BINTOU,BODIAN,F,31/12/07,SEDHIOU,89bcf47f-c492-4d35-976d-7a5035097b7a
99b39561508b41e999e7c8890dbedf7f,T_F3EWJ,ROKHY,SAMBOU,F,04/04/11,BIGNONA,89bcf47f-c492-4d35-976d-7a5035097b7a
1438854433154abba4bc4a7c221068fa,6PB4JQUG,MAMADOU META,KANTE,H,15/02/09,BIGNONA,18f98f31-a476-4844-8c98-fd5458b9713f
bf0724d8c34e47cd82a0742227638777,6KXWKXPK,OUMAR,SOW,H,12/04/08,BIGNONA,3778ae72-a8dc-4f7e-912e-50c1b49d0c97
aa2e948aba3f45c08222e03418ce7bf4,T_CVJPW,MAIMOUNA,GAKOU,F,27/07/11,DAKAR,e3d13f36-bd71-4331-a639-466801f7abb5
6c80407cf34a4fbc8cdff888107c8d73,T_RN479,FATOU BALBINA,TOUNKARA,F,12/12/08,BIGNONA,39d4c182-823c-4af2-af40-6b4606efeece
7f8fee989eac48ec8275b69a4e9625a8,T_6E6B6,MOUSSA,BADIANE,H,14/03/07,ZIGUINCHOR,89bcf47f-c492-4d35-976d-7a5035097b7a
af4ba51b05c341dd9e0f4a7d1462b987,7PGAE3UA,SEYNABOU,SOW,F,24/01/09,BIGNONA,89bcf47f-c492-4d35-976d-7a5035097b7a
787c6ee99eb94bb0a3b9acbbf99a36e7,T_6GUGM,MOHAMED BASSIROU,DIATTA,H,05/01/10,DIATOCK,2ca38955-1375-4f48-9d0f-5776d5f35aaa
50c7584290b04a8fa449df7f42237723,T_DAMUF,AWA,TAMBA,F,02/01/04,Bignona,e3d13f36-bd71-4331-a639-466801f7abb5
e4c249df12d74bf1b5808c1949f7a9d4,7MKM9BXQ,MARIAMA,COLY,F,04/04/09,KATINONG,e3d13f36-bd71-4331-a639-466801f7abb5
9af88aeb75f04688af53a1a92e4a1d2d,4FJK6RRA,NDYE FATOU,TOURE,F,19/03/08,BIGNONA,18f98f31-a476-4844-8c98-fd5458b9713f
55361662bba944efb28893b6c47b9001,4R8YPF93,ADAMA OUDE,BADJI,H,22/06/11,BOURECK,2ca38955-1375-4f48-9d0f-5776d5f35aaa
8b16547c267546838e68a10b22a7a1f0,7QBDY6MM,JEAN DE DIEU,COLY,H,25/09/12,TENDIEME,89bcf47f-c492-4d35-976d-7a5035097b7a
f17bc7998bdb4048a0e466cf5b59d92f,3A6KVRVF,CELSTIN ASSIMBI,BADJI,H,12/08/10,BIGNONA,e70b56e4-3115-4898-8e8d-236c0c5e5f86
434d1667488f493b9e7cc2dd30de21bc,8PR4FA6H,AWA,SANE,F,22/03/08,KINDIONG,39d4c182-823c-4af2-af40-6b4606efeece
7d13a469464242baab95755f147fd0b3,8EPG4NGV,KHADIDIATOU,GUEYE,F,09/10/09,BIGNONA,39d4c182-823c-4af2-af40-6b4606efeece
bc07cd3504bc4cc48826e97650a7b067,T_JK2R7,ALIOU SOW,NGOM,H,12/11/05,BIGNONA,ba5f3949-1ae7-438a-accd-ba6081488e49
4bf9e7e8ffa14fd8b9118231d669d1a5,T_PT4ME,ASSANE,SAGNA,H,07/02/05,BIGNONA,c12b5b2d-8b8b-4274-9fbd-8d38d7bca536
0e04af31bb1d481fa5e37df1291fa97e,3UF8AXB3,KEWE,LOUM,F,08/03/10,BIGNONA,18f98f31-a476-4844-8c98-fd5458b9713f
aca30d2f90be4226a603e48b129bf6e2,T_PNW8H,PENDA NDIETY,GOUDIABY,F,25/10/13,BIGNONA,89bcf47f-c492-4d35-976d-7a5035097b7a
b5ccae9aeb624be2a5a22c916cfba844,T_HC4DC,SERAPHINE,SADIO,F,03/01/05,KARTIACK,e70b56e4-3115-4898-8e8d-236c0c5e5f86
1660e0e478004f58829ab261fae0ec4f,T_RM2NW,EL HADJI WALY SARR,BADJI,H,30/01/06,KATINONG,e70b56e4-3115-4898-8e8d-236c0c5e5f86
0176762b6ef1452f9341d1c4267458d1,T_VC9PT,ASSANE,COLY,H,03/01/99,Dianki,2ca38955-1375-4f48-9d0f-5776d5f35aaa
53ea458758b048b5b0d1d08c181d9f08,T_BM9HC,KHADIDIATOU,COLY,F,01/02/06,BIGNONA,3778ae72-a8dc-4f7e-912e-50c1b49d0c97
3bc504f7f8c9438081c6d3e43dca7a77,T_MWP3H,KHADY,FAYE,F,05/01/04,Bignona,c12b5b2d-8b8b-4274-9fbd-8d38d7bca536
e43831d5df294d7890648a0c8c292062,T_DN3HE,ISMAILA,TRAORE,H,04/04/08,TENGHORI,18f98f31-a476-4844-8c98-fd5458b9713f
bb334bb7785d4072a8ef7ff6723d5858,9J9KP99X,MASSAMBA,SECK,H,12/04/08,TENGHORI,89bcf47f-c492-4d35-976d-7a5035097b7a
54c6401338004db290d2a53ac805fd7d,T_VHG38,MARIAMA,SANE,F,31/10/04,MATANKIGNE,174c812e-2a3f-46ef-94d2-3c56c0cfa1e8
004fa39f132f4a8aa9d984640612998a,T_439FG,MOHAMED GUILLAUME,SONKO,H,04/04/09,BIGNONA,c12b5b2d-8b8b-4274-9fbd-8d38d7bca536
39d7bf2409104035b518b4a793f4bf7b,T_63MUB,BINTA,MANE,F,15/02/05,Bignona,e3d13f36-bd71-4331-a639-466801f7abb5
62bf00c97dff4250bff285e82108a416,T_8WNNA,AISSATOU MOUNDAW,MANGA,F,10/11/11,OUSSACK,e3d13f36-bd71-4331-a639-466801f7abb5
5588752664094c8bab7fb10d95a530a6,3PNC7YKP,FATOU,BADJI,F,11/12/08,BIGNONA,89bcf47f-c492-4d35-976d-7a5035097b7a
20cadd1ee0d541f6ade091f6e31b9341,T_JJRPP,SALOUM,SANE,H,02/08/05,BIGNONA,ba5f3949-1ae7-438a-accd-ba6081488e49
bda0343d5c8c47348df6c2cdceffbccd,T_V9TRT,AWA,MANGA,F,05/01/08,BIGNONA,3778ae72-a8dc-4f7e-912e-50c1b49d0c97
ce33e06621a24f3dadf3c4fc5bb6582b,T_AGRUW,SAMUEL DOMINIQUE,BADIANE,H,23/01/07,BIGNONA,89bcf47f-c492-4d35-976d-7a5035097b7a
70c83ce9445b4408936c6639da797132,T_4J6JE,SAFIETOU,BADJI,F,15/12/06,SINDIAN,e70b56e4-3115-4898-8e8d-236c0c5e5f86
1eb85e233fc146279b9156a0583b324f,T_2C7R8,IBRAHIMA,DIASSY,H,30/08/09,BIGNONA,39d4c182-823c-4af2-af40-6b4606efeece
3d3f5fe9c2f34b9691bb74a0ba12df0f,9HUXK3MV,MALANG,NADIAYE,H,04/02/11,BIGNONA,3778ae72-a8dc-4f7e-912e-50c1b49d0c97
5076b56ddd864d95b0020894f9b630b3,6XVTXTBU,SOUADOU,DIALLO,F,25/12/10,BIGNONA,18f98f31-a476-4844-8c98-fd5458b9713f
6b1a8c152a2f4282bdafa2390481c636,T_MMNBE,THERESE NICOLE,SAGNA,H,19/05/03,PIKINE,e70b56e4-3115-4898-8e8d-236c0c5e5f86
2e834686210849f99e7cf66f7edb86c4,T_WBDB7,AISSATOU,DIA,F,31/05/06,BIGNONA,3778ae72-a8dc-4f7e-912e-50c1b49d0c97
9d8bc2e85f03457aa45ce7b30a783023,T_4FH64,AMINATA,MANGA,F,04/11/07,YABOCOUNDA,39d4c182-823c-4af2-af40-6b4606efeece
c3550f5c63a9484daccdea409d1c74f6,T_W474A,AISSATOU,DIEDHIOU,F,05/03/07,BIGNONA,c12b5b2d-8b8b-4274-9fbd-8d38d7bca536
95b24039c19343c4862ef93efab9fcc8,T_7K6RP,YOUSSOUPH,BADJI,H,12/01/08,BIGNONA,e70b56e4-3115-4898-8e8d-236c0c5e5f86
5f7fedef36d548cb9170f5e2fb32fa81,T_DVNHM,DENIS,GOUDIABY,H,18/02/10,BIGNONA,c12b5b2d-8b8b-4274-9fbd-8d38d7bca536
6a8e08365baa417b9ae6f62a912237f4,T_H7RTU,INSA,SECK,H,02/08/11,BIGNONA,2ca38955-1375-4f48-9d0f-5776d5f35aaa
f41207ee5ceb458893944a37ff92bc62,T_7GDN7M,MARIAMA,MANE,F,20/08/07,BIGNONA,89bcf47f-c492-4d35-976d-7a5035097b7a
b3b3ad4303984ff787030df4eef694fd,T_WBFT8,PAPE ALIOU,DIEDHIOU,H,09/10/10,BIGNONA,c12b5b2d-8b8b-4274-9fbd-8d38d7bca536
86a74260de4048209f4209766f448b44,T_ARHGT,MOUHAMED FAYE,SECK,H,05/09/12,BIGNONA,ba5f3949-1ae7-438a-accd-ba6081488e49
6f7a6063048944f4a2e8c915774c2afb,T_NV4BP,BASSIROU,THIAM,H,01/02/05,BIGNONA,2ca38955-1375-4f48-9d0f-5776d5f35aaa
f1c6e0c5f440417080acb41b581b410b,T_4CTGE,KHADIDIATOU,SAMBOU,F,08/04/06,BANDJIKAKY,ba5f3949-1ae7-438a-accd-ba6081488e49
45be5868faa1405eb2529f18a44eda61,T_E393G,NADEGE EUGENIE,BADJI,F,07/10/03,DAKAR,39d4c182-823c-4af2-af40-6b4606efeece
c1264367871144f1ac9675d2db4c6409,T_DMMJA,SEYNI ANGELIQUE,CAMARA,F,04/11/04,BIGNONA,39d4c182-823c-4af2-af40-6b4606efeece
81e5a4a9fd8f4cabb00d93d07ee962dd,T_63M8D,MARIAMA,THIAM,F,08/04/04,Bignona,e3d13f36-bd71-4331-a639-466801f7abb5
46230427a5e842bcb585edc55c230857,T_RB6JH,FANTA,KAMARA,F,15/06/06,BIGNONA,18f98f31-a476-4844-8c98-fd5458b9713f
0621f41486614b9592fbbb78187b7ea2,T_JFN28,FANTA,KEITA,F,21/10/09,BIGNONA,18f98f31-a476-4844-8c98-fd5458b9713f
6409a94a3925466c92bf65bfedbcf4e4,T_JERRM,AMPA SIMON,DIATTA,H,31/01/06,CAROUNATE,2ca38955-1375-4f48-9d0f-5776d5f35aaa
ebd23f0d13da4f509fd3329c5dfcd9ee,T_FEC6A,DAOUDA,KANTE,H,11/04/07,BIGNONA,e70b56e4-3115-4898-8e8d-236c0c5e5f86
95ebcaa51a0e44178c0a01e92e73f596,T_9C32J,MARIE LOUISE ANTOINETTE,COLY,F,20/03/08,BIGNONA,c12b5b2d-8b8b-4274-9fbd-8d38d7bca536
313b991e743245698e05fc940a3f5bc4,3E68VK8H,AMINATA,SOW,F,09/04/08,BIGNONA,c12b5b2d-8b8b-4274-9fbd-8d38d7bca536
57c36716519d48d8a1db98f75ade742e,9CRTFM8F,ARAME,COLY,F,21/10/10,DAKAR,e3d13f36-bd71-4331-a639-466801f7abb5
e7d3c7319ea445f2ad884a2e9ceb2249,T_JFP82,ANTOINE,COLY,H,09/12/04,Bignona,89bcf47f-c492-4d35-976d-7a5035097b7a
e78713362f0846d68fb024c5af044d7c,T_62GC2,BAYE SIDY,COLY,H,23/02/06,DJIWA,e70b56e4-3115-4898-8e8d-236c0c5e5f86
9d7a2938aa474156b2998f2f6628099a,T_MB8VJ,MOUSSA NDIAYE,DIOUF,H,21/01/07,NIORO,89bcf47f-c492-4d35-976d-7a5035097b7a
eb47b8abb2944a2bbf9952674a9169d1,T_9EH23,FELIX JOACHIM,BADJI,H,10/06/04,BIGNONA,c12b5b2d-8b8b-4274-9fbd-8d38d7bca536
7b4107c8cf2f4cb6868feb70d7cc5532,T_HC4EE,MAMADOU LAMINE(DIAMAGUENE),SANE,H,25/11/04,DIAMAGUENE,c12b5b2d-8b8b-4274-9fbd-8d38d7bca536
4c6883a2408843f190ba1d134b41b85d,T_RWPCM,NDEYE FATOU,COULIBALY,F,10/04/09,BIGNONA,ba5f3949-1ae7-438a-accd-ba6081488e49
1fc79191134a44a683c94e4a260c78c5,T_RDUGB,MAMADOU,GOUDIABY,H,28/12/09,BIGNONA,c12b5b2d-8b8b-4274-9fbd-8d38d7bca536
3d93b85da79547019fd987eed63a094f,8RT8XMJB,ALIOU,SAGNA,H,28/07/11,BIGNONA,c12b5b2d-8b8b-4274-9fbd-8d38d7bca536
a58bafb0473c4a8780aac0c9dd737db3,9J9KP99X,MASSAMBA,SECK,H,12/04/08,TENGHORI,e3d13f36-bd71-4331-a639-466801f7abb5
54dd2727e0f447fdbcf5324579f630b3,T_G9228,BACARY,MANGA,H,13/11/11,BAILA,ba5f3949-1ae7-438a-accd-ba6081488e49
f098976143b04b069109eae4c33caa65,3PXDCRBV,TOUTI MARIE ROSE MANDO R,COLY,F,10/06/11,BIGNONA,174c812e-2a3f-46ef-94d2-3c56c0cfa1e8
c17cdb73819643e28b988c1f72e8cb10,4FD7EKXC,PAPE ISMAEL MAKHZOUM,SANE,H,25/10/10,BONA,ba5f3949-1ae7-438a-accd-ba6081488e49
f9c952b953144c809a24b455a599a96b,T_RUUU6,IDRISSA,NIANG,H,13/05/14,BIGNONA,174c812e-2a3f-46ef-94d2-3c56c0cfa1e8
6c79a31988a04156b5600d2a1095b60c,T_P3T7U,IBRAHIMA,DOUCOURE,H,28/04/06,BIGNONA,ba5f3949-1ae7-438a-accd-ba6081488e49
d43d930fa2724fe8a7d638d158c398ab,T_NKJRU,CHRISTINE GUINEGONDE,BADJI,F,04/02/06,PIRAN,18f98f31-a476-4844-8c98-fd5458b9713f
24cdd2932bcc4f91913a7027414d4e07,T_3AAF6,AISSATOU,DIA,F,28/02/06,BIGNONA,89bcf47f-c492-4d35-976d-7a5035097b7a
420f868efd9843979ca43a507d70130b,T_NAFD9,SERIGNE FALLOU AMAR,DIEDHIOU,H,22/02/08,BIGNONA,174c812e-2a3f-46ef-94d2-3c56c0cfa1e8
d78fb1e227eb4b8fbd721b682ea2b93b,T_U7UR9,JULIETTE,DIATTA,F,13/02/07,HAERE,e3d13f36-bd71-4331-a639-466801f7abb5
96050ca3ac0847f68efb4ef8e0bb0cab,8DKQXMUA,MAGUETTE,NDIAYE,F,15/09/08,BIGNONA,e3d13f36-bd71-4331-a639-466801f7abb5
88d5b3a78a754b3e9b1ff13c312bd6d8,4T6E34YF,FATOU,LOUM,F,07/03/10,BIGNONA,174c812e-2a3f-46ef-94d2-3c56c0cfa1e8
f7c8951f58c447b7b4cc8d6f1da4f080,9PKXBBNQ,MARIAMA,TAMBIDOU,F,06/12/08,ZIGUINCHOR,18f98f31-a476-4844-8c98-fd5458b9713f
f844b3e1a5d04ebaa9067c4f03cf668a,T_UD4GM,SIRA TENING,KANTE,F,06/01/04,BIGNONA,89bcf47f-c492-4d35-976d-7a5035097b7a
bab0ba184f1f47aeab87d8258af634d6,T_7DCMH,MARIAMA,MANE,F,13/12/06,Bignona,3778ae72-a8dc-4f7e-912e-50c1b49d0c97
9ea33dd35e354477a5448f3983e67cf9,T_VHUPB,CESAR JUSTIN EDOUARD,COLY,H,05/06/08,PIRAN,39d4c182-823c-4af2-af40-6b4606efeece
4dc7dcd58bc7433c8ebe6236f5ed51ce,T_3NADN,SADIO,COLY,F,03/03/10,BIGNONA,c12b5b2d-8b8b-4274-9fbd-8d38d7bca536
1fbd2a4e006f40f0b0cc1313812dfc8e,9EBCADHG,FAYE DAME SECK,COLY,H,05/03/10,BINDAGO,89bcf47f-c492-4d35-976d-7a5035097b7a
7db8b5f3eb8b4ff7a6d9946da5f3caa6,3N6KEP3R,CHERIF SIDY,SONKO,H,01/06/10,DAKAR,174c812e-2a3f-46ef-94d2-3c56c0cfa1e8
23caf6a791f94d84a6e990c6b64be0d7,7QUHMCHA,TIDA,SONKO,F,11/09/11,BIGNONA,ba5f3949-1ae7-438a-accd-ba6081488e49
fe743ae20b9d4239ad4116d14ee78c5e,3WJTXW8U,CHEIKH TIDIANE CHERIF,GUIRASSY,H,01/12/10,BIGNONA,39d4c182-823c-4af2-af40-6b4606efeece
8cad9c7c7feb4b73bf2bf752279302a2,T_GWVDA,BINTA,MANE,F,21/10/11,DIACOUNDA,2ca38955-1375-4f48-9d0f-5776d5f35aaa
ae689b1545c84ee9bf048f8560d66cbd,T_R4FGP,MAME DIARRA,TALL,F,30/01/06,BIGNONA,c12b5b2d-8b8b-4274-9fbd-8d38d7bca536
47148a47f527405d882a8fbbc1b339e8,T_79N9B,CHEIKH TIDIANE,NDIAYE,H,05/05/07,BIGNONA,ba5f3949-1ae7-438a-accd-ba6081488e49
e891ebe09c7b41e1b00c307b184dddb8,T_TUNCW,OUSMANE,COLY,H,05/01/05,Bignona,e70b56e4-3115-4898-8e8d-236c0c5e5f86
3a1474174ab64833b381a7167a2f12cc,T_JK2R7,ALIOU SOW,NGOM,H,12/11/05,BIGNONA,18f98f31-a476-4844-8c98-fd5458b9713f
2409cdcb656b450e8f14e2a46e31748f,3RBTFKHJ,MARIAMA DIOMASY,COLY,F,23/12/08,BIGNONA,3778ae72-a8dc-4f7e-912e-50c1b49d0c97
ee45775044724b73b4356449186bd32a,6WWEDH9M,KHADIDIATOU,SYLLA,F,10/12/08,BIGNONA,ba5f3949-1ae7-438a-accd-ba6081488e49
d80697cd7bb843e68847366dbe2358b6,6VP3PFRW,MOUSSA BALLA,SONKO,H,10/02/08,BIGNONA,18f98f31-a476-4844-8c98-fd5458b9713f
0d14e3787a174153a44bc9ad7f3e9392,T_NC9H6M,YANDE,KANE,F,18/04/11,FATICK,89bcf47f-c492-4d35-976d-7a5035097b7a
f6c9c5f3b28c4b169786b06981a60d54,T_BH4DH,MANSATA,DIALLO,F,01/05/11,BIGNONA,174c812e-2a3f-46ef-94d2-3c56c0cfa1e8
0616604fbfae4a0c8895146c6e4fb00f,T_T7V9M,OUSMANE KHABANE,DIALLO,H,25/12/06,BIGNONA,89bcf47f-c492-4d35-976d-7a5035097b7a
07a062426cdc4eef968992514729723d,T_D3B88,MAMADOU SANKOUNG,DIEDHIOU,H,21/10/07,BIGNONA,18f98f31-a476-4844-8c98-fd5458b9713f
cbd30d8509144a17bb1d4ba11423143b,T_MJE67,OMAR,DIENG,H,02/07/06,BIGNONA,174c812e-2a3f-46ef-94d2-3c56c0cfa1e8
2019e419fc5643dc8bc27147e9e6578f,T_BKWJD,ALIOU BADARA,SANE,H,05/06/04,BAGAYA,e3d13f36-bd71-4331-a639-466801f7abb5
6c58e4418dba4664af997c8facfa6576,T_88JTA,ALIMATOU,GOUDIABY,F,09/11/08,BIGNONA,174c812e-2a3f-46ef-94d2-3c56c0cfa1e8
c725ae72cfa14d65ba21ea063027909c,T_7B3FM,MATY,TOURE,F,07/12/08,BIGNONA,18f98f31-a476-4844-8c98-fd5458b9713f
e29baa0b07d44ebbb0bd7fea538def4f,T_3P9TW,SOULEYMANE,SAKHO,H,05/05/09,BIGNONA,e3d13f36-bd71-4331-a639-466801f7abb5
47f4229f83a7448d850bbf61b7f283ce,8EHXJFXD,EPHIGENIE GERMAINE,COLY,F,16/10/10,BIGNONA,89bcf47f-c492-4d35-976d-7a5035097b7a
2647c5c30e744775820d88f4ce62a286,4AEXXRWU,AISSSATOU BENTHE,DIALLO,F,31/12/10,TENGHORI,2ca38955-1375-4f48-9d0f-5776d5f35aaa
22ca8686112e46e4bd8aba990aa9403e,T_T3JGWM,MAMADOU YAYA,CISSOKHO,H,05/02/11,BIGNONA,39d4c182-823c-4af2-af40-6b4606efeece
115737d0324b4fd0afd7354a9fad6f27,T_UDV4R,AMINATA,DANSO,F,04/02/04,BIGNONA,e3d13f36-bd71-4331-a639-466801f7abb5
34fa9e6f477f44418244c17b0cbe6fbd,T_W372C,THIERNO KAOUSSOU,DIATTA,H,27/10/07,BIGNONA,3778ae72-a8dc-4f7e-912e-50c1b49d0c97
4a5169ebb898409ba497e81db7adc1bb,T_87N7C,OUSSEYNOU,SAGNA,H,01/03/06,BIGNONA,18f98f31-a476-4844-8c98-fd5458b9713f
40c353bdb1b241e18411042358585b27,T_VHG38,MARIAMA,SANE,F,31/10/04,MATANKIGNE,e3d13f36-bd71-4331-a639-466801f7abb5
8ecc18d36e1148d08dd5a20e6e780789,T_97WJU,OUSMANE,BADJI,H,12/01/06,BIGNONA,174c812e-2a3f-46ef-94d2-3c56c0cfa1e8
9742539333ef45cfbe913b842db39b8c,T_UNPNR,TIGUIDANKE,DRAME,F,12/11/09,KOLDA,18f98f31-a476-4844-8c98-fd5458b9713f
a0fb3e687f684f41ade6cd745a4d8709,T_9DBN7,MARIE THERESE,SAGNA,F,16/11/04,BIGNONA,18f98f31-a476-4844-8c98-fd5458b9713f
b8c89f39dd5a46a69dc792b841dd0dc0,4WQ33XWM,MAMADOU,DIEDHIOU,H,17/11/10,BIGNONA,3778ae72-a8dc-4f7e-912e-50c1b49d0c97
48b3e741e2a04746bdddbc7d08e0c2e2,7EJTUW9R,PHIOMENE,SECK,F,03/05/10,BIGNONA,174c812e-2a3f-46ef-94d2-3c56c0cfa1e8
93314ff26a6f4af7b0efdb3050c46aed,6YDYPPPV,MAMADOU MALA,BA,H,06/01/11,BIGNONA,ba5f3949-1ae7-438a-accd-ba6081488e49
2596ed62f94a4aa6a160256f7762b140,3ANGPCH4,INSA,SECK,H,02/08/11,BIGNONA,e3d13f36-bd71-4331-a639-466801f7abb5
5b81f3194a5c4ea3b8e5e9f195d6329f,T_HJUBT,SALIOU DIANG,DIALLO,F,01/07/11,BIGNONA,3778ae72-a8dc-4f7e-912e-50c1b49d0c97
8e386a282b8e4839a637bb4ba41da25f,T_T3V4M,AMINATA,DIALLO,F,19/10/07,BIGNONA,89bcf47f-c492-4d35-976d-7a5035097b7a
37ebf75bbf714b06ac30864754f0d1c4,T_UKKJN,BILAL,NDIAYE,H,13/12/05,BIGNONA,89bcf47f-c492-4d35-976d-7a5035097b7a
117e4628d44141f380e18b7156f6be41,T_E393G,NADEGE EUGENIE,BADJI,F,07/10/03,DAKAR,89bcf47f-c492-4d35-976d-7a5035097b7a
a573ef416bc049e1bcf624ccdd3d4b3a,T_DPDMW,RICHARD DIMINGOU,SAGNA,H,26/10/05,Bignona,e3d13f36-bd71-4331-a639-466801f7abb5
08c6348e05ca4bbcbac13a03c3a76ca7,T_3N6E4,DJIBRILE SADIO,DIOP,H,11/02/10,TENGHORI,e3d13f36-bd71-4331-a639-466801f7abb5
d0e8cce1d13d4c1e8e0594485a6a8b85,T_D6H22,PRISCA ANASTASIE THIERRY,BADJI,F,14/11/09,BIGNONA,174c812e-2a3f-46ef-94d2-3c56c0cfa1e8
e7c1ddfecd1447caae61d4b67c95852f,3R6DBX77,MAMADOU LAMINE,COLY,H,24/11/08,KATINONG,174c812e-2a3f-46ef-94d2-3c56c0cfa1e8
30e46b68a8d74c0da7505bb9bb50641e,T_KK8RD,PAPE LANDING,SAGNA,H,06/11/11,PETIT BALANDINE,2ca38955-1375-4f48-9d0f-5776d5f35aaa
a8a46bc6ac3a4fd3983a28513d37a95c,T_H3N8H,AISSATOU,BADJI,F,17/10/06,BIGNONA,e3d13f36-bd71-4331-a639-466801f7abb5
d00d852a0e404cee808e88e72092f3d0,T_CBNUF,RAMATOULAYE VIVIENNE DIEME,COLY,F,14/04/06,BADIANA,c12b5b2d-8b8b-4274-9fbd-8d38d7bca536
fb31c1fc778f443098fdfefec78c9eee,T_6FH8C,MAME KHADY,DIATTA,F,13/04/06,BIGNONA,39d4c182-823c-4af2-af40-6b4606efeece
cada5877928a48fc8cf079d84b50a446,T_9KUVM,BINTA,BODIAN,F,07/04/10,BIGNONA,18f98f31-a476-4844-8c98-fd5458b9713f
b7f43949c2e24116baa153199363bb1c,T_AAWVV,AMADOU TALIBE,DIALLO,H,02/08/08,BIGNONA,3778ae72-a8dc-4f7e-912e-50c1b49d0c97
f2453a9c1271430e984051b58a41ff38,3ANGPCH4,INSA,SECK,H,02/08/11,BIGNONA,3778ae72-a8dc-4f7e-912e-50c1b49d0c97
42991d45520a4b7f9ba850593f969d7c,T_998DV,ALI NGOME,DRAME,H,12/06/06,BIGNONA,174c812e-2a3f-46ef-94d2-3c56c0cfa1e8
1ea89a64729846cf979288b3dad93b81,T_UHT7R,CONRAD,SAGNA,H,21/04/04,Piran,c12b5b2d-8b8b-4274-9fbd-8d38d7bca536
d1d7dad6587e449788869aecbfee9926,T_K9KAN,DIOMA,DIEME,F,11/01/04,DIABDIOR FRONTIERE,c12b5b2d-8b8b-4274-9fbd-8d38d7bca536
e44db5cde98f410f9c7af1bdbdedc92f,T_HJCA4,PAPE SORY,MANGA,H,03/12/07,BIGNONA,c12b5b2d-8b8b-4274-9fbd-8d38d7bca536
7d9e8da758764149ab8b16c48fd3b23e,T_V94UM,ASTOU,SAGNA,F,16/02/07,BIGNONA,39d4c182-823c-4af2-af40-6b4606efeece
4f4459cce9ff40deab15d963b10470c5,T_B6JWP,MAHAMADOU LAMINE,SANE,H,15/09/07,BALINGORE,174c812e-2a3f-46ef-94d2-3c56c0cfa1e8
fce41e7842534a4abef25ea7f137b045,T_JHFTT,MOHAMED,BADJI,H,27/02/08,BIGNONA,e70b56e4-3115-4898-8e8d-236c0c5e5f86
26c46bfa4ed04eda89f3fe5651875eac,9TW9E398,MOUSSOUKEBA,SADIO,F,14/05/07,ZIGUINCHOR,39d4c182-823c-4af2-af40-6b4606efeece
411f38bd2b3f487d85189a3ecb16bc92,7FVCQ6XQ,JEAN CLAUDE JEROME,ABOUD,H,07/01/08,DAKAR,e3d13f36-bd71-4331-a639-466801f7abb5
0455fd1f698642dbb586b13f27d2348d,T_9K8NH,THIERNO IBRAHIMA TABASKI,BIAGUI,H,12/02/05,BIGNONA,39d4c182-823c-4af2-af40-6b4606efeece
279660eb048248e39180813f9818d12b,T_629MB,ALABATOU,BODIAN,F,08/02/05,KANDIADIOU,39d4c182-823c-4af2-af40-6b4606efeece
d1d0479c20b74e789309ab9cb679253b,T_DFDJ4,PATRICIA RACHELLE,COLY,F,07/01/05,GOLF SUD,39d4c182-823c-4af2-af40-6b4606efeece
d29cbc1b97954e30b334f7a474af8649,T_R9CD7,KHADY,MANE,F,05/10/06,BIGNONA,c12b5b2d-8b8b-4274-9fbd-8d38d7bca536
99549bd641af4646b5a1dd8ddcd3772f,T_7P7H8,VALENTINE BENEDICTA HENRIETTE,COLY,F,14/02/08,BIGNONA,2ca38955-1375-4f48-9d0f-5776d5f35aaa
16061f0f01684d518a894407be6f0a7b,T_W2F8D,SONA,COLY,F,20/03/04,Colomba,3778ae72-a8dc-4f7e-912e-50c1b49d0c97
68750d5bf3454853abcc233128fb1fb9,T_87NDA,FIDEL MARTIN DAVID,DIEDHIOU,H,18/03/09,BIGNONA,e3d13f36-bd71-4331-a639-466801f7abb5
dbd999a86e5a4561a587814ae1945ff3,T_7EAHD,MARIAMA,TAMBA,F,31/12/12,BIGNONA,ba5f3949-1ae7-438a-accd-ba6081488e49
d2c1b483901f418ea030f84070026970,T_JT4MN,BINTA,BADJI,F,10/09/10,SINEDONE,3778ae72-a8dc-4f7e-912e-50c1b49d0c97
9798d3ad2c4847e78c2413f69f0fb1b8,6HX6JDHU,MOUHAMED DIOP,SAMB,H,15/02/10,DAROU THIOUB,ba5f3949-1ae7-438a-accd-ba6081488e49
e1607bae12da486fb4b1445352fd8b67,6EPD83TE,ADAMA,DIALLO,H,13/10/10,BIGNONA,39d4c182-823c-4af2-af40-6b4606efeece
847128d0c71a443f96ffc7317e74a7b4,T_PJAA7,ASSIATOU,DIALLO,F,13/01/06,BIGNONA,89bcf47f-c492-4d35-976d-7a5035097b7a
048853279be5462d85e4452975317cd7,T_6A8DD,BABOUCAR,BADJI,H,24/12/08,BOUTOLATTE,2ca38955-1375-4f48-9d0f-5776d5f35aaa
dc0c88e4abab4a7fb19b7cabdd3ea015,T_T9U32,YOUSSOUPHA,CISSE,H,16/04/10,BIGNONA,3778ae72-a8dc-4f7e-912e-50c1b49d0c97
ae9e10a6c3b948eb8d13e0a813b44698,3DHMDCED,MOUHAMMADOUL  AMINE,BADJI,H,17/03/09,BIGNONA,2ca38955-1375-4f48-9d0f-5776d5f35aaa
ca2af89628434f268170802d55773113,T_RGG92,MAMA GNIMA,KANDE,F,04/09/12,BASSIRE,89bcf47f-c492-4d35-976d-7a5035097b7a
70caa3c50e4c47bba4487456a65a9992,T_6BTRTM,BERNARD,DIEDHIOU,H,11/03/11,BIGNONA,e3d13f36-bd71-4331-a639-466801f7abb5
a5212084f77b4134b5150554d83b9248,T_RNU7V,ALPHOUSSEYNI,MANE,H,09/04/03,Bignona,ba5f3949-1ae7-438a-accd-ba6081488e49
9a1f26ecc1154fbcba65223a92f53774,7NN7UMN6,ANNA FLORENCE PIA CHRISTINE,COLY,F,19/02/05,BIGNONA,89bcf47f-c492-4d35-976d-7a5035097b7a
1cbe063c2f4b4903844830bf1d74ada5,4U8KE4U9,AWA,TOURE,F,31/03/07,SEDHIOU,e3d13f36-bd71-4331-a639-466801f7abb5
31eb9e0ca26f402084cd3a5aec1de6c8,8MHGUXET,NDEYE MAMA,MANGA,F,30/10/09,BIGNONA,39d4c182-823c-4af2-af40-6b4606efeece
93f204a48390439c91a75c654eb0fce6,8XPT9TVT,AISSATOU MOUNDAW,MANGA,F,10/11/11,OUSSACK,39d4c182-823c-4af2-af40-6b4606efeece
9f40a720f9f5426288b3b9626ddc4399,6HJYMJN7,BABA,DIOUF,H,31/10/09,BIGNONA,39d4c182-823c-4af2-af40-6b4606efeece
252dea63dd9443b289ef3855e829c1d5,T_B2P4E,PAPE MOUSSA,BA,H,20/01/03,Bignona,3778ae72-a8dc-4f7e-912e-50c1b49d0c97
43fdbb233bbe4ef2b03be40436fe65dd,T_U7UR9,JULIETTE,DIATTA,F,13/02/07,HAERE,39d4c182-823c-4af2-af40-6b4606efeece
45f4f93b09774e9bb6888b8d395937cc,T_TCVFU,IBRAHIMA,KANDE,H,07/11/06,LEONA THIAROYE,39d4c182-823c-4af2-af40-6b4606efeece
9f2eac7179b54e1c895eb373b1ee6b16,T_MKDK7,DIANKE,DIARRA,F,27/06/07,BIGNONA,2ca38955-1375-4f48-9d0f-5776d5f35aaa
cdee607c147e4c74b32240270747a139,4HKHMVQT,AWA,CAMARA,F,18/01/10,DIAOBE KABEND,c12b5b2d-8b8b-4274-9fbd-8d38d7bca536
2681a1c29aa240b2b571297fd00f9411,T_C7846M,PENDA,GAYE,F,10/04/13,BIGNONA,174c812e-2a3f-46ef-94d2-3c56c0cfa1e8
bcd35ae9df774c7ebf60562c1126d5e5,T_PFUBM,FANTA,SANE,F,05/12/06,DAKAR,c12b5b2d-8b8b-4274-9fbd-8d38d7bca536
5f2f86cbaee646f9982560639faa99ba,T_NMBGR,KALY,CAMARA,H,20/05/07,BIGNONA,89bcf47f-c492-4d35-976d-7a5035097b7a
41376d2c36a84b22888132a6478e3bcf,T_FUD7P,AWA,DOUCOURE,F,06/09/07,BIGNONA,c12b5b2d-8b8b-4274-9fbd-8d38d7bca536
e9a45c3dd50e4795b7876c9ed1239a60,T_PUB4F,NDEYE BASSINE,SENE,F,09/12/09,BARGNI,39d4c182-823c-4af2-af40-6b4606efeece
3d85fc6394104b309103fd1060480d5b,8VVGMV6D,AICHA,DIEME,F,22/04/10,ZIGUINCHOR,e70b56e4-3115-4898-8e8d-236c0c5e5f86
bb44602129654e7990f9f66e4a951a8e,T_9RCR6,MARIAMA DIANKE,NDIAYE,F,06/04/07,BIGNONA,2ca38955-1375-4f48-9d0f-5776d5f35aaa
0e674a1498e4407eb1b9e65fa97db098,T_HUT8G,FATOU,BADJI,F,14/10/07,BIGNONA,174c812e-2a3f-46ef-94d2-3c56c0cfa1e8
e39020166f3546df95041660bda19afe,T_B3N3F,KHADIDIATOU,SYLLA,F,10/12/08,BIGNONA,2ca38955-1375-4f48-9d0f-5776d5f35aaa
8345ee35fbe946949315112373856d3a,T_BCFVV,MARIAMA,NDIAYE,F,08/10/07,BIGNONA,c12b5b2d-8b8b-4274-9fbd-8d38d7bca536
e3eeebf54e884071b6b2698bb418a9e3,8QMTYV4K,THIERNO IDRISSA,DIAKHITE,H,13/09/09,BIGNONA,3778ae72-a8dc-4f7e-912e-50c1b49d0c97
9b3bf68a4e4c4c2185a667035a548add,T_NKVCHM,OUSMANE NDIAYE,BADJI,H,10/09/10,BIGNONA,3778ae72-a8dc-4f7e-912e-50c1b49d0c97
563f70a53d164b0eb1fc3706b6ba2ad4,4YRAHGKX,ARMAND LOUIS JOSEPH,COLY,H,02/07/11,BIGNONA,18f98f31-a476-4844-8c98-fd5458b9713f
b1f15cec98c74339a36701f87a72ae1c,T_EBNVC,DAOUDA,DIATTA,H,26/04/05,TAMBACOUNDA,c12b5b2d-8b8b-4274-9fbd-8d38d7bca536
25ee1ee8a5354b01be2bb3235fc9b70b,T_UN4K9,NDELLA,GOUDIABY,F,27/09/08,DAKAR,18f98f31-a476-4844-8c98-fd5458b9713f
587d37b4ea174704bbfc8a9debb9e354,T_W9JB2,ALASSANE,DIEDHIOU,H,10/08/09,BIGNONA,39d4c182-823c-4af2-af40-6b4606efeece
252c3e2a89aa45108de64783e98560fd,T_E88VR,AMINATA,BAYO,F,01/01/09,KIGNINDING,e70b56e4-3115-4898-8e8d-236c0c5e5f86
7db464c088cb492a9aa2849ce27f3a81,4BUD3T77,OUSMANE,BA,H,06/03/12,BIGNONA,89bcf47f-c492-4d35-976d-7a5035097b7a
07c9efc62c674c8e96da3bcdfbcdf6f4,7CG67BXC,ALIOU WALY,FATY,H,07/04/10,BIGNONA,c12b5b2d-8b8b-4274-9fbd-8d38d7bca536
1866914d6ff448c1b3ad016420d1a7c8,T_KME2HM,AWA FABIANA,COLY,F,10/05/13,BIGNONA,c12b5b2d-8b8b-4274-9fbd-8d38d7bca536
4a02dae8a97940988aa6f61ead5ae738,3JDMYVPY,EL HADJI KARAMO,KANTE,H,13/02/10,KOLDA,39d4c182-823c-4af2-af40-6b4606efeece
ad22e88b70dd44b68f7754cec9162aa4,6MET6P9R,ROCKYATOU,BODIAN,F,25/11/08,BIGNONA,18f98f31-a476-4844-8c98-fd5458b9713f
9e94e509ac8342c7b62cb005788daab7,T_WGKF7,AWA,GOUDIABY,F,22/09/04,BIGNONA,89bcf47f-c492-4d35-976d-7a5035097b7a
573db1837b314e199c721cbd1ae7704e,T_PEB2M,ALIOU BADARA,MBENGUE,H,15/03/08,BIGNONA,e70b56e4-3115-4898-8e8d-236c0c5e5f86
597aec827b9a424da86be4e995e7af41,T_VWH8M,MAME KOUREDIA,BADIANE,F,06/07/09,TENGHORI,3778ae72-a8dc-4f7e-912e-50c1b49d0c97
a0eae09b045d418fab9b662507d34102,4GGF63DH,MAIMOUNA BELLA,DIALLO,F,24/04/08,BIGNONA,89bcf47f-c492-4d35-976d-7a5035097b7a
5f8a258c218b4940b2b3cfd04d33efa7,T_GHAPK,CHRISTOPH ARMAND,SAGNA,H,11/03/07,DIOUROU,c12b5b2d-8b8b-4274-9fbd-8d38d7bca536
7c30823f63e04bc39e3241b2383998d7,9WMTPE6G,BIGUE,DIAMBA,F,23/03/09,BIGNONA,174c812e-2a3f-46ef-94d2-3c56c0cfa1e8
052ecc49152145e39b31444b5ea9755e,T_R2398,FATOUMATA,DIA,F,10/05/03,Dakar,3778ae72-a8dc-4f7e-912e-50c1b49d0c97
00568535fe744a6cbb581d224466afb2,T_CEU8M,EL HADJI,NDIAYE,H,03/09/04,DIAMAGUENE,2ca38955-1375-4f48-9d0f-5776d5f35aaa
389baf6748d046d08d8d18527142dd08,T_3D9G6,SEKOU ASS,DIEDHIOU,H,15/04/05,BIGNONA,e70b56e4-3115-4898-8e8d-236c0c5e5f86
8d7e43c0041148e89f2777ef8a0ccf70,9KXC8NME,ANNA BIRIGITTE,COLY,F,02/06/08,BIGNONA,2ca38955-1375-4f48-9d0f-5776d5f35aaa
a2ac203b1a724d3fb9e02537a53d9891,T_C7846M,PENDA,GAYE,F,10/04/13,BIGNONA,18f98f31-a476-4844-8c98-fd5458b9713f
774ae965425c44dc9696b3b7e262aa35,T_WGNPK,LYDIE CLAIRE FATOU KINE,BARRO,F,22/08/03,Bignona,e3d13f36-bd71-4331-a639-466801f7abb5
0a9b213922054176afd547ff16149c4d,T_KDNWK,ADAMA,CAMARA,H,21/08/07,BIGNONA,c12b5b2d-8b8b-4274-9fbd-8d38d7bca536
24383cbe840f43acbe5a678b5752017c,T_R2VNF,MARIAMA,BIAYE,F,20/02/08,BOUMOUDA,89bcf47f-c492-4d35-976d-7a5035097b7a
eb7ff993f93441bba2e683a0722a0b83,T_8W6BC,BAKARY,GOUDIABY,H,01/01/09,BOUYEME,39d4c182-823c-4af2-af40-6b4606efeece
3e72c64c3daa45a99809335b3a8b06b3,T_2GHPE,LANSANA SEYDOU,GOUDIABY,H,08/12/08,BIGNONA,e70b56e4-3115-4898-8e8d-236c0c5e5f86
8bfce363ee68481fa128cc1a19733bca,T_D2M7H,DALOBA,DIASSY,F,15/10/06,BIGNONA,18f98f31-a476-4844-8c98-fd5458b9713f
7580a6a1d6c444d3b62c646fd1f2ed0d,T_6F7N8,FAMARA BAROU,DIEDHIOU,H,03/08/07,DIAMAGUENE,c12b5b2d-8b8b-4274-9fbd-8d38d7bca536
33f3455143ca4a3495c8e7199afd9298,6MUVDCFP,MALANG,GOUDIABY,H,02/10/09,BIGNONA,3778ae72-a8dc-4f7e-912e-50c1b49d0c97
8070e05e79744fac8c0352b025c1b260,4YRXRFCJ,OUSSEYNOU,DIENG,H,01/01/10,BONABA,c12b5b2d-8b8b-4274-9fbd-8d38d7bca536
deeae18fe02b47a980d0188b83ed8a7e,T_8JDVCM,ALY,DJIBA,H,03/08/12,ZIGUINCHOR,ba5f3949-1ae7-438a-accd-ba6081488e49
5b376ebde2b444ca950b4a3edaf8f9d5,T_KEV6D,ELISA,SAGNA,F,12/02/05,BIGNONA,18f98f31-a476-4844-8c98-fd5458b9713f
807be3473d354471b75cc22b16faadfd,T_4U6D4,IBRAHIMA,GASSAMA,H,16/03/04,Bignona,e70b56e4-3115-4898-8e8d-236c0c5e5f86
23f692c4439f47ff907fa99feca35028,T_AV4PE,KHADY,SONKO,F,15/11/03,Bignona,39d4c182-823c-4af2-af40-6b4606efeece
600f6e9d6e7f49ef9a9ca2e9e338a3b4,T_URCWN,ANTA DIOUF,COLY,F,09/08/11,BIGNONA,e70b56e4-3115-4898-8e8d-236c0c5e5f86
074f3d9777844384b38f8e074835a2de,T_WVNG2M,OMAR,SONKO,H,20/03/13,MONGONE,39d4c182-823c-4af2-af40-6b4606efeece
7268f9b2ca8948ab9d73490d5ce8a7ce,T_NKVCHM,OUSMANE NDIAYE,BADJI,H,10/09/10,BIGNONA,18f98f31-a476-4844-8c98-fd5458b9713f
7cdb2301598a46da8e941c214553a5cf,T_RKTKF,MAMADOU ALIOU,DIALLO,H,10/01/06,BIGNONA,174c812e-2a3f-46ef-94d2-3c56c0cfa1e8
a85ffea2c6184fc8a494f62cf84a037f,T_2T7D6,AIDA,COLY,F,28/10/05,Bignona,18f98f31-a476-4844-8c98-fd5458b9713f
6b7565be9a064a47b42b5947a7993e99,T_GK2UM,MOURATE,SECK,H,27/11/07,BIGNONA,c12b5b2d-8b8b-4274-9fbd-8d38d7bca536
c0d18db7da6440cc8b0d8d22b7cff000,T_3R8P8,HELENE,SAGNA,F,01/06/06,BIGNONA,e70b56e4-3115-4898-8e8d-236c0c5e5f86
d2114da722884a6cb4a0a64b574b4f50,T_W49MR,MOUSTAPHA,WADE,H,20/02/07,BIGNONA,e70b56e4-3115-4898-8e8d-236c0c5e5f86
f2e5fc2fff2a4b16961fd8b039e8c13b,T_CGKWK,SOUSSABA BINTOU,MARENA,F,02/10/06,BIGNONA,3778ae72-a8dc-4f7e-912e-50c1b49d0c97
3ab23daf697245d5a8053b23df9802fc,3WAK7WCA,KHADY CIRE,COLY,F,29/09/06,DIAMAGUENE SICAP MBAO,c12b5b2d-8b8b-4274-9fbd-8d38d7bca536
eb084c97ef924282bc3db58cfc945d47,T_MUKMR,ABDOULAYE,NIASSY,H,05/08/12,BIGNONA,2ca38955-1375-4f48-9d0f-5776d5f35aaa
668c67d6e16a4da1a71964cf5f7117ca,T_VB7R7,THIERNO IBRAHIMA,DIALLO,H,19/12/11,BIGNONA,18f98f31-a476-4844-8c98-fd5458b9713f
176622c952304d01a93038ea88ba8b97,T_HT69A,PERPETINE,SAGNA,F,21/01/01,MANDOUARD1,18f98f31-a476-4844-8c98-fd5458b9713f
611997165eb44b66b4facc05074114be,T_8JJWT,AMADOU NDIAYE,DIAFFOUNE,H,10/11/05,BIGNONA,18f98f31-a476-4844-8c98-fd5458b9713f
279a510232914fe4b116d5622166e820,T_BUBCH,SARATA,BADIANE,F,29/08/06,DAKAR,3778ae72-a8dc-4f7e-912e-50c1b49d0c97
6e5c09a0e5af4f63a0fdf169e03fbe32,T_2DNJN,NDEYE FATOU,BARRY,F,05/02/05,EDIAMATH,3778ae72-a8dc-4f7e-912e-50c1b49d0c97
4a5fca2bc42e410b982d5c7f0c80cfe2,T_6WPGU,MARIAMA,MANE,F,28/02/06,BIGNONA,e3d13f36-bd71-4331-a639-466801f7abb5
2316573d69e94d1ba309bc635f976e8c,T_8D4HB,SOURAGATTA,DIALLO,H,27/02/08,BIGNONA,89bcf47f-c492-4d35-976d-7a5035097b7a
a7de82265f9d48a487f0d52d8dfd20d0,T_M8P4F,BACARY BABA,DIEDHIOU,H,21/02/13,BIGNONA,2ca38955-1375-4f48-9d0f-5776d5f35aaa
5c6a7f8c65f54bfeb516e98b4f4ce750,T_4PR8F,MOUSSA,BADJI,H,18/02/07,BIGNONA,ba5f3949-1ae7-438a-accd-ba6081488e49
c73ff4f8d75642c597ea82625ba72ba8,T_9AT3W,MARIAMA DIOMASY,COLY,H,23/12/08,BIGNONA,39d4c182-823c-4af2-af40-6b4606efeece
898c46f2d770492993062dafcf2fa071,T_WNV4K,OUMY LAURETTE,NDIAYE,F,07/04/08,BIGNONA,c12b5b2d-8b8b-4274-9fbd-8d38d7bca536
2f4e495444cf4117a982193f63a9fb4a,T_DAK6J,MOHAMED BABA,SANE,H,23/10/08,BIGNONA,174c812e-2a3f-46ef-94d2-3c56c0cfa1e8
5a02db07da5c4365b97d430459983035,T_UGGNR,NDYE FATOU,TOURE,F,19/03/08,BIGNONA,c12b5b2d-8b8b-4274-9fbd-8d38d7bca536
d34fca7b327c4095be2dcb68e5fc7a7f,9NKEJ6BD,AMY,DIEDHIOU,F,21/08/10,BIGNONA,c12b5b2d-8b8b-4274-9fbd-8d38d7bca536
1f2293cd8dff4bde9c1f19eedf54613e,6FNW7VGR,KHALIF IBRAHIMA,FATY,H,21/06/11,BIGNONA,2ca38955-1375-4f48-9d0f-5776d5f35aaa
c5537840f0ba4162a2f4f36c882bdf3d,T_RHEP2,GNIMA,DIATTA,F,18/09/06,BIGNONA,e70b56e4-3115-4898-8e8d-236c0c5e5f86
dca66d3445dd431ba997b1936d827d65,T_TCVFU,IBRAHIMA,KANDE,H,07/11/06,LEONA THIAROYE,18f98f31-a476-4844-8c98-fd5458b9713f
4dbb0980527b4085a146f06d7e38b02c,T_JFP82,ANTOINE,COLY,H,09/12/04,Bignona,174c812e-2a3f-46ef-94d2-3c56c0cfa1e8
4db9b45fa7894b28ad20c8892d2b5a9b,T_K9FUN,LAMINE,GOUDIABY,H,18/09/06,SILINKINE,39d4c182-823c-4af2-af40-6b4606efeece
95a2e0d0de4a48068ab5c32d63ce4dbd,T_2NJ6M,IBRAHIMA,MANE,H,27/12/08,TENGHORI,3778ae72-a8dc-4f7e-912e-50c1b49d0c97
740c5358958c4b0fa10582481a3b4296,3M8XH4GR,EL HADJI ASSANE,FALL,H,12/08/10,GUINAWRAIL,ba5f3949-1ae7-438a-accd-ba6081488e49
5078c1fa3e594122b4ae33bda549ca64,7WY78NMU,AMINATA,CAMARA,F,06/06/08,BIGNONA,174c812e-2a3f-46ef-94d2-3c56c0cfa1e8
bef4dd3cde9b48b19c91c049e1023618,T_PWHVB,IBRAHIMA,DIATTA,H,29/09/07,BIGNONA,e70b56e4-3115-4898-8e8d-236c0c5e5f86
7eaf5465b05f456e97df413269ad780b,T_C3R3B,KEBA INDIRA,COLY,H,26/11/08,BIGNONA,174c812e-2a3f-46ef-94d2-3c56c0cfa1e8
436ccde080f040219f2c2edbf9c917da,7KUWTUTP,FATOUMATA,CAMARA,F,18/12/07,OUFOULO,e3d13f36-bd71-4331-a639-466801f7abb5
c66d18e0c88443478140208f08cc1de2,9CRTFM8F,ARAME,COLY,F,21/10/10,DAKAR,3778ae72-a8dc-4f7e-912e-50c1b49d0c97
9198c54e9e774808ae662e0ebbe7c118,T_FAM3A,PIERRE MICHEL NIAMPATANG,COLY,H,03/03/08,KASSILA,ba5f3949-1ae7-438a-accd-ba6081488e49
355c19c9fe66480fb571b55d597a18cc,T_FAT4G,BINTOU,DIATTA,F,17/11/06,BIGNONA,174c812e-2a3f-46ef-94d2-3c56c0cfa1e8
8860a298873942028b7f36fee84ef160,T_EUE4P,EMILE,DIATTA,H,15/01/12,MANGAGOULACK,2ca38955-1375-4f48-9d0f-5776d5f35aaa
952d2a35ba594e5a8913fb89099c7b7b,6MET6P9R,ROCKYATOU,BODIANN,F,25/11/08,BIGNONA,39d4c182-823c-4af2-af40-6b4606efeece
45d2c5c80d4244f5b7e7f8bbd521421e,T_KW8MB,ELISABETH BANNA,MANGA,F,25/03/13,MLOMP HAER,174c812e-2a3f-46ef-94d2-3c56c0cfa1e8
ae4d6d2e43374a62a5b5fe305958f07b,T_4V644M,KHADIDIATOU,SY,F,10/10/12,BIGNONA,e70b56e4-3115-4898-8e8d-236c0c5e5f86
6dc0e1270947423bb6fc6e8c14f2352d,T_RAMPE,ABDOURAHMANE,BA,H,16/10/07,BIGNONE,174c812e-2a3f-46ef-94d2-3c56c0cfa1e8
e8781231491a4c2ba4085daaa537a9e3,4PP33V4N,MA AWA,KONTE,F,08/04/08,BIGNONA,e70b56e4-3115-4898-8e8d-236c0c5e5f86
d80343f1f1e340dcb79c63e68ba796aa,T_VM6NB,LAMA,DIANE,F,01/06/02,BIGNONA,ba5f3949-1ae7-438a-accd-ba6081488e49
badb8f55698049aebe313b270cae8a26,T_HDRAD,AMADOU,KONDJIRA,H,13/03/06,BIGNONA,174c812e-2a3f-46ef-94d2-3c56c0cfa1e8
41575b75e95448c983ac8c3bc71c0634,T_3NNRR,MALICK,DIEME,H,17/04/07,BIGNONA,39d4c182-823c-4af2-af40-6b4606efeece
7ec4b677291441cb820273dbde323402,8KYAAEVE,JUDITH,DIALLO,F,25/09/06,SEDHIOU,e70b56e4-3115-4898-8e8d-236c0c5e5f86
6ad520c40af742a0a43741188136b776,T_KMCKW,PERRINE FABIANA,COLY,F,13/01/09,BIGNONA,e70b56e4-3115-4898-8e8d-236c0c5e5f86
3fc80236fc984f0fb5179521108e84f2,T_HUFKV,MARIE ROSE,BADIANE,F,02/03/07,DIABOUDIOR,89bcf47f-c492-4d35-976d-7a5035097b7a
dcdf7711a347493cb35f935c589ecd1c,T_KTTNP,KHADIDIATOU,SENE,F,03/09/05,BIGNONA,ba5f3949-1ae7-438a-accd-ba6081488e49
ffb4fa60ea504ba3887a4ff5786c6464,T_EVJKR,MODOU,WATARA,H,10/02/08,TENDINE,c12b5b2d-8b8b-4274-9fbd-8d38d7bca536
df503fa93c564a37ae4b501c2f9d626b,3D4EHG93,SALY,SANE,F,13/01/09,DIAMAGUENE SICAP MBAO,39d4c182-823c-4af2-af40-6b4606efeece
ecf396dc5f664795ab7761e3cdad7842,9JBAGU3C,SEYNABOU,DANSO,F,22/08/09,GOLF SUD,39d4c182-823c-4af2-af40-6b4606efeece
4959267e52714a4e8e8898f9794b0277,T_3NDMJ,ABSA COUMBA,CISSE,F,26/08/10,OUSSOUYE,39d4c182-823c-4af2-af40-6b4606efeece
5ab3cedfb08945a6bf3dc3e29d86ffcb,8FW8EBUN,HABIB,DIOP,H,29/03/10,BI,39d4c182-823c-4af2-af40-6b4606efeece
df24d492bd314bfa82e4e1b5b8b0221b,T_AGDPF,BACARY,MANE,H,12/12/12,ZIGUINCHOR,3778ae72-a8dc-4f7e-912e-50c1b49d0c97
0ba5a43b8a81410d9fd1d87aa2e14c8d,8KCVUAE9,CHEIH OUMAR,SAMOURE,H,08/03/12,BIGNONA,39d4c182-823c-4af2-af40-6b4606efeece
f25c0f39410f467db93d35f0fe76f3a7,6DJGFGVK,BASSIROU,MANGA,H,14/08/09,BIGNONA,89bcf47f-c492-4d35-976d-7a5035097b7a
3bd11af62d1c4ff28bc3b7bb9584d50c,T_GKU3TM,ABDOULAYE,DIOP,H,07/01/12,BIGNONA,e3d13f36-bd71-4331-a639-466801f7abb5
0875b3b7a03c47f0a61666cd21a316f0,T_NAVCVM,MAMADOU DIOULDE,SOW,H,31/12/12,BIGNONA,e70b56e4-3115-4898-8e8d-236c0c5e5f86
bbf176d83e6e4e11ac0873bdb24bf2c4,8RAY39PY,PAUL JOSEPH LIBOIRE,MANGA,H,25/03/11,BIGNONA,18f98f31-a476-4844-8c98-fd5458b9713f
363a9c25ea064276b2b3becc222eb640,T_HCB8T,ATIFANE GERARD,DIATTA,H,05/09/03,DIEMBERING HALOUDIA,ba5f3949-1ae7-438a-accd-ba6081488e49
9373f50c01184cedb24b0fc11dc7c350,T_W2F8D,SONA,COLY,F,20/03/04,Colomba,ba5f3949-1ae7-438a-accd-ba6081488e49
36ab01d2712e4bc193794879e2e859c0,T_8W9JH,MAMADOU LAMINE,GOUDIABY,H,29/01/07,BIGNONA,c12b5b2d-8b8b-4274-9fbd-8d38d7bca536
d97bfed233b146bf969ee404cd93de81,4XURVTMC,FATOUMATA YOUSSOUPH,DIASSY,F,25/09/11,BIGNONA,3778ae72-a8dc-4f7e-912e-50c1b49d0c97
08091212abe14e00bb33c5e6fa912e21,9UYDB8WY,SEYNABOU,BADJI,F,07/07/09,BIGNONA,3778ae72-a8dc-4f7e-912e-50c1b49d0c97
63023c42e8c04253884e44411aee1fd1,3BEDQTQE,FANSEYNI,FATY,F,12/12/07,BIGNONA,18f98f31-a476-4844-8c98-fd5458b9713f
4ea36a61449d46238927c3a485a4a73f,6AADC63K,AMINATA,GOUDIABY,F,16/12/10,ZIGUINCHOR,3778ae72-a8dc-4f7e-912e-50c1b49d0c97
ab54ee25dab7416aaddec9f9f690ee15,3XXH9DJU,LAMINE,SANE,H,28/10/10,KOLDA,2ca38955-1375-4f48-9d0f-5776d5f35aaa
0ac2d14e1be54c5e9324ce3034af6bfa,T_9F7G8,MORY LAMANE,SOW,H,11/02/06,BIGNONA,89bcf47f-c492-4d35-976d-7a5035097b7a
b4249a6bf2974d308ee58120690584d2,T_RBCCH,BABACAR DIANGANE THIAM,NDIAYE,H,04/03/06,BIGNONA,e3d13f36-bd71-4331-a639-466801f7abb5
a97d12ac1c404614a666a3721c3d7388,T_UBJUU,THERESE,SAMBOU,F,24/06/05,BIGNONA,3778ae72-a8dc-4f7e-912e-50c1b49d0c97
fcc29a1de56e4fa19e0ea9034982fef7,3JPR3GXU,AWA,BADJI,F,13/11/08,SINDIAN,c12b5b2d-8b8b-4274-9fbd-8d38d7bca536
d844c2a70e06410c956ac615860ec924,T_FTNE8,PENDA,KANDE,F,07/12/10,KOLDA,3778ae72-a8dc-4f7e-912e-50c1b49d0c97
14721ee576fd4160a77386f38826b6ae,T_HH2BJM,KHADIDIATOU,DIONE,F,12/11/10,SINDIAN,18f98f31-a476-4844-8c98-fd5458b9713f
fe8520329c7743a9b5429a5c819c913b,T_MBTD4,PHILIBERT ACHILE,COLY,H,12/05/04,SOUTOU,89bcf47f-c492-4d35-976d-7a5035097b7a
b9284e52e8034784918815f3465093e5,T_4AKV6,GLORIA,SAMBOU,F,26/02/04,Bignona,18f98f31-a476-4844-8c98-fd5458b9713f
e68b0286d0804f709f88af5f81be7f95,6RD9B6GN,MALICK,NIANG,H,02/07/09,BIGNONA,174c812e-2a3f-46ef-94d2-3c56c0cfa1e8
ee92c7cdeed54411b76646952102e8d6,3PPNBQ6D,AMINATA BADJI,DIALLO,F,24/08/11,BIGNONA,c12b5b2d-8b8b-4274-9fbd-8d38d7bca536
e35602ce66ae45c1a070b2b48f61c0c5,9Y7KUV3R,CHRISTINE,COLY,F,20/09/11,BIGNONA,2ca38955-1375-4f48-9d0f-5776d5f35aaa
748ac705bc3d4fdc918b574d312d56e4,8D3JA38M,ABSA DIOP,KAMARA,F,10/08/10,BIGNONA,e70b56e4-3115-4898-8e8d-236c0c5e5f86
d80ba8230d4d498e9522b8b1f052f264,T_NTDEN,MARIE THERESE SOLAOUTY,DIEDHIOU,H,20/06/03,BINDAGO,174c812e-2a3f-46ef-94d2-3c56c0cfa1e8
d794f6968c564e0898979472a6204a95,T_FAT4G,BINTOU,DIATTA,F,17/11/06,BIGNONA,3778ae72-a8dc-4f7e-912e-50c1b49d0c97
062fd4a0ce5f4e159feea16b04e94040,T_W6GKH,FATOUMATA,DJITE,F,15/01/07,BIGNONA,c12b5b2d-8b8b-4274-9fbd-8d38d7bca536
2ebee3de87c64f008f99a2350da71c99,T_R8NFA,ADAMA SEBASTIANA,COLY,F,10/05/13,BIGNONA,89bcf47f-c492-4d35-976d-7a5035097b7a
27024717747145a49b059f94f7df1ec7,4J68DHNQ,ABOUBACAR,KONTA,H,31/12/13,TANAFF,e3d13f36-bd71-4331-a639-466801f7abb5
dc97aaf5f3ed45998fbee562266f3f86,T_99D67,BLAISE JOSEPH,FATY,H,01/03/13,BIGNONA,18f98f31-a476-4844-8c98-fd5458b9713f
a5bcc5bb80c7489c8b96bea01d0a092a,T_KJA7C,MAIMOUNA,GOUDIABY,F,12/03/07,BIGNONA,39d4c182-823c-4af2-af40-6b4606efeece
9f9b19ccbd3b458c94fb5659e594b4a9,T_FDRTP,MOUSTAPHA,SANE,H,02/02/06,Bignona,18f98f31-a476-4844-8c98-fd5458b9713f
03edeb737b78419fa59890441f20e2c4,T_ACJTT,BIRANE,DIAGNE,H,30/12/09,BIGNONA,2ca38955-1375-4f48-9d0f-5776d5f35aaa
4c66283292aa4bd98372e6915fd69c0d,T_A73KB,NDEYE SIRE,CAMARA,F,08/11/06,BIGNONA,e70b56e4-3115-4898-8e8d-236c0c5e5f86
4bd8d763e29e4ec08ab3e4845dc8f936,T_NW6K7,KEWE,LOUM,F,08/03/10,BIGNONA,174c812e-2a3f-46ef-94d2-3c56c0cfa1e8
7ac614b59c72445fb9c3f620d945a7a7,4CJGYJDM,CHERIF ALIOU,SEYDI,H,09/10/06,ZIGUINCHOR,c12b5b2d-8b8b-4274-9fbd-8d38d7bca536
876bdd47b0e941b1a35bab2db3853e0e,9XCCADKG,SOUKAYNA,BADJI,F,06/09/08,BIGNONA,3778ae72-a8dc-4f7e-912e-50c1b49d0c97
02d01ad60baa4b6dac7926be9b3d8782,8YERRVAP,KHADIDIATOU,MANGA,F,13/12/11,BIGNONA,e70b56e4-3115-4898-8e8d-236c0c5e5f86
1ecd2cebdf624683bd525e52aa44dcd4,7MCTYXWY,AMETH,MANGA,H,08/10/08,BIGNONA,2ca38955-1375-4f48-9d0f-5776d5f35aaa
27dc538753ce4757bb07a9c502924e96,T_E7VUD,CHANTAL AMELIE,BADJI,F,17/09/06,BIGNONA,3778ae72-a8dc-4f7e-912e-50c1b49d0c97
5315fe3e2d4d432f92dd1de2e842e07c,T_CAF4E,NDEYE AMY,GASSAMA,F,28/11/06,BIGNONA,2ca38955-1375-4f48-9d0f-5776d5f35aaa
b674f5deca5a407b9d18df86f8f105e9,T_AGRUW,SAMUEL DOMINIQUE,BADIANE,H,23/01/07,BIGNONA,ba5f3949-1ae7-438a-accd-ba6081488e49
d35e4d5ed6f24d0ea6d9fa8f3259a9f6,8HXRTU3F,BINTA,SAGNA,F,26/01/10,KAFOUNTINE,e70b56e4-3115-4898-8e8d-236c0c5e5f86
f6d1476634304f38b2de9434e6827b84,9RWFGQYD,ADAMA,FALL,F,09/08/12,BIGNONA,e3d13f36-bd71-4331-a639-466801f7abb5
8994ac6a19a1407fb122af83dc65e82e,T_J4NN8,ISMAILA,DIEME,H,20/02/06,BIGNONA,89bcf47f-c492-4d35-976d-7a5035097b7a
65be76fca304419bb99ced77084b42ae,7K8833XJ,CLARISSE CECILE,COLY,F,08/08/11,BIGNONA,e70b56e4-3115-4898-8e8d-236c0c5e5f86
004a00b43a07406e81ce78afac6236b5,7QV3ERT4,BINTA,DANSO,F,17/04/10,BIGNONA,18f98f31-a476-4844-8c98-fd5458b9713f
8c913036f2854c8eb4ed8f3213505cac,T_WHKRGM,FATOU,SONKO,F,05/08/12,BIGNONA,e3d13f36-bd71-4331-a639-466801f7abb5
1992282d76874d088c54d695f72f87c8,T_3WWPD,PATRICE,DIATTA,H,19/01/02,KAHEME,2ca38955-1375-4f48-9d0f-5776d5f35aaa
b00a628f6d5b4e80aa43e8b30e02dd00,T_KAPU2,JEAN MARCEL,COLY,H,22/11/04,BIGNONA,c12b5b2d-8b8b-4274-9fbd-8d38d7bca536
4da2f108e7c441d19c166ee7caa80ce3,T_9VV78,BOUBACAR ZEIDY,DIALLO,H,13/11/10,TENGHORI,39d4c182-823c-4af2-af40-6b4606efeece
20bb96adf8d3460a8273ccc7e52ec2fb,7HDTKKJ9,YOUSSOUPH,MANGA,H,03/03/06,BIGNONA,89bcf47f-c492-4d35-976d-7a5035097b7a
defdf256674d42d8800f3986ab3fd5b7,4G8TBKTX,BOUBACAR,AW,H,06/02/12,BIGNONA,c12b5b2d-8b8b-4274-9fbd-8d38d7bca536
e55e3db9e4ca456ba1df799fe98807ba,4V8KRNB8,SOHNA SARATA,SANE,F,18/05/09,BIGNONA,c12b5b2d-8b8b-4274-9fbd-8d38d7bca536
